board,job_id,url,title,company,location,country,salary,currency,degree_required,eu_passport_required,contract_length,start_date,apply_email,apply_url,posted_date,description,raw
anesl,2017021315145293055,https://cafe.anesl.com/jobdetail.aspx?id=2017021315145293055,"German Trainer related to auto needed at Daxing, Beijing",,Yizhuang Daxing District Beijing,China,15000-30000,RMB,Bachelor,,,Anytime,hr@anesl.com,,2024/3/28,,"Position ID: BJ9439
Employer’s Type: Private Company
Job’s Type: Teaching Job
Location: Yizhuang Daxing District Beijing
Start Date: From: Anytime At least 10 Months
Vacancy: 2
Update: 2024/3/28
Labels of this Job: Tourist City International Metropolis City
Degree: Bachelors/ Degree or Above
Age: From: 25 To: 60 years old
Work Experience: at least 1 years
Nationality: Germany,
Specialty: Auto is preferred
Gender: Unrequired
Salary/M: From RMB: 15000 To RMB: 30000
Period/week: Teaching hours: 20 Office working Hours: 20
Student’s age: from: 12 to: 50 years old
Airfare: RMB /Year
Travel Allowance: RMB Year
Telephone Allowance: RMB /Year
Medical/Insurance: RMB 0 /Year
Allowance Apartment: Private Apartment
Apartment Detail: Internet,Private Bedroom , TV,Private Kitchen ,Air Conditioning/ Heating,Private Bathroom,Furniture Water ,Washing Machine ,Electricity,Refrigerator,Gas ,
Contact Person: Mr.Corey Yang
Tel No.: +86-10-51663658
E-Mail: hr@anesl.com"
anesl,20251117180722299,https://cafe.anesl.com/jobdetail.aspx?id=20251117180722299,"Nationality unrequired, University Artificial Intelligence Lecturers, Foshan & Guangzhou, Guangdong",,"Foshan, Guangdong",China,25000-33000,RMB,PhD,,,Anytime,hr@anesl.com,,2026/4/9,,"Position ID: GD3903
Employer’s Type: Public University
Job’s Type: Teaching Job
Location: Foshan Guangdong
Start Date: From: Anytime At least 6 Months
Vacancy: 5
Update: 2026/4/9
Labels of this Job: Tourist City International Metropolis City Famous Universities/Schools China 211 University Provide Residence Permit,Work Visa and Work Permit for Education
Special Note: Probation period: 30 days
Degree: Only PhD/Doctorate or Above
Age: Only From: 20 To: 65 years old
Work Experience: Only at least 2 years
Nationality: Canada,United Kingdom,United States,Australia,New Zealand,Ireland,South Africa,
Specialty: Unrequired
Gender: Unrequired
Salary/M: From RMB: 25000 To RMB: 33000
Period/week: Teaching hours: 18 Office working Hours: 5
Student’s age: from: 18 to: 25 years old
Airfare: RMB 10000 /Year
Travel Allowance: None Year
Telephone Allowance: RMB /Year
Medical/Insurance: RMB 1360 /Year
Allowance Apartment: Private Apartment
Contact Person: Mr.Corey Yang
Tel No.: +86-10-51663658
E-Mail: hr@anesl.com"
anesl,20150414125519566,https://cafe.anesl.com/jobdetail.aspx?id=20150414125519566,"Nationality Unrequired, Mathematics/Physics/Chemistry/Economics/Accounting Lecturers needed",,"Changzhou, Jiangsu",China,25000-30000,RMB,Bachelor,,at least 10 months,Anytime,hr@anesl.com,,2025/11/10,,"Position ID: JS9932
Employer’s Type: Public International School
Job’s Type: Teaching Job
Location: Changzhou Jiangsu
Start Date: From: Anytime At least 10 Months
Vacancy: 4
Update: 2025/11/10
Labels of this Job: Coastal City Small City Provide Residence Permit,Work Visa and Work Permit for Education Nationality Unrequired
Special Note: Probation period: 90 days
Degree: Only Bachelors/ Degree or Above
Age: Only From: 25 To: 60 years old
Work Experience: Only at least 2 years
Nationality: Canada,United Kingdom,United States,Australia,New Zealand,China,
Specialty: Unrequired
Gender: Unrequired
Statements: Teachers with A-level, AP or IB experience are preferred. At least one-year duration.
Salary/M: From RMB: 25000 To RMB: 30000
Period/week: Teaching hours: 18 Office working Hours: 0
Student’s age: from: 16 to: 19 years old
Course: A-Leve Other2
Course Statements: Australian National Curriculum Year 11 to Year 12, AP.Teaching high school grade 11 to 12 courses (Pre-University);South Australian Certificate of Education (SACE International) Program.
Airfare: RMB /Year
Airfare Statements: Round way tickets
Travel Allowance: RMB Year
Telephone Allowance: RMB /Year
Medical/Insurance: RMB 300000 /Year
Allowance Apartment: Private Apartment
Contact Person: Mr.Corey Yang
Tel No.: +86-10-51663658
E-Mail: hr@anesl.com"
anesl,20231110162802085,https://cafe.anesl.com/jobdetail.aspx?id=20231110162802085,"Nationality Unrequired,Aircraft Maintenance teachers needed at Guangzhou, Guangdong",,"Guangzhou, Guangdong",China,25000-40000,RMB,Bachelor,,,Anytime,hr@anesl.com,,2025/5/22,,"Position ID: GD1252
Employer’s Type: Public University
Job’s Type: Teaching Job
Location: Guangzhou Guangdong
Start Date: From: Anytime At least 6 Months
Vacancy: 5
Update: 2025/5/22
Labels of this Job: Tourist City International Metropolis City Provide Residence Permit,Work Visa and Work Permit for Education
Special Note: Probation period: 30 days
Degree: Only Bachelors/ Degree or Above
Age: Only From: 20 To: 60 years old
Work Experience: Only at least 2 years
Nationality: Canada,United Kingdom,United States,Australia,New Zealand,Ireland,
Specialty: Unrequired
Gender: Unrequired
Salary/M: From RMB: 25000 To RMB: 40000
Period/week: Teaching hours: 18 Office working Hours: 0
Student’s age: from: 18 to: 25 years old
Course Statements: Courses: 
Basic Aircraft Electricity(DC)，
Basic Aircraft Electricity(AC)，
Electronic Circuits & Communication Systems，
Digital & Microcomputer Techniques， 
Aircraft Science and Aerodynamics，
Aircraft Handling Procedures，
Aircraft Drawings，
Aircraft Wood, Tubular, and Fabric Repair，
Technical Writing
Airfare: RMB 8000 /Year
Travel Allowance: RMB 2200 Year
Telephone Allowance: RMB /Year
Medical/Insurance: RMB 1360 /Year
Allowance Apartment: Private Apartment
Apartment Detail: Computer,Office,Internet,Private Bedroom , TV,Private Kitchen ,Air Conditioning/ Heating,Private Bathroom,Phone,Furniture Water ,Washing Machine ,Electricity,Refrigerator,Gas ,
Contact Person: Mr.Corey Yang
Tel No.: +86-10-51663658
E-Mail: hr@anesl.com"
anesl,20241230155931728,https://cafe.anesl.com/jobdetail.aspx?id=20241230155931728,OCT courses: Science/Mathematics/Humanities and Social sciences Teachers needed,,"Nanjing, Jiangsu",China,27000-30000,RMB,Bachelor,,10 months,Anytime,hr@anesl.com,,2024/12/30,,"Position ID: JS0643
Employer’s Type: Private International School
Job’s Type: Teaching Job
Location: Nanjing Jiangsu
Start Date: From: Anytime At least 10 Months
Vacancy: 5
Update: 2024/12/30
Labels of this Job: Provide Residence Permit,Work Visa and Work Permit for Education
Special Note: Probation period: 30 days
Degree: Only Bachelors/ Degree or Above
Age: Only From: 20 To: 60 years old
Work Experience: Only at least 2 years
Nationality: Canada,United Kingdom,United States,Australia,New Zealand,Ireland,South Africa,
Specialty: Unrequired
Gender: Unrequired
Salary/M: From RMB: 27000 To RMB: 30000
Period/week: Teaching hours: 18 Office working Hours: 5
Student’s age: from: 12 to: 19 years old
Course: Mathematical Science Natural Science
Airfare: RMB /Year
Travel Allowance: RMB Year
Telephone Allowance: RMB /Year
Medical/Insurance: RMB 1360 /Year
Allowance Apartment: Private Apartment
Apartment Detail: Computer,Office,Internet,Private Bedroom , TV,Private Kitchen ,Air Conditioning/ Heating,Private Bathroom,Phone,Furniture Water ,Washing Machine ,Electricity,Refrigerator,Gas ,
Contact Person: Mr.Corey Yang
Tel No.: +86-10-51663658
E-Mail: hr@anesl.com"
anesl,20240709142126777,https://cafe.anesl.com/jobdetail.aspx?id=20240709142126777,"Canadian International School, English Teachers needed in Nanjing, Jiangsu",Canadian International School,"Nanjing, Jiangsu",China,27000-30000,RMB,Bachelor,,,Anytime,hr@anesl.com,,2024/7/9,,"Position ID: JS0642
Employer’s Type: Private International School
Job’s Type: Teaching Job
Location: Nanjing Jiangsu
Start Date: From: Anytime At least 6 Months
Vacancy: 5
Update: 2024/7/9
Labels of this Job: Provide Residence Permit,Work Visa and Work Permit for Education
Special Note: Probation period: 30 days
Degree: Only Bachelors/ Degree or Above
Age: Only From: 20 To: 60 years old
Work Experience: Only at least 2 years
Nationality: Only Canada,United Kingdom,United States,Australia,New Zealand,Ireland,South Africa,
Specialty: Unrequired
Gender: Unrequired
Salary/M: From RMB: 27000 To RMB: 30000
Period/week: Teaching hours: 40 Office working Hours: 0
Student’s age: from: 15 to: 19 years old
Airfare: RMB /Year
Travel Allowance: RMB Year
Telephone Allowance: RMB /Year
Medical/Insurance: RMB 1360 /Year
Allowance Apartment: Private Apartment
Apartment Detail: Computer,Office,Internet,Private Bedroom , TV,Private Kitchen ,Air Conditioning/ Heating,Private Bathroom,Phone,Furniture Water ,Washing Machine ,Electricity,Refrigerator,Gas ,
Statements: Candidates with a Canadian teaching certificate (especially an Ontario teaching certificate) are preferred
Contact Person: Mr.Corey Yang
Tel No.: +86-10-51663658
E-Mail: hr@anesl.com"
anesl,20240524161451075,https://cafe.anesl.com/jobdetail.aspx?id=20240524161451075,"International Kindergarten, Kids English Teachers needed at Beijing",,Haidian District Beijing,China,32000-35000,RMB,Bachelor,,,Anytime,hr@anesl.com,,2024/5/24,,"Position ID: BJ1301
Employer’s Type: Private Kindergarten
Job’s Type: Teaching Job
Location: Haidian District Beijing
Start Date: From: Anytime At least 6 Months
Vacancy: 5
Update: 2024/5/24
Labels of this Job: International Metropolis City Provide Residence Permit,Work Visa and Work Permit for Education
Special Note: Probation period: 30 days
Degree: Only Bachelors/ Degree or Above
Age: Only From: 20 To: 60 years old
Work Experience: Only at least 2 years
Nationality: Only Canada,United Kingdom,United States,Australia,New Zealand,Ireland,South Africa,
Specialty: Unrequired
Gender: Unrequired
Salary/M: From RMB: 32000 To RMB: 35000
Period/week: Teaching hours: 40 Office working Hours: 0
Student’s age: from: 3 to: 6 years old
Airfare: RMB 10000 /Year
Travel Allowance: RMB Year
Telephone Allowance: RMB /Year
Medical/Insurance: RMB 1360 /Year
Allowance Apartment: Private Apartment
Contact Person: Mr.Corey Yang
Tel No.: +86-10-51663658
E-Mail: hr@anesl.com"
anesl,20240524120945034,https://cafe.anesl.com/jobdetail.aspx?id=20240524120945034,"International School, English Music Teachers needed in Wuhan, Hubei",,"Wuhan, Hubei",China,32000-36000,RMB,Bachelor,,,Anytime,HR@anesl.com,,2024/5/24,,"Position ID: HUB2823
Employer’s Type: Private Foreign Languge School
Job’s Type: Teaching Job
Location: Wuhan Hubei
Start Date: From: Anytime At least 6 Months
Vacancy: 3
Update: 2024/5/24
Labels of this Job: International Metropolis City Provide Residence Permit,Work Visa and Work Permit for Education
Special Note: Probation period: 30 days
Degree: Only Bachelors/ Degree or Above
Age: Only From: 20 To: 60 years old
Work Experience: Only at least 2 years
Nationality: Only Canada,United Kingdom,United States,Australia,New Zealand,Ireland,South Africa,
Specialty: Unrequired
Gender: Unrequired
Salary/M: From RMB: 32000 To RMB: 36000
Period/week: Teaching hours: 30 Office working Hours: 10
Student’s age: from: 6 to: 12 years old
Airfare: RMB /Year
Travel Allowance: RMB Year
Telephone Allowance: RMB /Year
Medical/Insurance: RMB 1360 /Year
Allowance Apartment: Private Apartment
Contact Person: Mr.Corey Yang
Tel No.: +86-10-51663658
E-Mail: hr@anesl.com"
anesl,20190307154701478,https://cafe.anesl.com/jobdetail.aspx?id=20190307154701478,"Assistant and Professors Needed in Famous University, Shenzhen, Guangdong",,"Shenzhen, Guangdong",China,24000-40000,RMB,PhD,,,Anytime,hr@anesl.com,,2024/5/23,,"Position ID: GD1081
Employer’s Type: Public University
Job’s Type: Teaching Job
Location: Shenzhen Guangdong
Start Date: From: Anytime At least 10 Months
Vacancy: 5
Update: 2024/5/23
Labels of this Job: Tourist City International Metropolis City Famous Universities/Schools Coastal City China 211 University Provide Residence Permit,Work Visa and Work Permit for Education
Degree: Only PhD/Doctorate or Above
Age: Only From: 20 To: 60 years old
Work Experience: Only at least 2 years
Nationality: Only Canada,United Kingdom,United States,Australia,New Zealand,Ireland,
Specialty: Unrequired
Gender: Unrequired
Statements: The annual salary is about RMB240,000 for an  assistant professor, RMB300,000 for an associated professor, RMB400,000 for a professor.
Salary/M: From RMB: 24000 To RMB: 40000
Period/week: Teaching hours: 18 Office working Hours: 22
Student’s age: from: 20 to: 60 years old
Course: Llistening, Speaking, Reading and Writing American and British Culture Physics Chemistry Mathematical Economics Science Biology Dance Natural Science Sports IELTS TOEFL A-Leve SAT History IT Software Medicine Montessori Nursing Geography Law Other2 Other1 Global Assessment Certificate
Airfare: RMB /Year
Airfare Statements: Negotiable.
Travel Allowance: RMB Year
Telephone Allowance: RMB /Year
Medical/Insurance: RMB 0 /Year
Allowance Apartment: Private Apartment
Apartment Detail: Computer,Office,Internet,Private Bedroom , TV,Private Kitchen ,Air Conditioning/ Heating,Private Bathroom,Phone,Furniture Water ,Washing Machine ,Electricity,Refrigerator,Gas ,
Contact Person: Mr.Corey Yang
Tel No.: +86-10-51663658
E-Mail: hr@anesl.com"
anesl,20240523180418250,https://cafe.anesl.com/jobdetail.aspx?id=20240523180418250,"International School, Head of English Department needed in Shenzhen, Guangdong",,"Shenzhen, Guangdong",China,30000-50000,RMB,Bachelor,,,Anytime,hr@anesl.com,,2024/5/23,,"Position ID: GD1441
Employer’s Type: Private International School
Job’s Type: Teaching Job
Location: Shenzhen Guangdong
Start Date: From: Anytime At least 10 Months
Vacancy: 5
Update: 2024/5/23
Labels of this Job: Tourist City International Metropolis City Coastal City Provide Residence Permit,Work Visa and Work Permit for Education
Special Note: Probation period: 30 days
Degree: Only Bachelors/ Degree or Above
Age: Only From: 20 To: 60 years old
Work Experience: Only at least 2 years
Nationality: Only Canada,United Kingdom,United States,Australia,New Zealand,Ireland,South Africa,
Specialty: Unrequired
Gender: Unrequired
Salary/M: From RMB: 30000 To RMB: 50000
Period/week: Teaching hours: 20 Office working Hours: 20
Student’s age: from: 6 to: 12 years old
Airfare: RMB /Year
Travel Allowance: RMB Year
Telephone Allowance: RMB /Year
Medical/Insurance: RMB 1360 /Year
Allowance Apartment: Private Apartment
Contact Person: Mr.Corey Yang
Tel No.: +86-10-51663658
E-Mail: hr@anesl.com"
anesl,20170926083910163,https://cafe.anesl.com/jobdetail.aspx?id=20170926083910163,"Chemistry,Physics,Mathematics,Biology,Economic Teachers needed at International School, Suzhou",,"Suzhou, Jiangsu",China,23000-35000,RMB,Masters,,10 months,Anytime,hr@anesl.com,,2024/5/10,,"Position ID: JS7871
Employer’s Type: Private International School
Job’s Type: Teaching Job
Location: Suzhou Jiangsu
Start Date: From: Anytime At least 10 Months
Vacancy: 8
Update: 2024/5/10
Labels of this Job: Tourist City Provide Residence Permit,Work Visa and Work Permit for Education Nationality Unrequired
Special Note: Probation period: 30 days
Degree: Only Masters/ Post Graduate or Above
Age: Only From: 20 To: 55 years old
Work Experience: Only at least 2 years
Nationality: Canada,United Kingdom,United States,Australia,New Zealand,Ireland,South Africa,
Specialty: Unrequired
Gender: Unrequired
Statements: Only need Economics, Chemistry and Mathematics teachers for March, 2019
Salary/M: From RMB: 23000 To RMB: 35000
Period/week: Teaching hours: 20 Office working Hours: 20
Student’s age: from: 12 to: 19 years old
Course: Physics Chemistry Mathematical Economics Biology A-Leve
Course Statements: All courses are prepared for CIE(Cambridge International Examinations). Candidates who has no related teaching experience will feel labored to teach those subjects. We won't suggest to apply this position.
Airfare: RMB 10000 /Year
Travel Allowance: RMB Year
Telephone Allowance: RMB /Year
Medical/Insurance: RMB 1360 /Year
Allowance Apartment: Private Apartment
Apartment Detail: Computer,Office,Internet,Private Bedroom , TV,Private Kitchen ,Air Conditioning/ Heating,Private Bathroom,Phone,Furniture Water ,Washing Machine ,Electricity,Refrigerator,Gas ,
Contact Person: Mr.Corey Yang
Tel No.: +86-10-51663658
E-Mail: hr@anesl.com"
anesl,20181221175043855,https://cafe.anesl.com/jobdetail.aspx?id=20181221175043855,Cambridge English Teachers needed at International School in Suzhou,,Suzhou Jiangsu,China,23000-35000,RMB,Masters,,,Anytime,hr@anesl.com,,2024/5/10,,"Position ID: JS7872
Employer’s Type: Private International School
Job’s Type: Teaching Job
Location: Suzhou Jiangsu
Start Date: From: Anytime At least 10 Months
Vacancy: 1
Update: 2024/5/10
Labels of this Job: Tourist City Provide Residence Permit,Work Visa and Work Permit for Education
Special Note: Probation period: 30 days
Degree: Only Masters/ Post Graduate or Above
Age: Only From: 25 To: 55 years old
Work Experience: Only at least 2 years
Nationality: Only Canada,United Kingdom,United States,Australia,New Zealand,Ireland,South Africa,
Specialty: Unrequired
Gender: Unrequired
Salary/M: From RMB: 23000 To RMB: 35000
Period/week: Teaching hours: 20 Office working Hours: 20
Student’s age: from: 6 to: 12 years old
Course: Other1
Course Statements: Cambridge English for elementary students
Airfare: RMB 10000 /Year
Travel Allowance: RMB Year
Telephone Allowance: RMB /Year
Medical/Insurance: RMB 2000 /Year
Medical/Insurance Allowance: Provided from school
Allowance Apartment: Private Apartment
Apartment Detail: Computer,Office,Internet,Private Bedroom , TV,Private Kitchen ,Air Conditioning/ Heating,Private Bathroom,Phone,Furniture Water ,Washing Machine ,Electricity,Refrigerator,Gas ,
Statements: Free private apartment provided in campus. Teachers should pay foe their own water and electricity bills
Contact Person: Mr.Corey Yang
Tel No.: +86-10-51663658
E-Mail: hr@anesl.com"
anesl,20240429064104162,https://cafe.anesl.com/jobdetail.aspx?id=20240429064104162,"Software Engineering, Ai Robotics, Microelectronics Lecturers needed at Shenzhen, Guangdong",Public University,"Shenzhen, Guangdong",China,15000-50000,RMB,Master,,,Anytime,hr@anesl.com,,2024/4/29,,"Position ID: GD0702
Employer’s Type: Public University
Job’s Type: Teaching Job
Location: Shenzhen Guangdong
Start Date: From: Anytime At least 6 Months
Vacancy: 5
Update: 2024/4/29
Labels of this Job: International Metropolis City Coastal City Provide Residence Permit,Work Visa and Work Permit for Education
Special Note: Probation period: 30 days
Degree: Only Masters/ Post Graduate or Above
Age: Only From: 20 To: 60 years old
Work Experience: Only at least 2 years
Nationality: Canada,United Kingdom,United States,Australia,New Zealand,Ireland,South Africa,
Specialty: Unrequired
Gender: Unrequired
Salary/M: From RMB: 15000 To RMB: 50000
Period/week: Teaching hours: 18 Office working Hours: 5
Student’s age: from: 18 to: 25 years old
Airfare: RMB 8000 /Year
Travel Allowance: RMB 2000 Year
Telephone Allowance: RMB /Year
Medical/Insurance: RMB 1360 /Year
Allowance Apartment: Private Apartment
Apartment Detail: Computer,Office,Internet,Private Bedroom , TV,Private Kitchen ,Air Conditioning/ Heating,Private Bathroom,Phone,Furniture Water ,Washing Machine ,Electricity,Refrigerator,Gas ,
Contact Person: Mr.Corey Yang
Tel No.: +86-10-51663658
E-Mail: hr@anesl.com"
anesl,20150317132200698,https://cafe.anesl.com/jobdetail.aspx?id=20150317132200698,"Kindergarten Montessori Teachers needed at Changning District,Shanghai",,"Changning District, Shanghai",China,25000-30000,RMB,Bachelor,,10 months,Anytime,hr@anesl.com,,2024/4/26,,"Position ID: SH8811
Employer’s Type: Public Kindergarten
Job’s Type: Teaching Job
Location: Changning District Shanghai
Start Date: From: Anytime At least 10 Months
Vacancy: 3
Update: 2024/4/26
Labels of this Job: Tourist City International Metropolis City Ancient City of Culture Famous Universities/Schools Coastal City Provide Residence Permit,Work Visa and Work Permit for Education
Special Note: Probation period: 30 days
Degree: Only Bachelors/ Degree or Above
Age: Only From: 25 To: 45 years old
Work Experience: Only at least 2 years
Nationality: Only Canada,United Kingdom,United States,Australia,New Zealand,Ireland,
Specialty: Montessori
Gender: Unrequired
Salary/M: From RMB: 25000 To RMB: 30000
Period/week: Teaching hours: 20 Office working Hours: 20
Student’s age: from: 3 to: 6 years old
Airfare: RMB /Year
Airfare Statements: Round way
Travel Allowance: RMB 12000 Year
Telephone Allowance: RMB 600 /Year
Medical/Insurance: RMB 1368 /Year
Allowance Apartment: Private Apartment
Statements: Housing allowance of 7000 yuan a month
Contact Person: Mr.Corey Yang
Tel No.: +86-10-51663658
E-Mail: hr@anesl.com"
anesl,20220817144231122,https://cafe.anesl.com/jobdetail.aspx?id=20220817144231122,"University Economics Finance Acconuting and Business English Professor needed. Jinan, Shandong",,"Jinan, Shandong",China,15000-40000,RMB,Masters,,,Anytime,hr@anesl.com,,2022/9/5,,"Position ID: SD2153
Employer’s Type: Public University
Job’s Type: Teaching Job
Location: Jinan Shandong
Start Date: From: Anytime At least 6 Months
Vacancy: 5
Update: 2022/9/5
Labels of this Job: Provide Residence Permit,Work Visa and Work Permit for Education
Special Note: Probation period: 30 days
Degree: Only Masters/ Post Graduate or Above
Age: Only From: 20 To: 60 years old
Work Experience: Only at least 3 years
Nationality: Canada,United Kingdom,United States,Australia,New Zealand,Ireland,South Africa,
Specialty: Unrequired
Gender: Unrequired
Salary/M: From RMB: 15000 To RMB: 40000
Period/week: Teaching hours: 18 Office working Hours: 5
Student’s age: from: 0 to: 0 years old
Course: Economics
Course Statements: Economics Finance Acconuting and Business English
Airfare: RMB /Year
Travel Allowance: RMB Year
Telephone Allowance: RMB /Year
Medical/Insurance: RMB 1360 /Year
Allowance Apartment: Private Apartment
Apartment Detail: Computer,Office,Internet,Private Bedroom , TV,Private Kitchen ,Air Conditioning/ Heating,Private Bathroom,Phone,Furniture Water ,Washing Machine ,Electricity,Refrigerator,Gas ,
Contact Person: Mr.Corey Yang
Tel No.: +86-10-51663658
E-Mail: hr@anesl.com"
anesl,20191211191420756,https://cafe.anesl.com/jobdetail.aspx?id=20191211191420756,"USD80,000-120,000/Year, University ACCA and CIMA Professors needed at Shanghai",,"Songjiang District, Shanghai",China,50000-80000,RMB,PhD,,,Anytime,hr@anesl.com,,2021/4/11,,"Position ID: SH2238
Employer’s Type: Public University
Job’s Type: Teaching Job
Location: SongjiangDistrict Shanghai
Start Date: From: Anytime At least 6 Months
Vacancy: 3
Update: 2021/4/11
Labels of this Job: Tourist City International Metropolis City Famous Universities/Schools Coastal City Provide Residence Permit,Work Visa and Work Permit for Education
Special Note: Probation period: 90 days Sometime in the evening or weekend need to work.
Degree: Only PhD/Doctorate or Above
Age: Only From: 20 To: 60 years old
Work Experience: Only at least 10 years
Nationality: Only Canada,United Kingdom,United States,Australia,New Zealand,Ireland,South Africa,
Specialty: Unrequired
Gender: Unrequired
Salary/M: From RMB: 50000 To RMB: 80000
Period/week: Teaching hours: 18 Office working Hours: 0
Student’s age: from: 18 to: 25 years old
Course Statements: Course: ACCA Management Accounting,ACCA Financial Accounting,ACCA Performance Management,ACCA Taxation, ACCA Financial Reporting, ACCA Financial Management,ACCA Audit and Assurance、ACCA SBL,ACCA SBR, ACCA Advanced Financial Management,ACCA Advanced Performance Management,ACCA Advanced Taxation, ACCA Advanced Audit and Assurance, CIMA BA2, CIMA BA3,CIMA EI,CIMA E2,CIMA E3,CIMA FI,CIMA F2,CIMA F3,CIMA P1,CIMA P2, CIMA Operational level Case Study, CIMA Management level Case Study, CIMA Strategic level Case Study.
Airfare: RMB /Year
Travel Allowance: RMB Year
Telephone Allowance: RMB /Year
Medical/Insurance: RMB 1360 /Year
Allowance Apartment: Private Apartment
Contact Person: Mr.Corey Yang
Tel No.: +86-10-51663658
E-Mail: hr@anesl.com"
anesl,2021030522531940687,https://cafe.anesl.com/jobdetail.aspx?id=2021030522531940687,"Training Center, English teachers needed at chaoyang district, Beijing",,Wangjing Chaoyang District Beijing,China,20000-30000,RMB,Bachelor,,12 months,Anytime,hr@anesl.com,,2021/3/6,,"Position ID: BJ6181
Employer’s Type: Private Training Center
Job’s Type: Teaching Job
Location: Wangjing Chaoyang District Beijing
Start Date: From: Anytime At least 12 Months
Vacancy: 3
Update: 2021/3/6
Labels of this Job: Tourist City International Metropolis City Ancient City of Culture Provide Residence Permit,Work Visa and Work Permit for Education
Special Note: Probation period: 30 days Sometime in the evening or weekend need to work.
Degree: Only Bachelors/ Degree or Above
Age: From: 20 To: 50 years old
Work Experience: at least 2 years
Nationality: Canada,United Kingdom,United States,Australia,New Zealand,Ireland,South Africa,
Specialty: Unrequired
Gender: Unrequired
Salary/M: From RMB: 20000 To RMB: 30000
Period/week: Teaching hours: 70 Office working Hours: 40
Student’s age: from: 3 to: 12 years old
Course: Llistening, Speaking, Reading and Writing American and British Culture Other1
Airfare: None /Year
Travel Allowance: None Year
Telephone Allowance: None /Year
Medical/Insurance: RMB 0 /Year
Allowance Apartment: Private Apartment
Statements: All national holidays provided.
Contact Person: Mr.Corey Yang
Tel No.: +86-10-51663658
E-Mail: hr@anesl.com"
anesl,2021020816042347043,https://cafe.anesl.com/jobdetail.aspx?id=2021020816042347043,International kindergarten in Beijing  needs foreign teachers,,qingnian road Chaoyang District Beijing,China,18000-30000,RMB,Bachelor,,10 months,Anytime,hr@anesl.com,,2021/2/19,,"Position ID: BJ6288
Employer’s Type: Private Kindergarten
Job’s Type: Teaching Job
Location: qingnian road Chaoyang District Beijing
Start Date: From: Anytime At least 10 Months
Vacancy: 3
Update: 2021/2/19
Labels of this Job: Tourist City International Metropolis City Low consumption City Provide Residence Permit,Work Visa and Work Permit for Education
Degree: Bachelors/ Degree or Above
Age: From: 20 To: 60 years old
Work Experience: at least 1 years
Nationality: Only Canada,United Kingdom,United States,Australia,New Zealand,Ireland,South Africa,
Specialty: Unrequired
Gender: Unrequired
Salary/M: From RMB: 18000 To RMB: 30000
Period/week: Teaching hours: 20 Office working Hours: 20
Student’s age: from: 2 to: 6 years old
Course: Llistening, Speaking, Reading and Writing American and British Culture Other2
Airfare: RMB 10000 /Year
Travel Allowance: RMB 2200 Year
Telephone Allowance: None /Year
Medical/Insurance: RMB 0 /Year
Allowance Apartment: Share Apartment
Apartment Detail: Computer,Office,Internet,Private Bedroom , TV,Private Kitchen ,Air Conditioning/ Heating,Private Bathroom,Phone,Furniture Water ,Washing Machine ,Electricity,Refrigerator,Gas ,
Contact Person: Mr.Corey Yang
Tel No.: +86-10-51663658
E-Mail: hr@anesl.com"
anesl,2020090918441113017,https://cafe.anesl.com/jobdetail.aspx?id=2020090918441113017,"Primary School ESL teacher needed at Suqian, Jiangsu",,"Suqian, Jiangsu",China,15000-30000,RMB,Bachelor,,24 months,Anytime,hr@anesl.com,,2020/9/17,,"Position ID: JS7129
Employer’s Type: Private Elementary School
Job’s Type: Teaching Job
Location: Suqian Jiangsu
Start Date: From: Anytime At least 24 Months
Vacancy: 1
Update: 2020/9/17
Labels of this Job: Ancient City of Culture Small City Provide Residence Permit,Work Visa and Work Permit for Education
Special Note: Probation period: 60 days
Degree: Only Bachelors/ Degree or Above
Age: From: 20 To: 50 years old
Work Experience: at least 2 years
Nationality: Only Canada,United Kingdom,United States,Australia,New Zealand,Ireland,South Africa,
Specialty: Unrequired
Gender: Unrequired
Salary/M: From RMB: 15000 To RMB: 30000
Period/week: Teaching hours: 24 Office working Hours: 8
Student’s age: from: 6 to: 12 years old
Course: Llistening, Speaking, Reading and Writing
Airfare: RMB 12000 /Year
Travel Allowance: None 12000 Year
Telephone Allowance: None /Year
Medical/Insurance: RMB 15000 /Year
Allowance Apartment: Private Apartment
Apartment Detail: Computer,Office,Internet,Private Bedroom , TV,Private Kitchen ,Air Conditioning/ Heating,Private Bathroom,Phone,Furniture Water ,Washing Machine ,Electricity,Refrigerator,Gas ,
Statements: Free meals at school; Settlement Allowance is for 5000RMB; Tuition Waiver is for one child* per full-time teacher
Contact Person: Mr.Corey Yang
Tel No.: +86-10-51663658
E-Mail: hr@anesl.com"
anesl,2019111605492678870,https://cafe.anesl.com/jobdetail.aspx?id=2019111605492678870,"English Teachers needed at Tangshan, Hebei",,"City center Tangshan, Hebei",China,15000-30000,RMB,Bachelor,,10 months,Anytime,hr@anesl.com,,2019/11/16,,"Position ID: HEB5892
Employer’s Type: Private Training Center
Job’s Type: Teaching Job
Location: City center Tangshan Hebei
Start Date: From: Anytime At least 10 Months
Vacancy: 3
Update: 2019/11/16
Labels of this Job: Ancient City of Culture Low consumption City Coastal City Provide Residence Permit,Work Visa and Work Permit for Education
Special Note: Sometime in the evening or weekend need to work.
Degree: Only Bachelors/ Degree or Above
Age: From: 20 To: 60 years old
Work Experience: at least 2 years
Nationality: United Kingdom,United States,Australia,New Zealand,Ireland,South Africa,Central African Rep.,
Specialty: Unrequired
Gender: Unrequired
Statements: Native speaker, Two years of related working experience is needed if you do not have any English teaching certificate.
Salary/M: From RMB: 15000 To RMB: 30000
Period/week: Teaching hours: 20 Office working Hours: 30
Student’s age: from: 3 to: 8 years old
Course: Llistening, Speaking, Reading and Writing
Airfare: RMB 5000 /Year
Travel Allowance: None Year
Telephone Allowance: None /Year
Medical/Insurance: RMB 0 /Year
Allowance Apartment: Private Apartment
Contact Person: Mr.Corey Yang
Tel No.: +86-10-51663658
E-Mail: hr@anesl.com"
anesl,20191025074334055,https://cafe.anesl.com/jobdetail.aspx?id=20191025074334055,"English Teachers needed at Tangshan, Hebei",,"Tangshan, Hebei",China,12000-30000,RMB,Bachelor,,,Anytime,hr@anesl.com,,2019/10/25,,"Position ID: HEB5891
Employer’s Type: Private Training Center
Job’s Type: Teaching Job
Location: Tangshan Hebei
Start Date: From: Anytime At least 6 Months
Vacancy: 5
Update: 2019/10/25
Labels of this Job: Low consumption City Small City
Special Note: Probation period: 30 days
Degree: Only Bachelors/ Degree or Above
Age: Only From: 20 To: 60 years old
Work Experience: Only at least 2 years
Nationality: Canada,United Kingdom,United States,Australia,New Zealand,Ireland,South Africa,
Specialty: Unrequired
Gender: Unrequired
Salary/M: From RMB: 12000 To RMB: 30000
Period/week: Teaching hours: 20 Office working Hours: 5
Student’s age: from: 6 to: 12 years old
Airfare: RMB /Year
Travel Allowance: RMB Year
Telephone Allowance: RMB /Year
Medical/Insurance: RMB 0 /Year
Allowance Apartment: Private Apartment
Contact Person: Mr.Corey Yang
Tel No.: +86-10-51663658
E-Mail: hr@anesl.com"
anesl,20160824161501789,https://cafe.anesl.com/jobdetail.aspx?id=20160824161501789,"Kindergarten English Teachers needed in Suzhou,Jiangsu",,"Suzhou, Jiangsu",China,20000-30000,RMB,Bachelor,,10 months,Anytime,hr@anesl.com,,2019/7/29,,"Position ID: JS1391
Employer’s Type: Private Kindergarten
Job’s Type: Teaching Job
Location: Suzhou Jiangsu
Start Date: From: Anytime At least 10 Months
Vacancy: 5
Update: 2019/7/29
Labels of this Job: Tourist City Ancient City of Culture Provide Residence Permit,Work Visa and Work Permit for Education
Special Note: Probation period: 30 days
Degree: Only Bachelors/ Degree or Above
Age: Only From: 20 To: 50 years old
Work Experience: Only at least 2 years
Nationality: Only Canada,United Kingdom,United States,Australia,New Zealand,
Specialty: Unrequired
Gender: Unrequired
Statements: The salary is after tax.There will be other subsidy based on teachers' experience
Salary/M: From RMB: 20000 To RMB: 30000
Period/week: Teaching hours: 40 Office working Hours: 0
Student’s age: from: 3 to: 6 years old
Course: Llistening, Speaking, Reading and Writing
Airfare: RMB 8000 /Year
Airfare Statements: Reimbursed economy class airfare
Paid Holiday and Travel: 46 days paid holiday each year
Travel Allowance: RMB 2000 Year
Telephone Allowance: None /Year
Medical/Insurance: RMB 8000 /Year
Allowance Apartment: Private Apartment
Contact Person: Mr.Corey Yang
Tel No.: +86-10-51663658
E-Mail: hr@anesl.com"
anesl,2014110423125445229,https://cafe.anesl.com/jobdetail.aspx?id=2014110423125445229,"International School Foreign Headmaster NEEDED at Shunyi,Beijing",,Shunyi District Beijing,China,45000-50000,RMB,Masters,,24 months,Anytime,HR@anesl.com,,2018/12/16,,"Position ID: BJ3022
Employer’s Type: Private International School
Job’s Type: Non-Teaching Job
Location: Shunyi District Beijing
Start Date: From: Anytime At least 24 Months
Vacancy: 1
Update: 2018/12/16
Labels of this Job: Tourist City International Metropolis City Ancient City of Culture Famous Universities/Schools
Special Note: Probation period: 60 days Sometime in the evening or weekend need to work.
Degree: Only Masters/ Post Graduate or Above
Age: Only From: 40 To: 55 years old
Work Experience: Only at least 15 years
Nationality: Only United States,United Kingdom,Canada,Australia,New Zealand,Ireland,
Specialty: Educiton
Gender: Unrequired
Statements: Foreign HeadMaster needed. IBPYP-International Baccalaureate Primary Years Programme
Salary/M: From RMB: 45000 To RMB: 50000
Period/week: Teaching hours: 5 Office working Hours: 35
Student’s age: from: 6 to: 12 years old
Course: Llistening, Speaking, Reading and Writing American and British Culture Science Natural Science Sports Other1
Airfare: RMB 10000 /Year
Airfare Statements: International Airfare:  RMB10,000/Year
Travel Allowance: RMB 2200 Year
Telephone Allowance: RMB 600 /Year
Medical/Insurance: RMB 1680 /Year
Allowance Apartment: Private Apartment
Contact Person: Mr.Corey Yang
Tel No.: +86-10-51663658
E-Mail: hr@anesl.com"
anesl,20180917121833794,https://cafe.anesl.com/jobdetail.aspx?id=20180917121833794,"Middle School English Teachers needed at Hengshui,Hebei",,"Hengshui, Hebei",China,20000-30000,RMB,Bachelor,,,Anytime,hr@anesl.com,,2018/10/22,,"Position ID: HEB8251
Employer’s Type: Private International School
Job’s Type: Teaching Job
Location: Hengshui Hebei
Start Date: From: Anytime At least 6 Months
Vacancy: 5
Update: 2018/10/22
Labels of this Job: Tourist City Famous Universities/Schools Low consumption City Small City Provide Residence Permit,Work Visa and Work Permit for Education
Special Note: Probation period: 30 days
Degree: Only Bachelors/ Degree or Above
Age: Only From: 20 To: 60 years old
Work Experience: Only at least 2 years
Nationality: Only Canada,United Kingdom,United States,Australia,New Zealand,Ireland,South Africa,
Specialty: Unrequired
Gender: Unrequired
Salary/M: From RMB: 20000 To RMB: 30000
Period/week: Teaching hours: 20 Office working Hours: 0
Student’s age: from: 12 to: 19 years old
Airfare: RMB 8000 /Year
Travel Allowance: RMB 2200 Year
Telephone Allowance: RMB /Year
Medical/Insurance: RMB 1360 /Year
Allowance Apartment: Private Apartment
Apartment Detail: Computer,Office,Internet,Private Bedroom , TV,Private Kitchen ,Air Conditioning/ Heating,Private Bathroom,Phone,Furniture Water ,Washing Machine ,Electricity,Refrigerator,Gas ,
Contact Person: Mr.Corey Yang
Tel No.: +86-10-51663658
E-Mail: hr@anesl.com"
anesl,201801201036413949,https://cafe.anesl.com/jobdetail.aspx?id=201801201036413949,Teaching tests subjects(SAT/SSAT/ACT/IELTS/TOEFL) teachers Needed at Beijing,,"Shunyi District, Beijing",China,26000-30000,RMB,Bachelor,,,Anytime,hr@anesl.com,,2018/8/30,,"Position ID: BJ8412
Employer’s Type: Private Training Center
Job’s Type: Teaching Job
Location: yosemite Shunyi District Beijing
Start Date: From: Anytime At least 0 Months
Vacancy: 3
Update: 2018/8/30
Labels of this Job: International Metropolis City Ancient City of Culture Provide Residence Permit,Work Visa and Work Permit for Education
Special Note: Sometime in the evening or weekend need to work.
Degree: Bachelors/ Degree or Above
Age: From: 20 To: 60 years old
Work Experience: at least 1 years
Nationality: Only Canada,United Kingdom,United States,Australia,New Zealand,Ireland,
Specialty: Unrequired
Gender: Unrequired
Salary/M: From RMB: 26000 To RMB: 30000
Period/week: Teaching hours: 25 Office working Hours: 10
Student’s age: from: 18 to: 25 years old
Course: IELTS TOEFL A-Leve SAT
Airfare: RMB 10000 /Year
Travel Allowance: RMB 2200 Year
Telephone Allowance: None /Year
Medical/Insurance: RMB 0 /Year
Allowance Apartment: Private Apartment
Statements: Full time worker are needed, the salary and benifits would be: Salary & benifits 1, Teaching written and spoken English : ￥16000 to ￥20000+; 2, Teaching tests subjects(SAT/SSAT/ACT/IELTS/TOEFL): ￥25000 to ￥30000+; 3, We offer work visa; 4, We offer free accommodation close to the office, a 20 minutes walk. 5, A full year work will get a ￥5000 airplane ticket.
Contact Person: Mr.Corey Yang
Tel No.: +86-10-51663658
E-Mail: hr@anesl.com"
seriousteachers,279967,https://www.seriousteachers.com/job_details/279967/0/,Online English Teacher - Remote Position Brazil,The Really Great Teacher Company,Online,Brazil,Negotiable,,Bachelor,,,January/February 2026,,https://www.seriousteachers.com/te2/Login/279967/22837,,"Required Degrees: Bachelor’s degree and 120-hour TEFL Certificate Fields of Expertise: ESL/EFL, ESL to Children, High School, Salary: Negotiable Details: Are you a fluent Portuguese speaker looking to fill your days with meaningful online English teaching? Introduction You love teaching English, but you’re seeking more opportunities to connect with students, advance your professional growth, and earn a supplemental income. What if you could do all this while working from home and setting your own schedule? Here’s how this role works for you: Flexible hours: Teach part-time (minimum 10 hrs/week) within service hours 06:00–20:00 ET (subject to Daylight Savings in ET/Miami). Peak hours: Monday to Thursday 16:00–20:00 ET. (Must work a minimum of 6 hours). Saturdays: Work at least 2 hours between 06:00–20:00 ET. Shift options: Monday & Wednesday OR Tuesday & Thursday OR both pairs (same working hours for each pair). Perfect for filling your days or evenings. Work from home: No commute, no stress. Teach from the comfort of your own space. Regular Students: Teach young learners/teens Professional growth: Access free training and development resources to enhance your teaching skills. Posit","Required Degrees: Bachelor’s degree and 120-hour TEFL Certificate Fields of Expertise: ESL/EFL, ESL to Children, High School, Salary: Negotiable Details: Are you a fluent Portuguese speaker looking to fill your days with meaningful online English teaching? Introduction You love teaching English, but you’re seeking more opportunities to connect with students, advance your professional growth, and earn a supplemental income. What if you could do all this while working from home and setting your own schedule? Here’s how this role works for you: Flexible hours: Teach part-time (minimum 10 hrs/week) within service hours 06:00–20:00 ET (subject to Daylight Savings in ET/Miami). Peak hours: Monday to Thursday 16:00–20:00 ET. (Must work a minimum of 6 hours). Saturdays: Work at least 2 hours between 06:00–20:00 ET. Shift options: Monday & Wednesday OR Tuesday & Thursday OR both pairs (same working hours for each pair). Perfect for filling your days or evenings. Work from home: No commute, no stress. Teach from the comfort of your own space. Regular Students: Teach young learners/teens Professional growth: Access free training and development resources to enhance your teaching skills. Position Details: Start Date: January/February 2026 Contract Type: Independent Service Provider with The Really Great Teacher Company. Minimum Qualifications: Fluent English (C1/C2 level) and Portuguese speaker. 3+ years of online or in-class English teaching experience. Accredited 120-hour+ TEFL/TESOL/CELTA certification Bachelor’s Degree in English, Translation, English Literature, or any other related field. Familiarity with CEFR and ESL assessments. Highly computer literate with excellent communication skills. Completed proficiency test from an accredited institution. If you do not have one, we will provide you with a proficiency test at an additional cost. Clean criminal record. Tech Requirements: PC: Intel® Core™ i5 CPU 2.40GHz (4 CPUs) or better, 8GB RAM or greater. Internet: Stable fiber connection (20 Mbps upload/download) via LAN cable. Backup Power: UPS with 4-5 hours of battery life (recommended for areas with frequent power interruptions). Equipment: Noise-cancelling headset, HD webcam (720p), and a quiet, well-lit teaching space."
seriousteachers,280351,https://www.seriousteachers.com/job_details/280351/0/,SOCIAL STUDIES TEACHER - GRADES 5 TO 9,Albanian International School,Tirana,Albania,Negotiable,,Bachelor,,,,,https://www.seriousteachers.com/te2/Login/280351/24828,,"Required Degrees: BA/BS Fields of Expertise: Elementary, Social Studies Teacher Salary: Negotiable Details: Fields of Expertise: Social Studies Teacher - Grades 5 to 9! About Us: Albanian International School is an international school located in Tirana, the capital city of Albania. We are seeking dedicated teachers who are flexible, motivated, and ready for the challenge of teaching multiple subjects in a classroom setting. Candidates should also be committed to supporting school growth through active involvement in the school community. Albanian International School has been operating for 14 years and is fully accredited by the Ministry of Education and Sport and by WASC (Western Association of Schools and Colleges). Minimum Job Requirements -BA or BS degree from an accredited university. -Original diploma and a copy of grade transcript signed by the University’s Dean and Rector. Previous teaching experience and/or valid teaching certification. Native-level fluency in English. Criminal record check issued by the applicant’s home country within the last 6 months (official government-issued document only). Job Benefits - Round-trip airfare to and from the country of origin (for for","Required Degrees: BA/BS Fields of Expertise: Elementary, Social Studies Teacher Salary: Negotiable Details: Fields of Expertise: Social Studies Teacher - Grades 5 to 9! About Us: Albanian International School is an international school located in Tirana, the capital city of Albania. We are seeking dedicated teachers who are flexible, motivated, and ready for the challenge of teaching multiple subjects in a classroom setting. Candidates should also be committed to supporting school growth through active involvement in the school community. Albanian International School has been operating for 14 years and is fully accredited by the Ministry of Education and Sport and by WASC (Western Association of Schools and Colleges). Minimum Job Requirements -BA or BS degree from an accredited university. -Original diploma and a copy of grade transcript signed by the University’s Dean and Rector. Previous teaching experience and/or valid teaching certification. Native-level fluency in English. Criminal record check issued by the applicant’s home country within the last 6 months (official government-issued document only). Job Benefits - Round-trip airfare to and from the country of origin (for foreign hires) - Rent-free modern apartment (teacher covers utilities and internet) - Medical insurance provided by the Albanian government - Work permit and visa tax fees covered by the school Residence permit provided! Headteacher Responsibilities - Promote school values, implement policies, and ensure a safe and inclusive environment - Lead teaching, curriculum development, and staff growth to maintain high academic standards - Foster positive school culture, student behaviour, and community engagement - Manage school resources effectively - Drive continuous school improvement and strategic planning - Ensure governance accountability and compliance with regulations"
seriousteachers,280321,https://www.seriousteachers.com/job_details/280321/0/,"PRESCHOOL, KINDERGARTEN & ELEMENTARY TEACHER",Albanian International School,Tirana,Albania,Negotiable,,Bachelor,,,,,https://www.seriousteachers.com/te2/Login/280321/24828,,"Fields of Expertise: Elementary, Kindergarten, Salary: Negotiable Details: Fields of Expertise: Elementary Teacher (PreK – Grade 4), French and Physical Education Teachers! About Us: Albanian International School is an international school located in Tirana, the capital city of Albania. We are seeking dedicated teachers who are flexible, motivated, and ready for the challenge of teaching multiple subjects in a classroom setting. Candidates should also be committed to supporting school growth through active involvement in the school community. Albanian International School has been operating for 14 years and is fully accredited by the Ministry of Education and Sport and by WASC (Western Association of Schools and Colleges). Minimum Job Requirements -BA or BS degree from an accredited university. -Original diploma and a copy of grade transcript signed by the University’s Dean and Rector. Previous teaching experience and/or valid teaching certification. Native-level fluency in English. Criminal record check issued by the applicant’s home country within the last 6 months (official government-issued document only). Job Benefits - Round-trip airfare to and from the country of origin (for","Fields of Expertise: Elementary, Kindergarten, Salary: Negotiable Details: Fields of Expertise: Elementary Teacher (PreK – Grade 4), French and Physical Education Teachers! About Us: Albanian International School is an international school located in Tirana, the capital city of Albania. We are seeking dedicated teachers who are flexible, motivated, and ready for the challenge of teaching multiple subjects in a classroom setting. Candidates should also be committed to supporting school growth through active involvement in the school community. Albanian International School has been operating for 14 years and is fully accredited by the Ministry of Education and Sport and by WASC (Western Association of Schools and Colleges). Minimum Job Requirements -BA or BS degree from an accredited university. -Original diploma and a copy of grade transcript signed by the University’s Dean and Rector. Previous teaching experience and/or valid teaching certification. Native-level fluency in English. Criminal record check issued by the applicant’s home country within the last 6 months (official government-issued document only). Job Benefits - Round-trip airfare to and from the country of origin (for foreign hires) - Rent-free modern apartment (teacher covers utilities and internet) - Medical insurance provided by the Albanian government - Work permit and visa tax fees covered by the school Residence permit provided! Headteacher Responsibilities - Promote school values, implement policies, and ensure a safe and inclusive environment - Lead teaching, curriculum development, and staff growth to maintain high academic standards - Foster positive school culture, student behaviour, and community engagement - Manage school resources effectively - Drive continuous school improvement and strategic planning - Ensure governance accountability and compliance with regulations"
seriousteachers,264966,https://www.seriousteachers.com/job_details/264966/0/,Teacher of English as a Foreign Language,Smith's School of Languages,Tirana,Albania,,,Bachelor,,,,,https://www.seriousteachers.com/te2/Login/264966/18661,,"Required Degrees: Degree Fields of Expertise: ESL/EFL, Smith's School of Languages Details: We require a mature and independent teacher for a new private Language school in the heart of the vibrant city of Tirana. A successful candidate should have some experience of exam preparation ( IELTS, TOEFL, Cambridge English). We will help with accommodation and all Visa requirements.","Required Degrees: Degree Fields of Expertise: ESL/EFL, Smith's School of Languages Details: We require a mature and independent teacher for a new private Language school in the heart of the vibrant city of Tirana. A successful candidate should have some experience of exam preparation ( IELTS, TOEFL, Cambridge English). We will help with accommodation and all Visa requirements."
seriousteachers,266206,https://www.seriousteachers.com/job_details/266206/0/,English Teacher for K 10-12,,Tirana,Albania,Negotiable,,Certificate,,1 academic year,,,https://www.seriousteachers.com/te2/Login/266206/19442,,"Required Degrees: Certificate in education/ESL/EFL Fields of Expertise: ESL/EFL, High School, Salary: Negotiable NY High School Details: English teachers for grades 10-12 is/are needed. Minimum requirement is a certificate in English teaching. Must be a serious person and must commit for at least an academic year.","Required Degrees: Certificate in education/ESL/EFL Fields of Expertise: ESL/EFL, High School, Salary: Negotiable NY High School Details: English teachers for grades 10-12 is/are needed. Minimum requirement is a certificate in English teaching. Must be a serious person and must commit for at least an academic year."
seriousteachers,134212,https://www.seriousteachers.com/job_details/134212/0/,"English, Classroom, History-Geography Teachers",,"Albania, Tirana",Albania,1450 Euro per month,EUR,University degree in the related branch,,,September 2008,,https://www.seriousteachers.com/te2/Login/134212/300,,"Required Degrees: University degree in the related branch Fields of Expertise: ESL/EFL, Elementary, Curriculum Developer, ESL to Children, High School, Primary School Details: We seek qualified teachers starting from September 2008 for the following posts: For Key Stage 1, 2, 3 and 4 classes, English, Classroom, World History and World Geography Teachers. Native English speakers having university degree in the related branch can apply for the teaching position. Albania is a small and cheap country. For accommodation rent of a flat costs about 250 Euro. We help teachers to find a flat. School provides breakfast and lunch for teachers. School provides one return ticket to home country each year. Salary is 1450 Euro (Tax free) per month.","Required Degrees: University degree in the related branch Fields of Expertise: ESL/EFL, Elementary, Curriculum Developer, ESL to Children, High School, Primary School Details: We seek qualified teachers starting from September 2008 for the following posts: For Key Stage 1, 2, 3 and 4 classes, English, Classroom, World History and World Geography Teachers. Native English speakers having university degree in the related branch can apply for the teaching position. Albania is a small and cheap country. For accommodation rent of a flat costs about 250 Euro. We help teachers to find a flat. School provides breakfast and lunch for teachers. School provides one return ticket to home country each year. Salary is 1450 Euro (Tax free) per month."
seriousteachers,279291,https://www.seriousteachers.com/job_details/279291/0/,"ENGLISH, ELEMENTARY, OR KINDERGARTEN TEACHERS",Albanian International School,Tirana,Albania,,,Bachelor,,,,,https://www.seriousteachers.com/te2/Login/279291/24828,,"Required Degrees: BA or BS degree from an accredited university Fields of Expertise: ESL/EFL, Elementary, Kindergarten, ENGLISH, ELEMENTARY, OR KINDERGARTEN TEACHERS Details: Albanian International School is an international school located in Tirana, the capital city of Albania. We are looking for dedicated teachers who are flexible and ready for the challenge of both teaching multiple subjects in a classroom setting and committed to helping the school grow by being active in the community. Albanian International School has been in operation for ten years and is fully accredited by the Ministry of Education and Sport and by WASC Western Association of Schools and Colleges. Minimum Job Requirements: 1. BA or BS degree from an accredited university 2. The Original Diploma and a copy of your Grade Transcript signed by the University’s Dean and Rector 3. Previous teaching experience and/or valid teaching certification 4. Native fluency in English 5. Criminal records check issued by the teacher’s home country dated within the last 6 months. We require official checks issued by the relevant government agency only. Job benefits: 1. Round trip airfare from and to country of origin for fore","Required Degrees: BA or BS degree from an accredited university Fields of Expertise: ESL/EFL, Elementary, Kindergarten, ENGLISH, ELEMENTARY, OR KINDERGARTEN TEACHERS Details: Albanian International School is an international school located in Tirana, the capital city of Albania. We are looking for dedicated teachers who are flexible and ready for the challenge of both teaching multiple subjects in a classroom setting and committed to helping the school grow by being active in the community. Albanian International School has been in operation for ten years and is fully accredited by the Ministry of Education and Sport and by WASC Western Association of Schools and Colleges. Minimum Job Requirements: 1. BA or BS degree from an accredited university 2. The Original Diploma and a copy of your Grade Transcript signed by the University’s Dean and Rector 3. Previous teaching experience and/or valid teaching certification 4. Native fluency in English 5. Criminal records check issued by the teacher’s home country dated within the last 6 months. We require official checks issued by the relevant government agency only. Job benefits: 1. Round trip airfare from and to country of origin for foreign hires 2. Rent free modern apartment (teacher pays only for utilities, internet) 3. Medical insurance by the Albanian government. 4. The work permit and visa tax fees are paid by the school 5. Residence permit"
seriousteachers,278661,https://www.seriousteachers.com/job_details/278661/0/,Science and English Teacher Grades 5-9,Albanian International School,Tirana,Albania,,,Bachelor,,,,,https://www.seriousteachers.com/te2/Login/278661/15857,,"Required Degrees: BA or BS degree from an accredited university Fields of Expertise: ESL/EFL, Science, Details: Albanian International School is an international school located in Tirana, the capital city of Albania. We are looking for dedicated teachers who are flexible and ready for the challenge of both teaching multiple subjects in a classroom setting and committed to helping the school grow by being active in the community. Albanian International School has been in operation for eleven years and is fully accredited by the Ministry of Education and Sport and by WASC Western Association of Schools and Colleges. Minimum Job Requirements: BA or BS degree from an accredited university The Original Diploma and a copy of your Grade Transcript signed by the University’s Dean and Rector Previous teaching experience and/or valid teaching certification Native fluency in English Basic IT proficiency Native citizen of the U.S., U.K., Australia, New Zealand or Canada or education obtained in one of the aforementioned countries Criminal records check issued by the teacher’s home country dated within the last 6 months. We require official checks issued by the relevant government agency only.","Required Degrees: BA or BS degree from an accredited university Fields of Expertise: ESL/EFL, Science, Details: Albanian International School is an international school located in Tirana, the capital city of Albania. We are looking for dedicated teachers who are flexible and ready for the challenge of both teaching multiple subjects in a classroom setting and committed to helping the school grow by being active in the community. Albanian International School has been in operation for eleven years and is fully accredited by the Ministry of Education and Sport and by WASC Western Association of Schools and Colleges. Minimum Job Requirements: BA or BS degree from an accredited university The Original Diploma and a copy of your Grade Transcript signed by the University’s Dean and Rector Previous teaching experience and/or valid teaching certification Native fluency in English Basic IT proficiency Native citizen of the U.S., U.K., Australia, New Zealand or Canada or education obtained in one of the aforementioned countries Criminal records check issued by the teacher’s home country dated within the last 6 months. We require official checks issued by the relevant government agency only. No third party background checks accepted. US citizens are required to submit BOTH a Bureau of Criminal Investigation (BCI) and FBI criminal background check. Job duties: Homeroom teacher Follow the curriculum standards Develop daily lesson plans for all subjects which are subject to review by the Academic Director Help build the school’s reputation and student recruitment through community outreach and occasional marketing events outside of school hours Write short monthly articles for the school newsletter Complete all grading and lesson plans in a timely manner Support students when needed by providing additional assistance with daily assignments and projects Highly organized and punctual Job benefits: Round trip airfare from and to country of origin for foreign hires Rent free modern apartment (teacher pays only for utilities, internet) The work permit and visa tax fees are paid by the school Residence permit"
seriousteachers,278658,https://www.seriousteachers.com/job_details/278658/0/,English and Science Teacher,Albanian International School,Tirana,Albania,,,Bachelor,,,,,https://www.seriousteachers.com/te2/Login/278658/15857,,"Required Degrees: BA or BS degree from an accredited university Fields of Expertise: ESL/EFL, Science, Details: Albanian International School is an international school located in Tirana, the capital city of Albania. We are looking for dedicated teachers who are flexible and ready for the challenge of both teaching multiple subjects in a classroom setting and committed to helping the school grow by being active in the community. Albanian International School has been in operation for eleven years and is fully accredited by the Ministry of Education and Sport and by WASC Western Association of Schools and Colleges. Minimum Job Requirements: BA or BS degree from an accredited university The Original Diploma and a copy of your Grade Transcript signed by the University’s Dean and Rector Previous teaching experience and/or valid teaching certification Native fluency in English Basic IT proficiency Native citizen of the U.S., U.K., Australia, New Zealand or Canada or education obtained in one of the aforementioned countries Criminal records check issued by the teacher’s home country dated within the last 6 months. We require official checks issued by the relevant government agency only.","Required Degrees: BA or BS degree from an accredited university Fields of Expertise: ESL/EFL, Science, Details: Albanian International School is an international school located in Tirana, the capital city of Albania. We are looking for dedicated teachers who are flexible and ready for the challenge of both teaching multiple subjects in a classroom setting and committed to helping the school grow by being active in the community. Albanian International School has been in operation for eleven years and is fully accredited by the Ministry of Education and Sport and by WASC Western Association of Schools and Colleges. Minimum Job Requirements: BA or BS degree from an accredited university The Original Diploma and a copy of your Grade Transcript signed by the University’s Dean and Rector Previous teaching experience and/or valid teaching certification Native fluency in English Basic IT proficiency Native citizen of the U.S., U.K., Australia, New Zealand or Canada or education obtained in one of the aforementioned countries Criminal records check issued by the teacher’s home country dated within the last 6 months. We require official checks issued by the relevant government agency only. No third party background checks accepted. US citizens are required to submit BOTH a Bureau of Criminal Investigation (BCI) and FBI criminal background check. Job duties: Homeroom teacher Follow the curriculum standards Develop daily lesson plans for all subjects which are subject to review by the Academic Director Help build the school’s reputation and student recruitment through community outreach and occasional marketing events outside of school hours Write short monthly articles for the school newsletter Complete all grading and lesson plans in a timely manner Support students when needed by providing additional assistance with daily assignments and projects Highly organized and punctual Job benefits: Round trip airfare from and to country of origin for foreign hires Rent free modern apartment (teacher pays only for utilities, internet) The work permit and visa tax fees are paid by the school Residence permit"
seriousteachers,278623,https://www.seriousteachers.com/job_details/278623/0/,Science and English Teachers,Albanian International School,Tirana,Albania,,,Bachelor,,,,,https://www.seriousteachers.com/te2/Login/278623/15857,,"Required Degrees: BA or BS degree from an accredited university Fields of Expertise: ESL/EFL, Science, English Details: Albanian International School is an international school located in Tirana, the capital city of Albania. We are looking for dedicated teachers who are flexible and ready for the challenge of both teaching multiple subjects in a classroom setting and committed to helping the school grow by being active in the community. Albanian International School has been in operation for eleven years and is fully accredited by the Ministry of Education and Sport and by WASC Western Association of Schools and Colleges. Minimum Job Requirements: BA or BS degree from an accredited university The Original Diploma and a copy of your Grade Transcript signed by the University’s Dean and Rector Previous teaching experience and/or valid teaching certification Native fluency in English Basic IT proficiency Native citizen of the U.S., U.K., Australia, New Zealand or Canada or education obtained in one of the aforementioned countries Criminal records check issued by the teacher’s home country dated within the last 6 months. We require official checks issued by the relevant government agenc","Required Degrees: BA or BS degree from an accredited university Fields of Expertise: ESL/EFL, Science, English Details: Albanian International School is an international school located in Tirana, the capital city of Albania. We are looking for dedicated teachers who are flexible and ready for the challenge of both teaching multiple subjects in a classroom setting and committed to helping the school grow by being active in the community. Albanian International School has been in operation for eleven years and is fully accredited by the Ministry of Education and Sport and by WASC Western Association of Schools and Colleges. Minimum Job Requirements: BA or BS degree from an accredited university The Original Diploma and a copy of your Grade Transcript signed by the University’s Dean and Rector Previous teaching experience and/or valid teaching certification Native fluency in English Basic IT proficiency Native citizen of the U.S., U.K., Australia, New Zealand or Canada or education obtained in one of the aforementioned countries Criminal records check issued by the teacher’s home country dated within the last 6 months. We require official checks issued by the relevant government agency only. No third party background checks accepted. US citizens are required to submit BOTH a Bureau of Criminal Investigation (BCI) and FBI criminal background check. Job duties: Homeroom teacher Follow the curriculum standards Develop daily lesson plans for all subjects which are subject to review by the Academic Director Help build the school’s reputation and student recruitment through community outreach and occasional marketing events outside of school hours Write short monthly articles for the school newsletter Complete all grading and lesson plans in a timely manner Support students when needed by providing additional assistance with daily assignments and projects Highly organized and punctual Job benefits: Round trip airfare from and to country of origin for foreign hires Rent free modern apartment (teacher pays only for utilities, internet) The work permit and visa tax fees are paid by the school Residence permit"
seriousteachers,278530,https://www.seriousteachers.com/job_details/278530/0/,"English,Science,French Teacher for Upper Grades",Albanian International School,Tirana,Albania,Negotiable,,Bachelor,,,,,https://www.seriousteachers.com/te2/Login/278530/15857,,"Required Degrees: BA or BS degree from an accredited university! Fields of Expertise: ESL/EFL, French, Science, Salary: Negotiable Details: Albanian International School is an international school located in Tirana, the capital city of Albania. We are looking for dedicated teachers who are flexible and ready for the challenge of both teaching multiple subjects in a classroom setting and committed to helping the school grow by being active in the community. Albanian International School has been in operation for eleven years and is fully accredited by the Ministry of Education and Sport and by WASC Western Association of Schools and Colleges. Minimum Job Requirements: BA or BS degree from an accredited university The Original Diploma and a copy of your Grade Transcript signed by the University’s Dean and Rector Previous teaching experience and/or valid teaching certification Native fluency in English Basic IT proficiency Native citizen of the U.S., U.K., Australia, New Zealand or Canada or education obtained in one of the aforementioned countries Criminal records check issued by the teacher’s home country dated within the last 6 months. We require official checks issued by the relev","Required Degrees: BA or BS degree from an accredited university! Fields of Expertise: ESL/EFL, French, Science, Salary: Negotiable Details: Albanian International School is an international school located in Tirana, the capital city of Albania. We are looking for dedicated teachers who are flexible and ready for the challenge of both teaching multiple subjects in a classroom setting and committed to helping the school grow by being active in the community. Albanian International School has been in operation for eleven years and is fully accredited by the Ministry of Education and Sport and by WASC Western Association of Schools and Colleges. Minimum Job Requirements: BA or BS degree from an accredited university The Original Diploma and a copy of your Grade Transcript signed by the University’s Dean and Rector Previous teaching experience and/or valid teaching certification Native fluency in English Basic IT proficiency Native citizen of the U.S., U.K., Australia, New Zealand or Canada or education obtained in one of the aforementioned countries Criminal records check issued by the teacher’s home country dated within the last 6 months. We require official checks issued by the relevant government agency only. No third party background checks accepted. US citizens are required to submit BOTH a Bureau of Criminal Investigation (BCI) and FBI criminal background check. Job duties: Homeroom teacher Follow the curriculum standards Develop daily lesson plans for all subjects which are subject to review by the Academic Director Help build the school’s reputation and student recruitment through community outreach and occasional marketing events outside of school hours Write short monthly articles for the school newsletter Complete all grading and lesson plans in a timely manner Support students when needed by providing additional assistance with daily assignments and projects Highly organized and punctual Job benefits: Round trip airfare from and to country of origin for foreign hires Rent free modern apartment (teacher pays only for utilities, internet) The work permit and visa tax fees are paid by the school Residence permit"
seriousteachers,263547,https://www.seriousteachers.com/job_details/263547/0/,"Grade 1 and 2 Homeroom Teacher, English",,Tirana,Albania,,,Bachelor,,,,,https://www.seriousteachers.com/te2/Login/263547/15857,,"Required Degrees: Valid Teaching License or Degree in Education Fields of Expertise: ESL/EFL, Elementary, High School, University, Details: Come Experience the Rich History and Culture of the Balkans! Openings: Middle School English, 1st, 2nd, Grade Homeroom Minimum Job Requirements: 1. BA or BS degree from an accredited university 2. The Original Diploma and a copy of your Grade Transcript 3. Previous teaching experience and/or valid teaching certification 4. Native fluency in English 5. Basic IT proficiency obtained in one of the aforementioned countries 7. Criminal records check issued by the teacher’s home country dated within the last 6 months. We require official checks issued by the relevant government agency only. No third party background checks accepted. US citizens are required to submit BOTH a Bureau of Criminal Investigation (BCI) and FBI criminal background check. Job duties: 1. Homeroom teacher 2.Native English Speaker 3. Follow the curriculum standards 4. Develop lesson plans for all subjects which are subject to review by the Head Teacher 5. Write short monthly articles for the school newsletter 6. Complete all grading and lesson plans in a timely manner 7. Highly","Required Degrees: Valid Teaching License or Degree in Education Fields of Expertise: ESL/EFL, Elementary, High School, University, Details: Come Experience the Rich History and Culture of the Balkans! Openings: Middle School English, 1st, 2nd, Grade Homeroom Minimum Job Requirements: 1. BA or BS degree from an accredited university 2. The Original Diploma and a copy of your Grade Transcript 3. Previous teaching experience and/or valid teaching certification 4. Native fluency in English 5. Basic IT proficiency obtained in one of the aforementioned countries 7. Criminal records check issued by the teacher’s home country dated within the last 6 months. We require official checks issued by the relevant government agency only. No third party background checks accepted. US citizens are required to submit BOTH a Bureau of Criminal Investigation (BCI) and FBI criminal background check. Job duties: 1. Homeroom teacher 2.Native English Speaker 3. Follow the curriculum standards 4. Develop lesson plans for all subjects which are subject to review by the Head Teacher 5. Write short monthly articles for the school newsletter 6. Complete all grading and lesson plans in a timely manner 7. Highly organized and punctual Job benefits: 1. Round trip airfare from and to country of origin 2. Rent free modern apartment (teacher pays for only utilities, internet) 3. The work permit and visa tax fees are paid by the school 4. Excellent low-cost home location to see the Balkans and travel Europe. 5. Small class size and established Common Core curricula."
seriousteachers,275641,https://www.seriousteachers.com/job_details/275641/0/,"US Passport Grades 4-8 Eng, Sci, Music, SocStudies",Albanian International School,Tirana,Albania,Negotiable,,Bachelor,,,September 2021,,https://www.seriousteachers.com/te2/Login/275641/15857,,"Fields of Expertise: ESL/EFL, ESL to Children, Salary: Negotiable Details: Albanian International School is an international school located in Tirana, the capital city of Albania. We are looking for dedicated teachers who are flexible and ready for the challenge of both teaching multiple subjects in a classroom setting and committed to helping the school grow by being active in the community. Albanian International School has been in operation for nine years and is fully accredited by the Ministry of Education and Sport and we are progressing through the WASC international accreditation process. Starting Date: September 2021 Openings: Middle School English Teacher, Science Teacher and Music Teacher. Minimum Job Requirements: 1. BA or BS degree from an accredited university 2. The Original Diploma and a copy of your Grade Transcript signed by the University’s Dean and Rector 3. Previous teaching experience and/or valid teaching certification 4. Native fluency in English 5. Basic IT proficiency 6. Native citizen of the U.S. only (our school utilizes a U.S. curricula and the visa process is easier for U.S. citizens). 7. Criminal records check issued by the teacher’s home country dated","Fields of Expertise: ESL/EFL, ESL to Children, Salary: Negotiable Details: Albanian International School is an international school located in Tirana, the capital city of Albania. We are looking for dedicated teachers who are flexible and ready for the challenge of both teaching multiple subjects in a classroom setting and committed to helping the school grow by being active in the community. Albanian International School has been in operation for nine years and is fully accredited by the Ministry of Education and Sport and we are progressing through the WASC international accreditation process. Starting Date: September 2021 Openings: Middle School English Teacher, Science Teacher and Music Teacher. Minimum Job Requirements: 1. BA or BS degree from an accredited university 2. The Original Diploma and a copy of your Grade Transcript signed by the University’s Dean and Rector 3. Previous teaching experience and/or valid teaching certification 4. Native fluency in English 5. Basic IT proficiency 6. Native citizen of the U.S. only (our school utilizes a U.S. curricula and the visa process is easier for U.S. citizens). 7. Criminal records check issued by the teacher’s home country dated within the last 6 months. We require official checks issued by the relevant government agency only. No third party background checks accepted. US citizens are required to submit BOTH a Bureau of Criminal Investigation (BCI) and FBI criminal background check. Job duties: 1. Teach Math, Science, English and/or Social Studies, (Depending on certification) 2. Follow the curriculum standards 3. Develop daily lesson plans for all subjects which are subject to review by the Head Teacher 4. Assist with occasional extracurricular activities outside of school hours 5. Help build the school’s reputation and student recruitment through community outreach and occasional marketing events outside of school hours 6. Write short monthly articles for the school newsletter 7. Complete all grading and lesson plans in a timely manner 8. Support students when needed by providing additional assistance with daily assignments and projects 9. Highly organized and punctual Job benefits: 1. Round trip airfare from and to country of origin for foreign hires 2. Rent free modern apartment (teacher pays only for utilities, internet) 3. Medical insurance by the Albanian government. 4. The work permit and visa tax fees are paid by the school 5. Residence permit"
seriousteachers,279520,https://www.seriousteachers.com/job_details/279520/0/,Elementary Teacher (PreK – Grade 4)!,Albanian International School,Tirana,Albania,Negotiable,,Bachelor,,,,,https://www.seriousteachers.com/te2/Login/279520/24828,,"Required Degrees: BA/BS Fields of Expertise: Nursery, Elementary, Kindergarten, Salary: Negotiable Details: Elementary Teacher (PreK – Grade 4) - Albanian International School – Tirana, Albania. Certification Requirement: - BA or BS degree from an accredited university. Fields of Expertise: - Elementary Teacher (PreK – Grade 4). About Us: Albanian International School is an international school located in Tirana, the capital city of Albania. We are seeking dedicated teachers who are flexible, motivated, and ready for the challenge of teaching multiple subjects in a classroom setting. Candidates should also be committed to supporting school growth through active involvement in the school community. Albanian International School has been operating for ten years and is fully accredited by the Ministry of Education and Sport and by WASC (Western Association of Schools and Colleges). Minimum Job Requirements -BA or BS degree from an accredited university. -Original diploma and a copy of grade transcript signed by the University’s Dean and Rector. Previous teaching experience and/or valid teaching certification. Native-level fluency in English. Criminal record check issued by the applica","Required Degrees: BA/BS Fields of Expertise: Nursery, Elementary, Kindergarten, Salary: Negotiable Details: Elementary Teacher (PreK – Grade 4) - Albanian International School – Tirana, Albania. Certification Requirement: - BA or BS degree from an accredited university. Fields of Expertise: - Elementary Teacher (PreK – Grade 4). About Us: Albanian International School is an international school located in Tirana, the capital city of Albania. We are seeking dedicated teachers who are flexible, motivated, and ready for the challenge of teaching multiple subjects in a classroom setting. Candidates should also be committed to supporting school growth through active involvement in the school community. Albanian International School has been operating for ten years and is fully accredited by the Ministry of Education and Sport and by WASC (Western Association of Schools and Colleges). Minimum Job Requirements -BA or BS degree from an accredited university. -Original diploma and a copy of grade transcript signed by the University’s Dean and Rector. Previous teaching experience and/or valid teaching certification. Native-level fluency in English. Criminal record check issued by the applicant’s home country within the last 6 months (official government-issued document only). Job Benefits - Round-trip airfare to and from the country of origin (for foreign hires) - Rent-free modern apartment (teacher covers utilities and internet) - Medical insurance provided by the Albanian government - Work permit and visa tax fees covered by the school Residence permit provided! Headteacher Responsibilities - Promote school values, implement policies, and ensure a safe and inclusive environment - Lead teaching, curriculum development, and staff growth to maintain high academic standards - Foster positive school culture, student behaviour, and community engagement - Manage school resources effectively - Drive continuous school improvement and strategic planning - Ensure governance accountability and compliance with regulations"
seriousteachers,227424,https://www.seriousteachers.com/job_details/227424/0/,"Elem (Grades 3/4) Science/ Math/I T 5-9, PreK, KG",Albanian International School,Tirana,Albania,Negotiable,,Licensed in Area,,,,,https://www.seriousteachers.com/te2/Login/227424/13185,,"Required Degrees: Licensed in Area. Experience preferred. Fields of Expertise: Nursery, Elementary, Kindergarten, Science, Math, IT Salary: Negotiable Albanian International School Details: Well furnished housing/utilities provided in new apartment close to school. Teaching couple desired (dependents OK). Round trip airfare reimbursed. Albanian taxes paid. Albania has great natural beauty from mtns to beaches, ancient history, close to Greece and Italy as well as all Balkan countries. Very safe and friendly to U.S. and EU citizens. Travel and explore while teaching!","Required Degrees: Licensed in Area. Experience preferred. Fields of Expertise: Nursery, Elementary, Kindergarten, Science, Math, IT Salary: Negotiable Albanian International School Details: Well furnished housing/utilities provided in new apartment close to school. Teaching couple desired (dependents OK). Round trip airfare reimbursed. Albanian taxes paid. Albania has great natural beauty from mtns to beaches, ancient history, close to Greece and Italy as well as all Balkan countries. Very safe and friendly to U.S. and EU citizens. Travel and explore while teaching!"
seriousteachers,206039,https://www.seriousteachers.com/job_details/206039/0/,"Pre Kindergarten, Elementary and Math/Science",,Tirana,Albania,Negotiable,,Licensed teacher,,1 year,,,https://www.seriousteachers.com/te2/Login/206039/10440,,"Required Degrees: Licensed teacher, native English speaker, some exp Fields of Expertise: Nursery, Elementary, Kindergarten, Math/Physics, Salary: Negotiable Details: Retired teachers, married teaching couples encouraged to apply. Free furnished housing close to school available. RT Airfare, 1 year contract. Net salary based on experience. VISA/Work permit paid for.","Required Degrees: Licensed teacher, native English speaker, some exp Fields of Expertise: Nursery, Elementary, Kindergarten, Math/Physics, Salary: Negotiable Details: Retired teachers, married teaching couples encouraged to apply. Free furnished housing close to school available. RT Airfare, 1 year contract. Net salary based on experience. VISA/Work permit paid for."
seriousteachers,194958,https://www.seriousteachers.com/job_details/194958/0/,Teacher,Memorial International School of Tirana (MIST),Tirana,Albania,,,Bachelor,,,,,https://www.seriousteachers.com/te2/Login/194958/4783,,"Required Degrees: Bachelor’s or Master’s Degree Fields of Expertise: Nursery, Elementary, Kindergarten, Science, Math/Physics, Details: Memorial International School of Tirana (MIST) is seeking native English speakers for 2011-12 job openings. Potential candidates should have a university degree or an academic background related to kindergarten or elementary education. Applicants should forward their resume or C.V. a recent photo.","Required Degrees: Bachelor’s or Master’s Degree Fields of Expertise: Nursery, Elementary, Kindergarten, Science, Math/Physics, Details: Memorial International School of Tirana (MIST) is seeking native English speakers for 2011-12 job openings. Potential candidates should have a university degree or an academic background related to kindergarten or elementary education. Applicants should forward their resume or C.V. a recent photo."
seriousteachers,276795,https://www.seriousteachers.com/job_details/276795/0/,Grade 1 Homeroom Teacher in Albania,Albanian International School,Tirana,Albania,,,Bachelor,,,August 2022,,https://www.seriousteachers.com/te2/Login/276795/20524,,"Required Degrees: Teacher’s License and BA/MA in Teaching Fields of Expertise: Elementary, Curriculum Developer, Science, Math/Physics, Details: Albanian International School is an international school located in Tirana, the capital city of Albania. We are looking for dedicated teachers who are flexible and ready for the challenge of both teaching multiple subjects in a classroom setting and committed to helping the school grow by being active in the community. Albanian International School has been in operation for ten years and is fully accredited by the Ministry of Education and Sport and WASC. Starting Date: August 2022 Openings: Grade 1 Homeroom Teacher Minimum Job Requirements: 1. BA or BS degree from an accredited university 2. The Original Diploma and a copy of your Grade Transcript signed by the University’s Dean and Rector Apostille. 3. Previous teaching experience and/or valid teaching certification 4. Native fluency in English 5. Basic IT proficiency 6. Native citizen of the U.S. 7. Criminal records check issued by the teacher’s home country dated within the last 6 months. We require official checks issued by the relevant government agency only. No third party backgroun","Required Degrees: Teacher’s License and BA/MA in Teaching Fields of Expertise: Elementary, Curriculum Developer, Science, Math/Physics, Details: Albanian International School is an international school located in Tirana, the capital city of Albania. We are looking for dedicated teachers who are flexible and ready for the challenge of both teaching multiple subjects in a classroom setting and committed to helping the school grow by being active in the community. Albanian International School has been in operation for ten years and is fully accredited by the Ministry of Education and Sport and WASC. Starting Date: August 2022 Openings: Grade 1 Homeroom Teacher Minimum Job Requirements: 1. BA or BS degree from an accredited university 2. The Original Diploma and a copy of your Grade Transcript signed by the University’s Dean and Rector Apostille. 3. Previous teaching experience and/or valid teaching certification 4. Native fluency in English 5. Basic IT proficiency 6. Native citizen of the U.S. 7. Criminal records check issued by the teacher’s home country dated within the last 6 months. We require official checks issued by the relevant government agency only. No third party background checks accepted. US citizens are required to submit BOTH a Bureau of Criminal Investigation (BCI) and FBI criminal background check. Job duties: 1. Homeroom teacher 2. Teach Math, Science, English and/or Social Studies (Depending on certification) 3. Follow the curriculum standards 4. Develop daily lesson plans for all subjects which are subject to review by the Head Teacher Job benefits: 1. Round trip airfare from and to country of origin for foreign hires 2. Rent free modern apartment (teacher pays only for utilities, internet) 3. Medical insurance by the Albanian government. 4. The work permit and visa tax fees are paid by the school 5. Residence permit"
seriousteachers,262714,https://www.seriousteachers.com/job_details/262714/0/,"Kindergarten, Primary and Secondary Teachers",Albanian International School,Tirana,Albania,1000,EUR,Bachelor,,,September 2016,,https://www.seriousteachers.com/te2/Login/262714/15857,"March 1st, 2016","Required Degrees: Teaching license Fields of Expertise: ESL/EFL, Elementary, Curriculum Developer, ESL to Children, Kindergarten, Science, Math/Physics, Summer Camp, Details: Albanian International School Albanian International School is an international school located in Tirana, the capital city of Albania. We are looking for dedicated teachers who are flexible and ready for the challenge of both teaching multiple subjects in a classroom setting and committed to helping the school grow by being active in the community. Albanian International School has been in operation for five years and is fully accredited by the Ministry of Education and Sport and we are progressing through the WASC international accreditation process. Albania is a beautiful country full of gorgeous beaches and snow-capped mountains and the cost of living is among the lowest worldwide. It is bordered by Montenegro, Kosovo, the Republic of Macedonia, Italy and Greece. Albania achieved democracy in 1990, and is rapidly becoming a top tourist destination. Albania was recommended as a top travel destination by Lonely Planet and in 2014, Albania was nominated as the number 4 global tourist destination by the New Yor","Required Degrees: Teaching license Fields of Expertise: ESL/EFL, Elementary, Curriculum Developer, ESL to Children, Kindergarten, Science, Math/Physics, Summer Camp, Details: Albanian International School Albanian International School is an international school located in Tirana, the capital city of Albania. We are looking for dedicated teachers who are flexible and ready for the challenge of both teaching multiple subjects in a classroom setting and committed to helping the school grow by being active in the community. Albanian International School has been in operation for five years and is fully accredited by the Ministry of Education and Sport and we are progressing through the WASC international accreditation process. Albania is a beautiful country full of gorgeous beaches and snow-capped mountains and the cost of living is among the lowest worldwide. It is bordered by Montenegro, Kosovo, the Republic of Macedonia, Italy and Greece. Albania achieved democracy in 1990, and is rapidly becoming a top tourist destination. Albania was recommended as a top travel destination by Lonely Planet and in 2014, Albania was nominated as the number 4 global tourist destination by the New York Times. Come experience life in Albania and the excitement of being in on the ground floor of a new, modern institution of excellence in education. We would invite any hard-working educator who desires to help a country improve its education system to inquire with the school itself. Starting Date: September 2016 Openings: Kindergarten, Primary and Secondary Teachers- Tirana, Albania. Minimum Job Requirements: 1. BA or BS degree from an accredited university 2. The Original Diploma and a copy of your Grade Transcript signed by the University’s Dean and Rector 3. Previous teaching experience and/or valid teaching certification 4. Native fluency in English 5. Basic IT proficiency 6. Native citizen of the U.S., U.K., Australia, New Zealand or Canada or education obtained in one of the aforementioned countries 7. Criminal records check issued by the teacher’s home country dated within the last 6 months. We require official checks issued by the relevant government agency only. No third party background checks accepted. US citizens are required to submit BOTH a Bureau of Criminal Investigation (BCI) and FBI criminal background check. Job duties: 1. Homeroom teacher 2. Teach Math, Science, English and/or Social Studies (Depending on certification) 3. Follow the curriculum standards 4. Develop daily lesson plans for all subjects which are subject to review by the Head Teacher 5. Assist with occasional extracurricular activities outside of school hours 6. Help build the school’s reputation and student recruitment through community outreach and occasional marketing events outside of school hours 7. Write short monthly articles for the school newsletter 8. Complete all grading and lesson plans in a timely manner 9. Support students when needed by providing additional assistance with daily assignments and projects 10. Highly organized and punctual Job benefits: 1. Round trip airfare from and to country of origin for foreign hires 2. Rent free modern apartment (teacher pays only for utilities, internet) 3. Medical insurance school will pay half initial insurance fee 4. The work permit and visa tax fees are paid by the school 5. Residence permit: The school pays for the Employee’s Albanian state tax and residence permit. Starting Salary: Starting salary of € 1000 for foreign hires with a biannual performance raise. Please submit your details before March 1st, 2016"
seriousteachers,250998,https://www.seriousteachers.com/job_details/250998/0/,Primary and Secondary Teachers,Albanian International School,Tirana,Albania,800-1000,EUR,Bachelor,,10 months,September 2016,,https://www.seriousteachers.com/te2/Login/250998/15857,February 2016,"Required Degrees: Teaching License Fields of Expertise: ESL/EFL, Elementary, Curriculum Developer, ESL to Children, Kindergarten, Science, Math/Physics, Summer Camp, Details: Albanian International School is the newest international school in Tirana, the capital city of Albania. It requires a staff of dedicated teachers who must be flexible and ready for the challenge of not only teaching multiple subjects in a classroom setting, but helping the school grow by being active in the community and involves teaching students from grade 1-9 with a dedicated interest in encouraging students to learn English. Albanian International School has been operating for four years now and is accredited by the Ministry of Education and Sport. Albanian is the official language of Albania. Albania is a beautiful country full of gorgeous beaches and snow-capped mountains, and the cost of living is among the lowest worldwide. Albania is a democratic country since 1990, and it is developing very fast. It is bordered by Montenegro, Kosovo, Republic of Macedonia, Italy and Greece. It has a coast on the Adriatic Sea to the west and on the Ionian Sea to the southwest. Albania was recommended as a top travel","Required Degrees: Teaching License Fields of Expertise: ESL/EFL, Elementary, Curriculum Developer, ESL to Children, Kindergarten, Science, Math/Physics, Summer Camp, Details: Albanian International School is the newest international school in Tirana, the capital city of Albania. It requires a staff of dedicated teachers who must be flexible and ready for the challenge of not only teaching multiple subjects in a classroom setting, but helping the school grow by being active in the community and involves teaching students from grade 1-9 with a dedicated interest in encouraging students to learn English. Albanian International School has been operating for four years now and is accredited by the Ministry of Education and Sport. Albanian is the official language of Albania. Albania is a beautiful country full of gorgeous beaches and snow-capped mountains, and the cost of living is among the lowest worldwide. Albania is a democratic country since 1990, and it is developing very fast. It is bordered by Montenegro, Kosovo, Republic of Macedonia, Italy and Greece. It has a coast on the Adriatic Sea to the west and on the Ionian Sea to the southwest. Albania was recommended as a top travel destination, by Lonely Planet. In 2014 Albania was nominated as number 4 global touristic destination by New York Times. Come experience life in Albania and the excitement of being in on the ground floor of a new, modern institution of excellence in education. Starting Date: September 2016 HEADER: Primary and Secondary Teachers- Tirana, Albania. Job Requirements for the following position: 1. BA or BS degree from accredited university as well as a Master degree. 2. The Original Diploma and a copy of your Grade Transcript signed by the University’s Dean and Rector 3. Previous teaching experience and/or valid teaching certification/degree (preferable with a license in teaching) 4. Native fluency in English 5. Basic IT proficiency 6. Native citizen of the U.S., U.K., Australia, New Zealand or Canada OR education obtained in one of the aforementioned countries 7. Criminal records issued by the teacher’s home country for the last 6 months. 8. Your marriage certificate with the Apostile stamp needed. 9. Residence permit: The Employee only pays for the Albanian state tax and only for the Employee’s residence permit not for his/her family members. 10. The Teacher is paid for 10 months in addition to one salary for the holiday. (The first salary will be given to the Employee at the end of the school year due to safety reasons to make sure the Employee will not leave without a notice in advance) Job duties: 1. Homeroom teacher / subject teacher 2. Teach Math, Science, English and Social Studies (History/Geography) 3. Follow the curriculum standards 4. Develop daily lesson plans for all subjects which are subject to review by Head Teacher 5. Assist with extracurricular activities outside of school hours 6. Help build the school’s reputation and student recruiting through community outreach and occasional marketing events outside of school hours 7. Write short monthly articles for the school newsletter 8. Complete all grading, and lesson plans in a timely manner 9. Support students by providing additional assistance with daily assignments and projects 10. Highly organized and punctual Job benefits: 1. A round trip airfare from and to country of origin 2. Fully paid housing rent (water bills, electricity and internet access are paid by the teacher) 3. Medical care paid half by the teacher and half by the school 4. The work permit and visa tax paid by the school Starting Salary: Based on experience and qualifications (Teachers that don’t have much experience start with a 800 Euros salary, while certified Teachers 1000 Euros.) To apply please email the Recruitment Coordinator with a cover letter, resume and a sample lesson plan. Deadline: February 2016"
eslcafe-modern,international-schoolsprimarymiddlehigh-school-30,https://www.eslcafe.com/postajob-detail/international-schoolsprimarymiddlehigh-school-30,International schools(Primary/Middle/High schools)' jobs and (20k-36k) Kindergarten/Trianing schools in China,TalentsAsia,"Chengdu, Chongqing, Beijing, Ningbo, Shenzhen, Guangzhou, Wuhan, Nanjing, Suzhou, Hangzhou, etc.",China,20000-39000,RMB,Bachelor,,,,adam.tic@hotmail.com,,2026-06-05 08:31,"International/Bilingual Schools Location： Chengdu Chongqing Beijing Ningbo Shenzhen Guangzhou Wuhan Nanjing, etc. (All 1st tier and 2nd tier cities) Position: English/Math/Chemistry/Biology/Art/PE/Social Studies teachers, etc Salary: 23000-39000 RMB/month Housing allowance: 3000-4000 RMB/month Other benefits: air ticket reimbursement, health insurance, etc. Requirements: 1. Bachelor's degree or higher in related education major 2. A recognized teaching qualification is essential 3. A minimum of 2 years of working experience teaching related subjects in high-performing schools. 4. Fluency in written and spoken English to enable effective communication with students and in working relationships. 5. Knowledge of IB/A-level/IGCSE/Common core curriculum, their delivery, and assessments. Kindergarten/training schools' jobs: Locations: Chengdu Chongqing Beijing Shenzhen Guangzhou Wuhan Nanjing Suzhou Hangzhou and others （most 2nd tier and 3rd tier cities) Monthly income 20000-32000 RMB/month (Salary+ housing allowance) Other benefits: Air-ticket reimbursement, free hotel at the start, visa application reimbursement, health insurance, etc. requirement: 1. Native English speaker. 2. Bachelor's degree or above. 3. 2 years of teaching experience or TEFL. Send CV to: [email protected] To apply, email [email protected]","International/Bilingual Schools
Location： Chengdu Chongqing Beijing Ningbo Shenzhen Guangzhou Wuhan Nanjing, etc. (All 1st tier and 2nd tier cities)
Position:  English/Math/Chemistry/Biology/Art/PE/Social Studies teachers, etc
Salary:
23000-39000
RMB/month
Housing allowance:
3000-4000
RMB/month
Other benefits: air ticket reimbursement, health insurance, etc.
Requirements:
1. Bachelor's degree or higher in related education major
2. A recognized teaching qualification is essential
3. A minimum of 2 years of working experience teaching related subjects in high-performing schools.
4. Fluency in written and spoken English to enable effective communication with students and in working relationships.
5. Knowledge of IB/A-level/IGCSE/Common core curriculum, their delivery, and assessments.
Kindergarten/training schools' jobs:
Locations: Chengdu Chongqing Beijing Shenzhen Guangzhou Wuhan Nanjing Suzhou Hangzhou and others （most 2nd tier and 3rd tier cities)
Monthly income
20000-32000
RMB/month (Salary+ housing allowance)
Other benefits: Air-ticket reimbursement, free hotel at the start, visa application reimbursement, health insurance, etc.
requirement:
1. Native English speaker.
2. Bachelor's degree or above.
3. 2 years of teaching experience or TEFL.
Send CV to:
[email protected]
To apply, email
[email protected]"
eslcafe-modern,kindergarten-teaching-jobs-in-beijing-tianjin,https://www.eslcafe.com/postajob-detail/kindergarten-teaching-jobs-in-beijing-tianjin,"@@@@@@@@@@@@@@@Kindergarten teaching jobs in Beijing, Tianjin, Hangzhou ,Ningbo ,Dalian ,Qingdao ect . Public Primary &High school teaching jobs in Beijing& Suzhou ,Guangzhou  . International Ap history. literature , Arts teachers and TOEFL also required !",topnotchesl,"Beijing, Tianjin, Hangzhou, Ningbo, Dalian, Qingdao, Shenyang, Chongqing, Jinan, Xiamen, Guangzhou, Yiwu, Xi'an, Jilin, Taizhou, Nanjing, Qinhuangdao, Qufu, Nanchang, Lingshui",China,5000-6000 AUD / 12000-32000 RMB,RMB,Bachelor,,1 year,August 2026 / September,jenifer2025@126.com,,2026-06-03,"Kindergarten jobs in Beijing ,Tianjin, Shenyang , Hangzhou ,Ningbo, Chongqing , Jinan ,Dlian ,Xiamen .Guangzhou.Primary School jobs in Beijing ,Yiwu ,Guangzhou ,.University Jobs in Xian'Jilin ,Taizhou ,Nanjing . and also Beijing TOEFL& Dancing Teaching jobs!!!!!!!!!!! 2. Native English speakers preferred, including candidates from South Africa; overseas applicants are welcome; 3. Highly experienced non-native English teachers currently holding a valid Beijing non-native work visa may also be considered; 4. Rich teaching experience with young children; 5. Stable, energetic, lively and suitable for kindergarten teaching. Benefits & Package - Monthly salary: 20000 – 30000 RMB - Commercial insurance or social security provided - Paid winter or summer vacations Primary Homeroom Teacher, Guangzhou Baiyun 2 vacancies | Aug 2026 start | 10-month contract 20-32K/month + free housing + 10,000 RMB winter subsidy Full visa support, flight allowance, all school holidays off Weekends free, great work-life balanceHomeroom Teacher | Guangzhou Primary School Jobs In Beijing ,Guangzhou Shenyang ✅ 2 Open Positions ✅ Start: August 2026 ✅ 10-Month Contract ✅ Salary: 20,000 - 32,000 RMB/month ✅ Free Accommodation ✅ Winter vacation with 10,000 RMB extra winter allowance - Mon-Fri, weekends off - All public holidays + summer & winter vacation - Fully sponsored work visa & permits - Flight & arrival hotel reimbursement - Vacation bonus + accident insurance - Full training & career growth - Teachin","Kindergarten jobs in Beijing ,Tianjin, Shenyang , Hangzhou ,Ningbo, Chongqing , Jinan ,Dlian ,Xiamen .Guangzhou.Primary School jobs in Beijing ,Yiwu ,Guangzhou ,.University Jobs in Xian'Jilin ,Taizhou ,Nanjing . and also Beijing  TOEFL& Dancing  Teaching jobs!!!!!!!!!!!
2. Native English speakers preferred, including candidates from South Africa; overseas applicants are welcome;
3. Highly experienced non-native English teachers currently holding a valid Beijing non-native work visa may also be considered;
4. Rich teaching experience with young children;
5. Stable, energetic, lively and suitable for kindergarten teaching.
Benefits & Package
- Monthly salary: 20000 – 30000 RMB
- Commercial insurance or social security provided
- Paid winter or summer vacations
Primary Homeroom Teacher, Guangzhou Baiyun
2 vacancies | Aug 2026 start | 10-month contract
20-32K/month + free housing + 10,000 RMB winter subsidy
Full visa support, flight allowance, all school holidays off
Weekends free, great work-life balanceHomeroom Teacher | Guangzhou
Primary School Jobs In Beijing ,Guangzhou  Shenyang
✅ 2 Open Positions
✅ Start: August 2026
✅ 10-Month Contract
✅ Salary: 20,000 - 32,000 RMB/month
✅ Free Accommodation
✅ Winter vacation with 10,000 RMB extra winter allowance
- Mon-Fri, weekends off
- All public holidays + summer & winter vacation
- Fully sponsored work visa & permits
- Flight & arrival hotel reimbursement
- Vacation bonus + accident insurance
- Full training & career growth
- Teaching materials provided
University English Teachers needed acrossdifferent locations in ChinaLate August: Xi'an, Taizhou( Jiangsu Province),Nanjing, Qinhuangdao ( Hebei Province),  Jinan,Qufu (Shandong province),Nanc hang (Jiangxi province), Lingshui ( Hainan province).Full time, one year contract.
Benefits:1.
5000-6000
Australian dollars monthly,negotiable,  depending on qualifications.2.Flight Allowance3.Free On-campus accommodation or housing allowance (excludes electricity, water, telephone, network charges)4.2 weeks paid for the successful completion of any academic semester(2 semesters a year)5.Visa cost subsidy6.Opportunity for paid professional development programs.7.Holiday gifts and  team building
Location & Position Type: Xi’an, Jilin / University position
Visa: Chinese cultural and educational work visa
Gender: No restriction
Students: Aged 18+
Start date: September
Salary & Accommodation: 12,000–14,000 RMB per month + housing provided
Working schedule: No office hours required
Benefits: Full paid winter and summer vacations
Other requirements:
Preference for candidates with experience teaching university students/adults
Preference for candidates with TEFL or TESOL certificate
Preference for candidates with 3–5 years of relevant teaching experience in schools or educational institutions
Preference for candidates with a bachelor’s degree or higher in Education or English
WeChat: Jeniferupup
To apply, email
[email protected]"
eslcafe-modern,recruiting-native-english-teachers-in-beijing-18,https://www.eslcafe.com/postajob-detail/recruiting-native-english-teachers-in-beijing-18,"Recruiting Native English Teachers in Beijing, Shenzhen, Dalian, Fushun, Wuhan, Suzhou, Hangzhou, Yangzhou, Shanghai, Guangzhou, Nanjing, Weifang, Bijie etc all over China. Salary from 25000 RMB to 32000 RMB monthly","Beijing Zhongyu International Education Consulting Service Co., LTD","Beijing, Shenzhen, Dalian, Fushun, Wuhan, Suzhou, Hangzhou, Yangzhou, Shanghai, Guangzhou, Nanjing, Weifang, Bijie etc",China,25000-32000,RMB,Bachelor,,,,batwedu88@yeah.net,,2026-06-03 09:04,"Requirement: Native English Speakers Only Degree: Bachelor degree or higher Certificate: 120 hours TEFL/TESOL certificate or two years teaching experience reference letter Compensation: Salary: Monthly salary from 25000 RMB to 32000 RMB depends on teaching cities and teachers' qualification Free meals Workload: 20 to 22 teaching hours per week, two days off Paid holidays Medical insurance offered Flight allowance offered Required Documentation: Current Resume Copy of the ID page of your valid passport Current Photo or short introduction video Contact Information: Contact person: Michelle Contact Email: [email protected] Wechat: 15810230661 or goodluck668801 WhatsApp: +86 15810230661 To apply, email [email protected]","Requirement:
Native English Speakers Only
Degree: Bachelor degree or higher
Certificate: 120 hours TEFL/TESOL certificate or two years teaching experience reference letter
Compensation:
Salary: Monthly salary from 25000 RMB to 32000 RMB depends on teaching cities and teachers' qualification
Free meals
Workload: 20 to 22 teaching hours per week, two days off
Paid holidays
Medical insurance offered
Flight allowance offered
Required Documentation:
Current Resume
Copy of the ID page of your valid passport
Current Photo or short introduction video
Contact Information:
Contact person: Michelle
Contact Email:
[email protected]
Wechat:
15810230661
or goodluck668801
WhatsApp:
+86 15810230661
To apply, email
[email protected]"
eslcafe-modern,high-paying-kindergarten-and-public-school-te-30,https://www.eslcafe.com/postajob-detail/high-paying-kindergarten-and-public-school-te-30,⭐⭐⭐ High Paying Kindergarten and Public School Teaching Jobs in Major Cities in China ⭐⭐⭐,Gold Star TEFL Recruitment,"Shanghai, Beijing, Shenzhen, Guangzhou and other major cities",China,"18,000 to 35,000 RMB",RMB,Bachelor,,,Throughout 2026,job@goldstarteachers.com,https://goldstarteachers.com/apply-dave/,,"Reference number: DE6J Positions: English Language Teacher Students: Kindergarten, Primary, Middle and High School Locations: Shanghai, Beijing, Shenzhen, Guangzhou and 28 other major cities across China Interviewing: Now Positions: 20 Start date: Start dates throughout 2026 Our website: www.goldstarteachers.com/jobboard How to Apply Please complete this application form or email your resume to Jim at [email protected] . No TEFL? We recommend the I NTESOL 120 hour course for anyone wanting to teach in China - www.goldstarteachers.com/INTESOL Program Highlights -Excellent monthly salary: 18,000 to 35,000 RMB depending on qualifications, experience, location and type of school -Teach on a monday to friday schedule with weekends off and winter and summer holidays -Free accommodation or housing allowance provided -Teach in an authentic public school setting with cutting edge teaching resources -Select from a range of exciting locations in China Kindergarten and Public School Teaching Jobs We are now holding interviews for qualified English teachers to teach at our kindergartens and primary, middle and high schools in the vibrant cities of Shanghai, Beijing, Guangzhou, Shenzhen, Nanjing, Hangzhou, Wuhan and other major cities in China. We warmly welcome teachers who thrive on inspiring young learners to join our creative team. We believe that every child is unique and has the potential to thrive in a safe and nurturing environment. Our goal is to create a positive and inclusive le","Reference number:
DE6J
Positions:
English Language Teacher
Students:
Kindergarten, Primary, Middle and High School
Locations:
Shanghai, Beijing, Shenzhen, Guangzhou and 28 other major cities across China
Interviewing:
Now
Positions:
20
Start date:
Start dates throughout 2026
Our website:
www.goldstarteachers.com/jobboard
How to Apply
Please complete this
application form
or email your resume to Jim at
[email protected]
.
No TEFL?
We recommend the I
NTESOL 120 hour
course for anyone wanting to teach in China
-
www.goldstarteachers.com/INTESOL
Program Highlights
-Excellent monthly salary: 18,000 to 35,000 RMB depending on qualifications, experience, location and type of school
-Teach on a monday to friday schedule with weekends off and winter and summer holidays
-Free accommodation or housing allowance provided
-Teach in an authentic public school setting with cutting edge teaching resources
-Select from a range of exciting locations in China
Kindergarten and Public School Teaching Jobs
We are now holding interviews for qualified English teachers to teach at our kindergartens and primary, middle and high schools in the vibrant cities of Shanghai, Beijing, Guangzhou, Shenzhen, Nanjing, Hangzhou, Wuhan and other major cities in China. We warmly welcome teachers who thrive on inspiring young learners to join our creative team.
We believe that every child is unique and has the potential to thrive in a safe and nurturing environment. Our goal is to create a positive and inclusive learning environment that supports children’s social, emotional, and cognitive development. We strive to provide our students with a solid foundation in education and life skills, while also fostering their creativity, curiosity and love of learning.
We pride ourselves on offering the highest educational standards and you will make use of a variety of engaging teaching materials and methods including group work, music, activities, performances, art projects and much more. Communicating with parents to provide feedback periodically will also be one of the responsibilities.
Teachers will work on a Monday to Friday schedule with evenings & weekends off plus long summer & winter vacations to explore the country and beyond.
The Locations
Interviews are being held for teaching positions in over 30 major cities across China. Teach along the vibrant east coast of China in Shanghai, Beijing, Shenzhen, Guangzhou, Tianjin, Hangzhou, Suzhou for example or head west to Chongqing, Chengdu or Xi’an or even up north to the Inner Mongolian cities of Baotou or Hohhot. The choice is yours, we will send you detailed job descriptions, city information and compensation packages once we receive your application.
Teach English in Beijing
Beijing, capital of the People’s Republic of China, is the nation’s political, economic, cultural, educational and international trade and communication center. Located in northern China, Beijing continues to be an exciting place for all things music, fashion and art with plenty of events and shows to attend.
Teach English in Shanghai
Known as the ‘Pearl of the Orient’, Shanghai is truly an international metropolis in every sense of the word. The most vibrant and progressive city in China, Shanghai is the economic and cultural center, blending an incredible mix of Eastern and Western culture. For those who like to shop, party and eat, Shanghai has all you could possibly want and more. But despite its cosmopolitan reputation, pockets of quaint tradition remain alive and well, dotted throughout the city.
Teach English in Shenzhen
Shenzhen is located in the southern portion of the Guangdong Province, on the eastern shore of the Pearl River Delta. Neighboring the Pearl River Delta and Hong Kong, located just south of Shenzhen, Shenzhen’s location gives it a geographical advantage for economic development. Shenzhen is considered as one of the richest cities in the country which offers foreigners a great insight into contemporary China. From a small fishing village 30 years ago, Shenzhen has turned into a city filled with dynamic energy and on its way to becoming a world class metropolis.
Main Responsibilities
-Maximum of 25 teaching hours per week with weekends off
-Student age: 3 to 18 (depending on type of school)
-Class size: 20 to 30 students
-Deliver our English language curriculum
-Incorporate creative and interactive teaching strategies to engage children in the learning process
-Create a positive and inclusive classroom environment that supports the children's social, emotional, and cognitive development
-Attend meetings and training sessions as required
-Ensure that all teaching materials and resources are up-to-date, organized and accessible
Compensation
-Excellent monthly salary: 18,000 to 35,000 RMB depending on qualifications, experience, location and type of school
-Flight, visa document and hotel reimbursement on arrival
-Support with finding an apartment to rent
-11 Chinese public holidays + 1 month winter & 2 months summer vacation
-Legal Z work visa provided
-Medical and accident insurance provided
-Contract renewal bonus: 5,000 RMB
-Airport pickup
-Pre-training provided: orientation, Chinese culture, Mandarin class, teaching methodology
-On-going training and academic support
-Career development opportunities in teaching, course development and regional trainer
Requirements
-Native English speaker from UK, USA, Canada, Australia, New Zealand, Ireland & South Africa
-Bachelor’s degree or above required
-TEFL, CELTA, teaching license certificate (No TEFL? We recommend INTESOL -
www.goldstarteachers.com/intesol
)
-Previous teaching experience with young learners preferred but not required as full training provided
-Cultural sensitivity, awareness, and willingness to explore other cultures
How to Apply
Please complete this
application form
or email your resume to Jim at
[email protected]
.
-Covering letter
-Resume
-Recent professional photo
-Passport photo page (scan)
-Degree & TEFL certificates (scan)
-Preference for teaching locations (if any)
-Quote reference #
DE6J
in the email subject
Gold Star TEFL Recruitment
With over 10 years experience in the ESL industry, Gold Star TEFL Recruitment is an honest, professional, British owned recruitment agent. We have helped thousands of teachers find meaningful jobs with excellent schools.
Fully screened schools, updated daily:
ESL Job Board in China
Visit our website:
ESL Jobs in China
Read interviews with our teachers:
www.GoldStarTeachers.com/interviews
Read articles about life in China:
www.GoldStarTeachers.com/articles
There are
no costs
whatsoever for the entire recruitment process. We are looking forward to hearing from you.
We are looking forward to hearing from you.
To apply, email
[email protected]"
eslcafe-modern,top-pay-international-managment-and-teacher-j-22,https://www.eslcafe.com/postajob-detail/top-pay-international-managment-and-teacher-j-22,"Top pay International managment and teacher jobs in international/bilingual schools in Beijing, Hangzhou, Suzhou",,Beijing,China,25000-30000 / 304000-410000 / 27000,RMB,Bachelor,,1 year,August 2026,lll15091186520@163.com,,,"#1. Teachers needed in a k-12 school in Chaoyang district, Beijing. August 2026 start 1. Secondary School History Teacher, ABC or Chinese nationality 2. Secondary School Design Technology Teacher,International or Bilingual 3. Secondary School Chemistry Teacher,International or Bilingual 4. Secondary School Math Teacher*2 , International or Bilingual 5. Secondary School ESL Teacher*2, International or Bilingual， ABC or Chinese nationality Requirements: - Bachelor's degree or higher in education in a related field - More than 3 years teaching experience in History, wood carving and fine woodcraft techniques, AP Chemistry+STEM, PD/A-level Math , English - Educational background in a related subject - Teaching qualifications - Eligibility to meet visa application requirements Compensation & Benefits 1. Competitive renumeration 2. Exceptional On-Campus Accommodation: (Please notice that we offer on campus apartment only, no housing allowance as alternative) - Teachers are offered spacious and fully-furnished apartments. Larger apartments available for those wishing to move in with legal spouses and/or children. - The school fully covers rent. 3. Comprehensive Benefits: - Global health insurance (excluding the US) and social security coverage. - Transportation allowance for arrivals, departures, and return flights during summer vacation (please refer to the contract for details). - Free tuition for up to two children (ages 5 and above). - Three meals provided on working days. Both","#1.
Teachers needed in a k-12 school in Chaoyang district, Beijing.
August 2026 start
1.
Secondary School History Teacher,
ABC or Chinese nationality
2.
Secondary School Design Technology Teacher,International or Bilingual
3.
Secondary School Chemistry Teacher,International or Bilingual
4.
Secondary School Math Teacher*2 ,
International or Bilingual
5.
Secondary School ESL Teacher*2,
International
or Bilingual，
ABC or Chinese nationality
Requirements:
- Bachelor's degree or higher in education in a related field
- More than 3 years teaching experience in History, wood carving and fine woodcraft techniques, AP Chemistry+STEM, PD/A-level Math , English
- Educational background in a related subject
- Teaching qualifications
- Eligibility to meet visa application requirements
Compensation & Benefits
1. Competitive renumeration
2. Exceptional On-Campus Accommodation: (Please notice that we offer on campus apartment only, no housing allowance as alternative)
- Teachers are offered spacious and fully-furnished apartments. Larger apartments available for those wishing to move in with legal spouses and/or children.
- The school fully covers rent.
3. Comprehensive Benefits:
- Global health insurance (excluding the US) and social security coverage.
- Transportation allowance for arrivals, departures, and return flights during summer vacation (please refer to the contract for details).
- Free tuition for up to two children (ages 5 and above).
- Three meals provided on working days. Both Western and Chinese dishes are prepared by onsite chefs focusing safe, fresh and nutritious meals that are to be sourced locally whenever possible
#2 A Female Nursery teacher needed in an IB kindergarten in Wangjing area, Chaoyang district, Beijing. August 2026
onboarding
Requirements:
• Native English speakers
• Bachelor Degree or above; Education major is preferred; Teaching license is preferred
• Professional teaching qualification for work visa
• At least 2 years related teaching experience
Benefits:
1.Monthly salary: RMB
2
5K-30K before tax
2 Housing allowance:6K
3 International Insurance
4 Tuition fee free for up to 2 kids
5 Excellent opportunities for Professional Development
6. Promotion Opportunities
7 Paid Holidays & Paid Leaves
#3 International teacher openings in a K-12 IB School in Shunyi district, Beijing. August 2026 onboarding
1 MSHS Math Teacher
1MSHS Economics Teacher
Requirements:
• Native English speakers
• Bachelor Degree or above; Education major is preferred; Teaching license is required
• Professional teaching qualification for work visa
• At least 2 years IB curriculum related subject teaching experience
Benefits:
1.Annual salary: RMB
304000-410000
before tax
2 Housing allowance
3 International Insurance
4 Tuition fee free for up to 2 kids
5 Excellent opportunities for Professional Development
6. Promotion Opportunities
7 Paid Holidays & Paid Leaves
#4
International teacher openings in a Leading k-12 bilingual school in Chaoyang district, Beijing. Onboard time: August 2026. Certified educators only.
International teachers:
Primary School:
English Teacher
Drama Teacher
Middle School （G6-8）：
English teacher
ICT Teacher
PE Teacher
High School(G9-12 IG+AL/AP):
English teacher
Bilingual Counsellor
Bilingual Math teacher
Qualifications
1. Bachelor degree or above
2. PGCE/QTS/Teaching license of other countries
3. At least 2 years full time English teaching experience at real school settings
Salary and Benefits
Competitive monthly salary, based on your working experience and education background.
Other benefits: Completion bonus, Renew bonus, Airfare reimbursement for arrival at the beginning/end of the contract, one-time relocation fee, one-time excess baggage reimbursement Medical insurance. Work visa, housing/housing allowance, break&lunch, summer&winter holidays around 2 months
#5
Openings in a k-12 bilingual school in Chaoyang district, Beijing. Onboard time: August 2026. Preferred the candidate in China already.
Primary ELA  and Homeroom teacher
Qualifications:
Bachelor’s degree in related field (Master’s degree preferred).
Valid teaching certification in related subjects.
Native English Speakers
Proven related teaching experience.
Strong knowledge of related subject.
Excellent communication, organizational, and classroom management skills.
Ability to integrate technology into teaching and learning.
WORKING HOURS, CLASS SIZE, PAY AND BENEFITS:
a.From Monday to Friday, unless the Chinese government requires labor on Saturdays or Sundays,
b.The working hours are from 8:00 AM to 5:00 PM. Each class may accommodate up to 25 students. There are up to 25 teaching times each week, with each lesson lasting 40 minutes.
c.The benefits include a 60-minute lunch break, complimentary lunch provided on campus, a monthly stipend for breakfast, and presents from the institution.
d.Full-time job with a one-year contract (renewable).
e.The applicant will enter into an employment agreement directly with our school and will get assistance in applying for work visas and residence permits.
The monthly remuneration is about 27000RMB after tax, including a housing stipend.4000 housing stipend if not living in the dorm
Extra remuneration forA) for PGCE/SACE/QTS/US teaching license, B) for MASTER/PhD degree, and C) monthly high attendance,
A performance evaluation assessment incentive of up to 14000rmb before tax is suggested for July once completing an annual contract.
Our school offers a progressive wage increase programme that is determined by the educator's duration of service.
Progressive sick days benefits programme as per seniority in the school & medical insurance in foreign hospital departments in China.
Air Fare reimbursement: round-trip flight ticket not exceeding 6000 RMB per year for completing one full year of employment with the employer.
#6 International teachers needed in a K-12 private school in Haidian district, Beijing. August 2026 onboard.
Primary homeroom teacher in G1&G2*2 (7:30-17:30,2 hours lunch break)
High School English Teacher*2(8:00-17:30,2 hours lunch break)
Requirements:
Bachelor’s degree or above, with a preference for graduates from prestigious universities.
Previous experience teaching at the similar grades or equivalent, with the ability to deliver academic courses primarily in English
Native English speakers(UK,US or Canada nationality preference)
Young and energetic( 35 years or younger for primary school students, 42 years or younger for middle or high school students)
Monthly Salary: RMB 24K plus before tax, depends on degrees and working experience.
Benefits:
Free apartment on campus or 3k Housing allowance
80% paid for summer and winter holidays
Commercial Medicial Insurance
Air tickets subsidy
10% tuition if your kids need schooling at our school(this give 1 kid only, and most classes are given in Chinese)
Free working meals at school canteen and Fruits
1 day paid sick leave every semester
Birthday welfare.
#7
Educators needed in a world class bilingual school and international school in Hangzhou, Zhejiang Province.
Starting Date: August  2026
Head of Higher Education and Careers
(preferably candidates with China nationality, with good university record and leader experience)
Head of Chinese for the primary department of
our bilingual school
(candidates with China nationality, with local school experience and bilingual school experience)
Head of English for
the primary department of
our bilingual school
(British preferred, Head of English experience in British curriculum schools)
Head of Primary for
our bilingual school
(British preferred, at least 5 years leadership experience)
Assistant/Deputy Head for our international school
(British preferred, at least 3 years leadership experience)
Senior School Chinese and Literature Teacher
Primary art teacher for our bilingual school
-Requirements:
o   Native English Speaker (UK nationality preference)
o   At least 2 years primary school art teaching experience in international school or bilingual school setting.
o   Bachelor degree or above (Major in fine arts or related), and teaching license
Benefits:
Highly competitive salary package.
High-quality, fully furnished housing.
Annual return airfare for employees and dependents.
Comprehensive medical insurance for employees and dependents.
Full tuition support for up to two school-age children (3 years and above).
Full visa application support.
#8 An
IGCSE English Teacher needed
in the international department of a public school in Ningbo city, Zhejiang province. August 2026 onboarding.
Job Descriptions:
Teach relevant subject to several sections of high school students;
Collaborate with department members;
Design and implement rigorous assessments that evaluate student mastery of academic standards;
Create a safe learning environment for all students by implementing classroom management strategies and best practices with consistency;
Provide coverage as needed during non-instructional time;
A Bachelor’s degree is required; a Master’s degree preferred
Serve as a productive member;
Do whatever it takes to ensure the mission of the school is upheld.
Qualifications:
A Bachelor’s degree is required; a Master’s degree is preferred;
A minimum of two years’ high school teaching experience is required;
Criminal record check certificate is required；
Meet all related PRC Education and Labor Bureau regulations for you to work and reside in China
Candidates from Europe or North America preferred
We offer:
- Salary: RMB 20000～30000/month X 12
- Performance recognition RMB10,000 ~ 20,000 per school year
- Renewal contract bonus: RMB 20,000
- Medical insurance（school pay for RMB15,000/year)
- House allowance: RMB4500 per month
- Airfare allowance: RMB12000 per school year
- Relocation allowance: up to RMB 3,000
- Winter&Summer holiday: min 9 weeks, full pay.
#9
International teacher
Vacancies in a K-12 school in Nanjing city, Jiangsu Province. Onboard time: August, 2026.
Primary School English Teacher
High school PE teacher
High school English teacher
High school
(A-level)
Chemistry Teacher
Requirements
• A bachelor or above degree
• At least 3 years A-level related subject teaching experience in international schools and be familiar with international curriculum;
• Hold a teaching license or TEFL/TESOL certificate;
Salary Package
• Competitive salary, based on qualifications and experience
• 3500RMB Housing Allowance per month
• Contract Completion Bonus
• Flight allowance will be provided per year
• A relocation allowance will be paid to assist with the shipping of additional luggage etc. at the start of the contract
• Medical insurance of an international standard
• Holiday entitlement will be as per the school holidays with full pay
• Breakfast and lunch are provided free of charge for teachers during term-time
• Free tuition for your children
#10
. AP Science Teacher needed in a high school in Guangzhou city, Guangdong province. August 31 2026 start
Job Requirements:
• Bachelor’s degree in education or related field (valid teacher certification required if you do not have a degree in your subject area).
• Native English speaker preferred; Chinese teachers with a high level of English proficiency are also encouraged to apply.
• Experience teaching AP Physics, AP Chemistry, or AP Biology.
• High moral standards.
• Excellent written and verbal communication skills.
Responsibilities:
• 18-24 teaching hours per week + 6-12 office hours per week = 30 total working hoursper week. This includes lesson planning, grading, weekly staff meetings, clubs, and attending international department and MVI events.
• Class hours are:- Monday – Thursday: 7:45am – 12:05pm, 2:30pm – 4:55pm
- Friday: 7:20am – 10:30am
• Become proficient with AP Classroom and FACTS (student management software,formally known as RenWeb). Professional development will be provided.
Benefits:
• 1 annual round trip fight or flight stipend (negotiable)
• Fully furnished apartment on campus or off campus housing allowance, dependent on availability (negotiable)
• Monthly food stipend (400 RMB)
• 10 days paid sick leave
• Bereavement leave
• Standard health insurance
• Discounted tuition for dependents
• Overtime compensation provided if asked to work over contract hours
• Annual salary negotiable based on experience and qualifications
• School assistance with visa requirements
11. 2 Primary English teachers needed in a k-12 school in Ganzhou city, Jiangxi province. August 2026 start.
Requirements:
Bachelor degree or above
Native English speakers preferred
At least 2 years full time teaching experience
Qualified for Z visa
Salary and benefits:
Monthly salary: 15K-20K
Paid summer and winter holidays. Air tickets reimburse.
12. International Teacher Jobs in Beautiful Fuyang, Hangzhou city. August 15, 2026 start
1. Art Teacher junior & senior high
2. primary Science Teacher,Power Up Cambridge text experience
3. Dance Teacher k-12
4.Female KG-G2 PE teacher
-Benefits:
o   Monthly salary: RMB 20,000—RMB 26,000
o   Housing allowance: Up to RMB 3500 per month
o   RMB 10,000 Travel allowance
o   Overtime: RMB 300 for Weekend Open Days
o   Meals on campus, access to pool, golf course, gym
o   Free Tuition for all children
o   Fully paid holidays including winter and summer
o   Renewal bonus of RMB 10,000
o   Domestic health insurance
-Requirements:
o   Native Speaker (US/UK/Canada preference)
o   At least 2 years current teaching in position applying
o   Bachelor degree or above (in the applying subject)
o   Professional, energetic, creative, flexible, positive, passionate about teaching
o   Preference 45 or younger
-Job Details:
o   20-25 students per class
o   22 lessons per week
o   40 hours a week (includes lessons and office hours)
o   Willingness to assist with Open Days and Demo classes
o   Must be a flexible, positive Team player willing to help a young school reach its potential
Qualified candidates please send your updated resume, self-intro video, degree and teaching license/certificates to:
Wechat:
18516987986
Email:
[email protected]
To apply, email
[email protected]"
eslcafe-modern,foreign-englishsubjectskindergartens-teachers,https://www.eslcafe.com/postajob-detail/foreign-englishsubjectskindergartens-teachers,Foreign English/Subjects/Kindergartens Teachers Needed in China from August 2026,,"Zhejiang, Jiangsu, Beijing, Shanghai, Guangzhou, Shenzhen, Chengdu, Qingdao",China,20000-35000,RMB,Bachelor,,,August 2026,nichole@zj-elite.com,,,"We are seeking qualified foreign teachers to deliver instruction at local public schools, private institutions, foreign language schools, bilingual schools, and international schools. Teaching subjects include but are not limited to English, mathematics, science, physical education, music, geography, chemistry, and other related disciplines. Positions involve collaboration with international schools offering globally recognized curricula such as IB, A‑Level, IGCSE, and Cambridge programmes. We also provide structured development platforms for new teachers to enhance their pedagogical skills and professional growth. Position type 1 Foreign English Teachers needed Location: Zhejiang,Jiangsu province mainly, like Hangzhou,Ningbo,Nanjing,Wuxi,Suzhou. Also have schools in Beijing, Shanghai, Guangzhou,Shenzhen,Chengdu, Qingdao... School types:International, bilingual, foreign language, public, private schools Age group:7-12;13-15;16-18;18+ Class size:25-40 Work time:around 7:30am to 5pm, Mon. to Fri (depends on schools);have around 20 classes per week; Benefits: Salary package: 20-35K RMB before tax plus housing(universities salary package will be lower; Flight allowance and medical insurance offered; Enjoy around 6-7 week summer holiday and around 2-3 week winter holiday; Requirements: Open for native English speakers only ;Need to be under 55 years old; Hold bachelor’s degree at least; TEFL/TESOL/CELTA/PGCE or other teaching license certified; Have teaching experience preferred,","We are seeking qualified foreign teachers to deliver instruction at local public schools, private institutions, foreign language schools, bilingual schools, and international schools. Teaching subjects include but are not limited to English, mathematics, science, physical education, music, geography, chemistry, and other related disciplines. Positions involve collaboration with international schools offering globally recognized curricula such as IB, A‑Level, IGCSE, and Cambridge programmes. We also provide structured development platforms for new teachers to enhance their pedagogical skills and professional growth.
Position type 1
Foreign English Teachers needed
Location: Zhejiang,Jiangsu province mainly, like Hangzhou,Ningbo,Nanjing,Wuxi,Suzhou. Also have schools in Beijing, Shanghai, Guangzhou,Shenzhen,Chengdu, Qingdao...
School types:International, bilingual, foreign language, public, private schools
Age group:7-12;13-15;16-18;18+
Class size:25-40
Work time:around 7:30am to 5pm, Mon. to Fri (depends on schools);have around 20 classes per week;
Benefits:
Salary package: 20-35K RMB before tax plus housing(universities salary package will be lower;
Flight allowance and medical insurance offered;
Enjoy around 6-7 week summer holiday and around 2-3 week winter holiday;
Requirements:
Open for native English speakers only ;Need to be under 55 years old;
Hold bachelor’s degree at least;
TEFL/TESOL/CELTA/PGCE or other teaching license certified;
Have teaching experience preferred, especially for international schools;
Position type 2:
Kindergarten Teachers needed
Location: Zhejiang,Jiangsu province mainly, like Hangzhou,Ningbo,Nanjing,Wuxi,Suzhou. Also have schools in Beijing, Shanghai, Guangzhou,Shenzhen,Chengdu, Qingdao...
School types:International, bilingual, foreign language, private schools
Age group:2-6;
Class size:20-25;
Work time:around 7:30am to 5pm, Mon. to Fri (depends on schools);
Benefits:
Salary package: 20-35K RMB before tax plus housing;
Flight allowance and medical insurance offered;
Enjoy around 4-7 week summer holiday and around 2-3 week winter holiday;
Requirements:
Native English speakers preferred ; Need to be under 45 years old ;
Hold bachelor’s degree at least, majoring in early-childhood education preferred;
TEFL/TESOL/CELTA/PGCE or other early childhood education teaching license certified;
Have kindergarten teaching experience preferred;
Kindergartens in Zhejiang Province can only take those teachers who have at least 24 months teaching experience to 2-6 years old kids in kindergartens or training centers after receiving bachelor's degree certificate;
Position type 3
Foreign Subjects Teachers needed in China
Subjects: Art, Sports, Music, Science, Computer Science, Biology,Chemistry, Math,Physics...
Location: Zhejiang,Jiangsu province mainly, like Hangzhou,Ningbo,Nanjing,Wuxi,Suzhou. Also have schools in Beijing, Shanghai, Guangzhou,Shenzhen,Chengdu, Qingdao...
School types:International, bilingual, foreign language, public, private schools
Age group:7-12;13-15;16-18;18+
Class size:25-40
Work time:around 7:30am to 5pm, Mon. to Fri (depends on schools);have around 20 classes per week;
Benefits:
Salary package: 20-35K RMB before tax plus housing;
Flight allowance and medical insurance offered;
Enjoy around 6-7 week summer holiday and around 2-3 week winter holiday;
Requirements:
Can speak English fluently; Under 50 years old preferred
Hold bachelor’s degree with subject-related major at least;
TEFL/TESOL/CELTA/PGCE or other subject related teaching license certified;
Have several year subject related teaching experience preferred;
Non native English speakers must have at least 24 months subject related teaching experience in schools after receiving bachelor's degree certificate with subjected related major ;
International schools will prefer teachers who have A level, IGCSE,IB curriculum teaching experience;
Please find some detailed positions available below.
1.Kindergarten teachers needed from late August 2026
✅ Location:  Hangzhou, China,
✅ Work Time: Monday–Friday, 8:00 a.m. – 17:00 p.m.
✅ Salary: 22,000–28,000 RMB / month (pre-tax, negotiable for IB experienced candidates)
✅ Student Age: 2–6 years old
✅ Class Size: 20 children
🔹 Requirements
Bachelor’s degree or above in Early Childhood Education or related field
Have 2+ years of teaching experience to 3-6 years old kids in either kindergarten or tranining centers after getting bachelor's degree;
TESOL/TEFL/ CELTA certification is a plus
Native English speaker (US, Canada, UK, Ireland, New Zealand, South Africa, etc.) Under 45 years old preferred
Able to transfer work visa via the kindergarten
🔹 Benefits
✈️ Flight allowance
🏥 Medical insurance
🎉 Paid public holidays
❄️ Paid winter holiday: 2-3 weeks
☀️ Paid summer holiday: 6-7weeks
2.Shanghai International High school English Teachers needed from August 2026
Salary: 25K–30K + other benefits
Students age:15-18
Requirements:
Bachelor’s degree or above in English Language and Literature, Education, or a related field;
Minimum of 2 years of High School teaching experience in English as a first or second language.
Familiarity with international curricula;
Hands-on teaching experience in IBDP (English A: Literature, English A: Language and Literature, or English B) or AP (AP English Language and Composition, AP English Literature and Composition) is highly preferred;
Must hold an officially recognized TEFL certificate (120 hours or more);
Candidates with PGCE, PGDE, or a teaching license from the US, Canada, UK, etc., are strongly preferred. Under 45 years old preferred;
We value systematic teacher training backgrounds.
Familiar with the assessment criteria and syllabi of international exams (IB/AP);
3.Homeroom Kindergarten teachers needed In China
Location: Nantong, Jiangsu（ low rental cost & close to Shanghai)
⏰ Working hours:
🗓️ Start date: End of Aug 2026
Students Age:2-6
Class size: 13-16
Working time:Monday–Friday 8am–5pm( 1-hour lunch break)
Chinese teacher assistant in class offered
Requirement:
Open for native English speakers only; Under 40 years old preferred;
Hold Bachelor’s degree at least;
CELTA/TEFL/TESOL certified;
Have 1-year teaching experience in kindergarten/ training center preferred; Open for teachers with no teaching experience
Need sign 2-year contract
Salary&Benefits:
Salary: 24,000–25,000 RMB (after tax)
Salary is negotiable based on qualifications.
Paid leave:
2 week summer holiday
1 week  winter holiday
1 day for Thanksgiving
1 day for Christmas
12 months full pay
Insurance provided
4.One Art Teacher and One Sports Teacher needed in a Primary School in coastal city in China
Starting time:Late August ,2026
Age group:6-12 years old
Class size: 30
Working hours: 8:00–11:30 AM, 1:00–4:00 PM, Monday to Friday
Teaching load: 20 classes per week, 40 minutes per class
Contract period: August 20, 2026 – August 30, 2027
Enjoy around 3 weeks winter vacation/ 1.5 months of summer vocation, fully paid
Requirements
Open for native English speakers only;
Hold Bachelor’s degree in sports/ art;
Under 45 years old preferred;
At least 2 years of primary school sports/ art teaching experience;
TEFL/TESOL certified preferred;
Can take non-native English speakers who have at least 24 months sports/ art teaching experience after receiving bachelor’s degree certificate in sports and art. Has to be very fluent in English
5.Primary School Teacher Needed in Hangzhou
Kids age:6-12
Class size:25-40
Starting time:August 2026
Benefits:
18-23k RMB before tax plus extra housing allowance;
Other benefits offered;
Requirements:
Natives speakers only;
Hold Bachelor’s degree at least;
TEFL/TESOL/CELTA/PGCE certified
Having teaching experience preferred
6.One Primary School Homeroom Teacher Needed in Ningbo International School in China
Curriculum: IB PYP
Location: Ningbo, China( coastal city)
Students Age:7-12
Salary & Benefits
Annual Salary: CNY 210k–360k (based on qualifications/experience).
Benefits: Housing allowance, airfare reimbursement, bonus, settling-in/relocation support, global health insurance.
Requirements:
Open for native English speakers only;
Under 45 years old preferred;
Hold Bachelor’s degree certificate;
TEFL/CELTA/TESOL/PGCE certified;
Have 2 year primary school teaching experience using IB PYP curriculum;
7.Hangzhou Primary School Homeroom Teachers Needed from August 2026
Basic info:
Location: Hangzhou city, Zhejiang province,China
Curriculum:IB curriculum
Age group:6-12 years old
Work time:7:30am to 5pm Mon. to Fri.(Sometimes will need take extra club classes from 5pm to 5:40pm if teacher has no enough classes)
15 classes/week at most;40 minutes/class;
15 classes includes English&sports/music/art teaching, low-level drama teaching and topics classes teaching based on IB curriculum;
Must join the school activities
Benefits:
Salary package: 20-24k RMB before tax in total(with salary and housing allowance included);
Flight allowance and medical insurance offered;
Enjoy around 6-7 week summer holiday and around 2-3week winter holiday
Requirements:
Native English speakers preferred ;
Prefer under 45 years old
Hold bachelor’s degree at least; with sports/art/music preferred;
TEFL/TESOL/CELTA/PGCE or other teaching license certified;
Have 1-year teaching experience preferred;
Can take non-native English speakers who have at least 24 months major-related teaching experience after receiving bachelor’s degree certificate. Major like art, music, sports, drama, dance...
8.Kindergarten Teachers Needed in Wuxi city from August 2026
Homeroom teaching position
Curriculum: Monterossi curriculum,
Location: Wuxi city, Jiangsu province
Class size:20-26
Students age:2-6
Teaching hours: Monday–Friday, 8:00am–12:45pm & 2:30pm–5:00pm( has an hour lunch break. Can prepare lesson plans in non-teaching hours)
Chinese teacher assistant in class offered
Requirements:
Open for native English speakers only;
Under 40 years old preferred
Hold Bachelor’s degree at least;
CELTA/TEFL/TESOL certified;
Have 1-year teaching experience preferred; Open for teachers with no teaching experience
Salary&Benefits:
Monthly Salary: 20-23K RMB before tax( housing allowance included in the salary package already)
Holidays: Chinese public holidays, weekends, summer and winter vacations
Winter vacation: 3 weeks, paid in full
9.International school in Hangzhou, Zhejiang is hiring for August 15th 2026
1. Art Teacher for junior & senior high
2. Dance Teacher for junior & senior high
3. English Teacher  for junior & senior high
4. Science Teacher for primary school
-Benefits:
* Monthly salary: RMB 22,000—RMB 29,000 before tax
* Housing allowance: Up to RMB 3500 per month
* RMB 10,000 Travel allowance
* Overtime: RMB 300 for Weekend Open Days
* Meals on campus, access to pool, golf course, gym
* Free Tuition for all children
* Fully paid holidays including winter and summer
* Renewal bonus of RMB 10,000
* Domestic health insurance
-Requirements:
* Native Speaker (US/UK/Canada preference)
* At least 2 years teaching experience in position applying
* Bachelor degree or above (in the applying subject)
* Professional, energetic, creative, flexible, positive, passionate about teaching
* CELTA/PGCE/TEFL/TESOL certified
* Preference 45 or younger
-Job Details:
* 20-25 students per class
* 22 lessons per week
* 40 hours a week (includes lessons and office hours)
* Willingness to assist with Open Days and Demo classes
* Must be a flexible, positive Team player willing to help a young school reach its potential
10.Kindergarten Homeroom Teacher Needed in China
🌆 Location: Yangzhou, one of the most livable cities in China
📅 Start Date: August 15th,2026
📑 Contract: 1 Year
⏱ Working Time: 8:00–17:00
📚 Teaching Hours: 15–20 hours per week
🏝 Holidays: 2 weeks summer & 2 weeks winter，half paid
💴 Salary: 16,000–19,000 RMB before tax / Month (housing allowance included already)
💡 2,000 RMB KPI bonus in the salary is paid at the end of semester
📌Requirements
▪ Open to Non-native speakers
Under 40 years old preferred
▪ Hold Bachelor’s degree certificate with major in English / Education related fields
▪ Must have at least 24 months kindergarten teaching experience after receiving bachelor’s degree certificate. This reference letter Is required.
📌Job Duties
▪ Daily kindergarten English teaching
▪ Join teaching & research meetings
▪ Assist in school recruitment and events
▪ Support school English publicity
11.Kindergarten Teacher Needed in China — Shaoxing
📍 Location: Shaoxing, Zhejiang Province
🏫 School Type: International Kindergarten
🗓️ Start Date: September 2026
👶 Age Group: 2–6 years old
🕗 Workload: Mon–Fri (08:00–17:00 / 08:40–17:40)
➡️ Weekend “experience classes” may be scheduled; compensatory time off provided
✅ Requirements
2+ years of English teaching experience in Kindergarten aged 2–6. Have to have one-year homeroom teaching experience;
Bachelor’s degree or higher (Education major preferred; Master’s degree is a plus)
TEFL/TESOL certification or teaching license
Experience in international schools preferred
Non-Native English speakers with fluent and accurate pronunciation
Passion for children and early childhood education; professional, reliable, law-abiding
Age under 40
💰 Compensation & Benefits
RMB14,000–16,000/month (before tax, including salary and housing allowance)
2 years contract preferred.
Winter & summer vacation: Winter 2 weeks, Summer 2 weeks; holiday allowance offered;
Additional benefits: compensatory leave for weekend classes
Please contact me for more details.
Email:
[email protected]
Whatsapp:
+86 15868498100
WeChat:
15868498100
To apply, email
[email protected]"
eslcafe-modern,international-schoolsprimarymiddlehigh-school-29,https://www.eslcafe.com/postajob-detail/international-schoolsprimarymiddlehigh-school-29,International schools(Primary/Middle/High schools)' jobs and (20k-36k) Kindergarten/Trianing schools in China,TalentsAisa,"Chongqing, Chengdu, Beijing, Ningbo, Shenzhen, Guangzhou, Wuhan, Nanjing, Suzhou, Hangzhou, etc.",China,20000-36000,RMB,Bachelor,,,,ivy.tic@hotmail.com,,2026-05-29 09:57,"International/Bilingual Schools Location: Chongqing Chengdu Beijing Ningbo Shenzhen Guangzhou Wuhan Nanjing, etc. (All 1st tier and 2nd tier cities) Position: English/Math/Chemistry/Biology/Art/PE/Social Studies teachers, etc Salary: 23000-3 6 000 RMB/month Housing allowance: 2 000-4000 RMB/month Other benefits: air ticket reimbursement, health insurance, paid holiday, etc. Requirements: 1. Bachelor's degree or higher in related education major 2. A recognized teaching qualification is essential 3. A minimum of 2 years of working experience teaching related subjects in high-performing schools. 4. Fluency in written and spoken English to enable effective communication with students and in working relationships. 5. Knowledge of IB/A-level/IGCSE/Common core curriculum, their delivery, and assessments. Kindergarten/Training schools' jobs Locations: Chongqing Chengdu Beijing Shenzhen Guangzhou Wuhan Nanjing Suzhou Hangzhou and others （ most 2nd tier and 3rd tier cities) Monthly income: 20000-30000RMB/month (Salary+ Housing allowance) Other benefits: Air-ticket reimbursement, free hotel at the start, visa application reimbursement, health insurance,paid holiday, etc. requirement: 1. Native English speaker. 2. Bachelor's degree or above. 3. 2 years teaching experience or TEFL. To apply, email [email protected]","International/Bilingual Schools
Location: Chongqing
Chengdu Beijing Ningbo Shenzhen Guangzhou Wuhan Nanjing, etc. (All 1st tier and 2nd tier cities)
Position:  English/Math/Chemistry/Biology/Art/PE/Social Studies teachers, etc
Salary: 23000-3
6
000 RMB/month
Housing allowance:
2
000-4000
RMB/month
Other benefits: air ticket reimbursement, health insurance, paid holiday, etc.
Requirements:
1. Bachelor's degree or higher in related education major
2. A recognized teaching qualification is essential
3. A minimum of 2 years of working experience teaching related subjects in high-performing schools.
4. Fluency in written and spoken English to enable effective communication with students and in working relationships.
5. Knowledge of IB/A-level/IGCSE/Common core curriculum, their delivery, and assessments.
Kindergarten/Training schools' jobs
Locations: Chongqing
Chengdu Beijing Shenzhen Guangzhou Wuhan Nanjing Suzhou Hangzhou and others
（
most 2nd tier and 3rd tier cities)
Monthly income: 20000-30000RMB/month (Salary+ Housing allowance)
Other benefits: Air-ticket reimbursement, free hotel at the start, visa application reimbursement, health insurance,paid holiday,
etc.
requirement:
1. Native English speaker.
2. Bachelor's degree or above.
3. 2 years teaching experience or TEFL.
To apply, email
[email protected]"
eslcafe-modern,high-paying-kindergarten-and-public-school-te-33,https://www.eslcafe.com/postajob-detail/high-paying-kindergarten-and-public-school-te-33,⭐⭐⭐ High Paying Kindergarten and Public School Teaching Jobs in Major Cities in China ⭐⭐⭐,Gold Star TEFL Recruitment,"Shanghai, Beijing, Shenzhen, Guangzhou and other major cities",China,"18,000 to 35,000 RMB",RMB,Bachelor,,,Throughout 2026,job@goldstarteachers.com,https://goldstarteachers.com/apply-dave/,,"Reference number: DE6J Positions: English Language Teacher Students: Kindergarten, Primary, Middle and High School Locations: Shanghai, Beijing, Shenzhen, Guangzhou and 28 other major cities across China Interviewing: Now Positions: 20 Start date: Throughout 2026 Our website: www.goldstarteachers.com/jobboard How to Apply Please complete this application form or email your resume to Jim at [email protected] . No TEFL? We recommend the I NTESOL 120 hour course for anyone wanting to teach in China - www.goldstarteachers.com/INTESOL Program Highlights -Excellent monthly salary: 18,000 to 35,000 RMB depending on qualifications, experience, location and type of school -Teach on a monday to friday schedule with weekends off and winter and summer holidays -Free accommodation or housing allowance provided -Teach in an authentic public school setting with cutting edge teaching resources -Select from a range of exciting locations in China Kindergarten and Public School Teaching Jobs We are now holding interviews for qualified English teachers to teach at our kindergartens and primary, middle and high schools in the vibrant cities of Shanghai, Beijing, Guangzhou, Shenzhen, Nanjing, Hangzhou, Wuhan and other major cities in China. We warmly welcome teachers who thrive on inspiring young learners to join our creative team. We believe that every child is unique and has the potential to thrive in a safe and nurturing environment. Our goal is to create a positive and inclusive learning envir","Reference number:
DE6J
Positions:
English Language Teacher
Students:
Kindergarten, Primary, Middle and High School
Locations:
Shanghai, Beijing, Shenzhen, Guangzhou and 28 other major cities across China
Interviewing:
Now
Positions:
20
Start date:
Throughout
2026
Our website:
www.goldstarteachers.com/jobboard
How to Apply
Please complete this
application form
or email your resume to Jim at
[email protected]
.
No TEFL?
We recommend the I
NTESOL 120 hour
course for anyone wanting to teach in China
-
www.goldstarteachers.com/INTESOL
Program Highlights
-Excellent monthly salary: 18,000 to 35,000 RMB depending on qualifications, experience, location and type of school
-Teach on a monday to friday schedule with weekends off and winter and summer holidays
-Free accommodation or housing allowance provided
-Teach in an authentic public school setting with cutting edge teaching resources
-Select from a range of exciting locations in China
Kindergarten and Public School Teaching Jobs
We are now holding interviews for qualified English teachers to teach at our kindergartens and primary, middle and high schools in the vibrant cities of Shanghai, Beijing, Guangzhou, Shenzhen, Nanjing, Hangzhou, Wuhan and other major cities in China. We warmly welcome teachers who thrive on inspiring young learners to join our creative team.
We believe that every child is unique and has the potential to thrive in a safe and nurturing environment. Our goal is to create a positive and inclusive learning environment that supports children’s social, emotional, and cognitive development. We strive to provide our students with a solid foundation in education and life skills, while also fostering their creativity, curiosity and love of learning.
We pride ourselves on offering the highest educational standards and you will make use of a variety of engaging teaching materials and methods including group work, music, activities, performances, art projects and much more. Communicating with parents to provide feedback periodically will also be one of the responsibilities.
Teachers will work on a Monday to Friday schedule with evenings & weekends off plus long summer & winter vacations to explore the country and beyond.
The Locations
Interviews are being held for teaching positions in over 30 major cities across China. Teach along the vibrant east coast of China in Shanghai, Beijing, Shenzhen, Guangzhou, Tianjin, Hangzhou, Suzhou for example or head west to Chongqing, Chengdu or Xi’an or even up north to the Inner Mongolian cities of Baotou or Hohhot. The choice is yours, we will send you detailed job descriptions, city information and compensation packages once we receive your application.
Teach English in Beijing
Beijing, capital of the People’s Republic of China, is the nation’s political, economic, cultural, educational and international trade and communication center. Located in northern China, Beijing continues to be an exciting place for all things music, fashion and art with plenty of events and shows to attend.
Teach English in Shanghai
Known as the ‘Pearl of the Orient’, Shanghai is truly an international metropolis in every sense of the word. The most vibrant and progressive city in China, Shanghai is the economic and cultural center, blending an incredible mix of Eastern and Western culture. For those who like to shop, party and eat, Shanghai has all you could possibly want and more. But despite its cosmopolitan reputation, pockets of quaint tradition remain alive and well, dotted throughout the city.
Teach English in Shenzhen
Shenzhen is located in the southern portion of the Guangdong Province, on the eastern shore of the Pearl River Delta. Neighboring the Pearl River Delta and Hong Kong, located just south of Shenzhen, Shenzhen’s location gives it a geographical advantage for economic development. Shenzhen is considered as one of the richest cities in the country which offers foreigners a great insight into contemporary China. From a small fishing village 30 years ago, Shenzhen has turned into a city filled with dynamic energy and on its way to becoming a world class metropolis.
Main Responsibilities
-Maximum of 25 teaching hours per week with weekends off
-Student age: 3 to 18 (depending on type of school)
-Class size: 20 to 30 students
-Deliver our English language curriculum
-Incorporate creative and interactive teaching strategies to engage children in the learning process
-Create a positive and inclusive classroom environment that supports the children's social, emotional, and cognitive development
-Attend meetings and training sessions as required
-Ensure that all teaching materials and resources are up-to-date, organized and accessible
Compensation
-Excellent monthly salary: 18,000 to 35,000 RMB depending on qualifications, experience, location and type of school
-Flight, visa document and hotel reimbursement on arrival
-Support with finding an apartment to rent
-11 Chinese public holidays + 1 month winter & 2 months summer vacation
-Legal Z work visa provided
-Medical and accident insurance provided
-Contract renewal bonus: 5,000 RMB
-Airport pickup
-Pre-training provided: orientation, Chinese culture, Mandarin class, teaching methodology
-On-going training and academic support
-Career development opportunities in teaching, course development and regional trainer
Requirements
-Native English speaker from UK, USA, Canada, Australia, New Zealand, Ireland & South Africa
-Bachelor’s degree or above required
-TEFL, CELTA, teaching license certificate (No TEFL? We recommend INTESOL -
www.goldstarteachers.com/intesol
)
-Previous teaching experience with young learners preferred but not required as full training provided
-Cultural sensitivity, awareness, and willingness to explore other cultures
How to Apply
Please complete this
application form
or email your resume to Jim at
[email protected]
.
-Covering letter
-Resume
-Recent professional photo
-Passport photo page (scan)
-Degree & TEFL certificates (scan)
-Preference for teaching locations (if any)
-Quote reference #
DE6J
in the email subject
Gold Star TEFL Recruitment
With over 10 years experience in the ESL industry, Gold Star TEFL Recruitment is an honest, professional, British owned recruitment agent. We have helped thousands of teachers find meaningful jobs with excellent schools.
Fully screened schools, updated daily:
ESL Job Board in China
Visit our website:
ESL Jobs in China
Read interviews with our teachers:
www.GoldStarTeachers.com/interviews
Read articles about life in China:
www.GoldStarTeachers.com/articles
There are
no costs
whatsoever for the entire recruitment process. We are looking forward to hearing from you.
We are looking forward to hearing from you.
To apply, email
[email protected]"
eslcafe-modern,recruiting-native-english-speakers-in-beijing-1,https://www.eslcafe.com/postajob-detail/recruiting-native-english-speakers-in-beijing-1,"Recruiting Native English Speakers in Beijing, Shenzhen, Dalian, Yangzhou, Wuhan, Suzhou, Shanghai, Guangzhou, Nanjing, Weifang, Bijie etc all over China. Salary from 25000 RMB to 32000 RMB monthly","Beijing Zhongyu International Education Consulting Service Co., LTD","Beijing, Shenzhen, Dalian, Yangzhou, Wuhan, Suzhou, Shanghai, Guangzhou, Nanjing, Weifang, Bijie etc",China,25000-32000,RMB,Bachelor,,,,batwedu88@yeah.net,,2026-05-27 07:33,"Requirement: Native English Speakers Only Degree: Bachelor degree or higher Certificate: 120 hours TEFL/TESOL certificate or two years teaching experience reference letter Compensation: Salary: Monthly salary from 25000 RMB to 32000 RMB depends on teaching cities and teachers' qualification Free meals Workload: 20 to 22 teaching hours per week, two days off Paid holidays Medical insurance offered Flight allowance offered Required Documentation: Current Resume Copy of the ID page of your valid passport Current Photo or short introduction video Contact Information: Contact person: Michelle Contact Email: [email protected] Wechat: 15810230661 or goodluck668801 WhatsApp: +86 15810230661 To apply, email [email protected]","Requirement:
Native English Speakers Only
Degree: Bachelor degree or higher
Certificate: 120 hours TEFL/TESOL certificate or two years teaching experience reference letter
Compensation:
Salary: Monthly salary from 25000 RMB to 32000 RMB depends on teaching cities and teachers' qualification
Free meals
Workload: 20 to 22 teaching hours per week, two days off
Paid holidays
Medical insurance offered
Flight allowance offered
Required Documentation:
Current Resume
Copy of the ID page of your valid passport
Current Photo or short introduction video
Contact Information:
Contact person: Michelle
Contact Email:
[email protected]
Wechat:
15810230661
or goodluck668801
WhatsApp:
+86 15810230661
To apply, email
[email protected]"
eslcafe-modern,kindergarten-jobs-in-beijing-tianjin-shenyang,https://www.eslcafe.com/postajob-detail/kindergarten-jobs-in-beijing-tianjin-shenyang,"Kindergarten jobs in Beijing ,Tianjin, Shenyang , Hangzhou ,Ningbo, Chongqing , Jinan ,Dlian ,Xiamen .Guangzhou.Primary School jobs in Beijing ,Yiwu ,Guangzhou ,.University Jobs in Xian'Jilin ,Taizhou ,Nanjing . and also Beijing  TOEFL& Dancing  Teaching jobs!!!!!!!!!!!",Topnotchesl,"Beijing, Tianjin, Shenyang, Hangzhou, Ningbo, Chongqing, Jinan, Dalian, Xiamen, Guangzhou, Yiwu, Xi'an, Jilin, Taizhou, Nanjing, Qinhuangdao, Qufu, Nanchang, Lingshui",China,5000-6000 AUD / 12000-14000 RMB / 20000-32000 RMB,RMB,Bachelor,,1 year,August 2026 / September,jenifer2025@126.com,,2026-05-25 09:53,"Kindergarten jobs in Beijing ,Tianjin, Shenyang , Hangzhou ,Ningbo, Chongqing , Jinan ,Dlian ,Xiamen .Guangzhou.Primary School jobs in Beijing ,Yiwu ,Guangzhou ,.University Jobs in Xian'Jilin ,Taizhou ,Nanjing . and also Beijing TOEFL& Dancing Teaching jobs!!!!!!!!!!! 2. Native English speakers preferred, including candidates from South Africa; overseas applicants are welcome; 3. Highly experienced non-native English teachers currently holding a valid Beijing non-native work visa may also be considered; 4. Rich teaching experience with young children; 5. Stable, energetic, lively and suitable for kindergarten teaching. Benefits & Package - Monthly salary: 20000 – 30000 RMB - Commercial insurance or social security provided - Paid winter or summer vacations Primary Homeroom Teacher, Guangzhou Baiyun 2 vacancies | Aug 2026 start | 10-month contract 20-32K/month + free housing + 10,000 RMB winter subsidy Full visa support, flight allowance, all school holidays off Weekends free, great work-life balanceHomeroom Teacher | Guangzhou Primary School Jobs In Beijing ,Guangzhou ,YiWu ✅ 2 Open Positions ✅ Start: August 2026 ✅ 10-Month Contract ✅ Salary: 20,000 - 32,000 RMB/month ✅ Free Accommodation ✅ Winter vacation with 10,000 RMB extra winter allowance - Mon-Fri, weekends off - All public holidays + summer & winter vacation - Fully sponsored work visa & permits - Flight & arrival hotel reimbursement - Vacation bonus + accident insurance - Full training & career growth - Teaching m","Kindergarten jobs in Beijing ,Tianjin, Shenyang , Hangzhou ,Ningbo, Chongqing , Jinan ,Dlian ,Xiamen .Guangzhou.Primary School jobs in Beijing ,Yiwu ,Guangzhou ,.University Jobs in Xian'Jilin ,Taizhou ,Nanjing . and also Beijing  TOEFL& Dancing  Teaching jobs!!!!!!!!!!!
2. Native English speakers preferred, including candidates from South Africa; overseas applicants are welcome;
3. Highly experienced non-native English teachers currently holding a valid Beijing non-native work visa may also be considered;
4. Rich teaching experience with young children;
5. Stable, energetic, lively and suitable for kindergarten teaching.
Benefits & Package
- Monthly salary: 20000 – 30000 RMB
- Commercial insurance or social security provided
- Paid winter or summer vacations
Primary Homeroom Teacher, Guangzhou Baiyun
2 vacancies | Aug 2026 start | 10-month contract
20-32K/month + free housing + 10,000 RMB winter subsidy
Full visa support, flight allowance, all school holidays off
Weekends free, great work-life balanceHomeroom Teacher | Guangzhou
Primary School Jobs In Beijing ,Guangzhou  ,YiWu
✅ 2 Open Positions
✅ Start: August 2026
✅ 10-Month Contract
✅ Salary: 20,000 - 32,000 RMB/month
✅ Free Accommodation
✅ Winter vacation with 10,000 RMB extra winter allowance
- Mon-Fri, weekends off
- All public holidays + summer & winter vacation
- Fully sponsored work visa & permits
- Flight & arrival hotel reimbursement
- Vacation bonus + accident insurance
- Full training & career growth
- Teaching materials provided
University English Teachers needed acrossdifferent locations in ChinaLate August: Xi'an, Taizhou( Jiangsu Province),Nanjing, Qinhuangdao ( Hebei Province),  Jinan,Qufu (Shandong province),Nanc hang (Jiangxi province), Lingshui ( Hainan province).Full time, one year contract.
Benefits:1.
5000-6000
Australian dollars monthly,negotiable,  depending on qualifications.2.Flight Allowance3.Free On-campus accommodation or housing allowance (excludes electricity, water, telephone, network charges)4.2 weeks paid for the successful completion of any academic semester(2 semesters a year)5.Visa cost subsidy6.Opportunity for paid professional development programs.7.Holiday gifts and  team building
Location & Position Type: Xi’an, Jilin / University position
Visa: Chinese cultural and educational work visa
Gender: No restriction
Students: Aged 18+
Start date: September
Salary & Accommodation: 12,000–14,000 RMB per month + housing provided
Working schedule: No office hours required
Benefits: Full paid winter and summer vacations
Other requirements:
Preference for candidates with experience teaching university students/adults
Preference for candidates with TEFL or TESOL certificate
Preference for candidates with 3–5 years of relevant teaching experience in schools or educational institutions
Preference for candidates with a bachelor’s degree or higher in Education or English
WeChat: Jeniferupup
To apply, email
[email protected]"
eslcafe-modern,esl-teachers-needed-in-different-cities-aroun-25,https://www.eslcafe.com/postajob-detail/esl-teachers-needed-in-different-cities-aroun-25,ESL Teachers Needed In Different Cities Around China Now And For New Semester,Cheyenne's TESOL Recruitment Center,Multiple cities across China,China,20000-35000,RMB,Bachelor,,one year,any time,cheyenneesl@qq.com,,2026-05-24 19:45,"Cheyenne's TESOL Recruitment Center ' s client s are education institutes with a culture of success in the classroom. Our services are provided from extremely supportive and social staff s . We have provided international opportunities for thousands of candidates. This is a great opportunity offering many benefits for those who eager to work at a school s in China that are committed to encouraging individual academic success for their students. About the Education Institutes : K indergarten, primary school, middle school, high school, private and international school, university, training center Public or private based Locations:BeiJing,TianJin,ShangHai,GuangZhou,ShenZhen,DaLian,ChangChun,ShenYang, JiNan, QingDao,ZhengZhou,XiAn,HangZhou, SuZhou, NingBo,NanTong,NanJing, TaiZhou,XiaMen,ChengDu, ChongQing, GuiYang, DongGuan, FoShan and so on, vary from metropolicities to remote regional towns About the Role: Teaching English literature or other subjects in English Permanent and full-time role : around 20-25 teaching hours plus lesson preparation time with two days off per week. Start time: any time Contract time: one year Benefits of the Role: Salary: RMB 20 000-3 5 000 per month Free private accommodation or Housing Allowance (with settlement assistance) Bonuses and airfare allowance provided Working visa and insurance provided Paid sick leave and vacation Supportive, driven and caring team of staff Other benefits offered by local schools About You: Experience in a similar role","Cheyenne's TESOL Recruitment Center '
s
client
s
are education institutes with
a culture of success in the classroom.
Our services are provided from
extremely supportive and social staff
s
.
We have provided international opportunities for thousands of candidates.
This is a great opportunity offering many benefits for those
who
eager to work at a school
s
in China
that
are
committed to encouraging individual academic success for their students.
About the
Education Institutes
:
K
indergarten, primary school, middle school, high school, private and international school, university, training center
Public or private based
Locations:BeiJing,TianJin,ShangHai,GuangZhou,ShenZhen,DaLian,ChangChun,ShenYang,
JiNan,
QingDao,ZhengZhou,XiAn,HangZhou,
SuZhou,
NingBo,NanTong,NanJing,
TaiZhou,XiaMen,ChengDu, ChongQing, GuiYang, DongGuan, FoShan
and so on, vary from metropolicities to remote regional towns
About the Role:
Teaching English literature or other subjects in English
Permanent and
full-time
role
: around 20-25 teaching hours plus lesson preparation time with two days off per week.
Start time: any time
Contract time: one year
Benefits of the Role:
Salary: RMB
20
000-3
5
000 per month
Free private accommodation or Housing Allowance (with settlement assistance)
Bonuses and airfare allowance provided
Working visa and insurance provided
Paid sick leave and vacation
Supportive, driven and caring team of staff
Other benefits offered by local schools
About You:
Experience in a similar role will be advantageous
Native English Speakers
BA Degree or above
TESOL ,TEFL or CELTA Certificate preferred.
References from previous employers preferred
Please send us:
Your resume and recent photo
Copies of diploma and teaching certificate ( if have)
Copies of the first page of passport and visa
A self introduction video or audio ( 2-3mins is ok)is prefered
Contact details:
Email:
[email protected]
WeChat: cathy_3489
Whatsapp:
+86 13910013489
Contact person: Cathy
To apply, email
[email protected]"
eslcafe-modern,kindergarten-teachers-in-foshan-and-dongguan,https://www.eslcafe.com/postajob-detail/kindergarten-teachers-in-foshan-and-dongguan,18 positions across 10+ cities in China,Arun Language Training & Recruitment,Multiple cities across China,China,18000-40000,RMB,Bachelor,,,ASAP / Aug 2026,info@arunlanguagetraining.com,https://arunlanguagetraining.com/teaching-jobs,,"Arun Language Training & Recruitment We currently have 18 positions across 10+ cities in China , with the largest concentration in Guangdong and East China . Eligibility (Visa Restrictions Apply) Due to visa regulations and limitations, we can currently recruit candidates only from : USA, Canada, Australia, New Zealand, UK, and Ireland INTERNATIONAL / IB / SECONDARY [1] Guangzhou – IB School (Multiple Roles) Start: Aug 2026 | Students: K–12 | Hours: Mon–Fri Salary: 25–30k RMB per month (≈ $3,500–4,200 USD / £2,750–3,300 GBP) (pre-tax) | Housing: Not specified Benefits: Flight (10k), relocation (2k), insurance, free lunch, shuttle bus, laptop Holidays: Fully paid (2w summer + 4–5w winter + public) Requirements: Bachelor’s degree + teaching licence, 2+ yrs, IB preferred [2] Zhengzhou – IB DP Mathematics Start: Aug 2026 | Students: Secondary | Hours: 8:00–17:00 Mon–Fri Salary: 30–40k RMB per month (≈ $4,200–5,600 USD / £3,300–4,400 GBP) (after tax) | Housing: Allowance Benefits: Free meals, insurance, airfare Holidays: Fully paid winter + summer Requirements: Master’s degree + IB preferred [3] Shanghai – Primary Start: ASAP | Hours: Mon–Fri Salary: 28–35k RMB per month (≈ $3,900–4,900 USD / £3,100–3,900 GBP) (pre-tax) | Housing: Allowance Benefits: Meals, insurance, airfare Holidays: Paid winter + summer Requirements: Bachelor’s degree + 2+ yrs [4] Hangzhou – High School English Start: Aug 2026 | Hours: Mon–Fri Salary: 28–30k RMB per month (≈ $3,900–4,200 USD / £3,100–3,300 GBP)","Arun Language Training & Recruitment
We currently have
18 positions across 10+ cities in China
, with the largest concentration in
Guangdong and East China
.
Eligibility (Visa Restrictions Apply)
Due to visa regulations and limitations, we can currently recruit candidates
only from
:
USA, Canada, Australia, New Zealand, UK, and Ireland
INTERNATIONAL / IB / SECONDARY
[1] Guangzhou – IB School (Multiple Roles)
Start: Aug 2026 | Students: K–12 | Hours: Mon–Fri
Salary: 25–30k RMB per month (≈ $3,500–4,200 USD / £2,750–3,300 GBP) (pre-tax) | Housing: Not specified
Benefits: Flight (10k), relocation (2k), insurance, free lunch, shuttle bus, laptop
Holidays: Fully paid (2w summer + 4–5w winter + public)
Requirements: Bachelor’s degree + teaching licence, 2+ yrs, IB preferred
[2] Zhengzhou – IB DP Mathematics
Start: Aug 2026 | Students: Secondary | Hours: 8:00–17:00 Mon–Fri
Salary: 30–40k RMB per month (≈ $4,200–5,600 USD / £3,300–4,400 GBP) (after tax) | Housing: Allowance
Benefits: Free meals, insurance, airfare
Holidays: Fully paid winter + summer
Requirements: Master’s degree + IB preferred
[3] Shanghai – Primary
Start: ASAP | Hours: Mon–Fri
Salary: 28–35k RMB per month (≈ $3,900–4,900 USD / £3,100–3,900 GBP) (pre-tax) | Housing: Allowance
Benefits: Meals, insurance, airfare
Holidays: Paid winter + summer
Requirements: Bachelor’s degree + 2+ yrs
[4] Hangzhou – High School English
Start: Aug 2026 | Hours: Mon–Fri
Salary: 28–30k RMB per month (≈ $3,900–4,200 USD / £3,100–3,300 GBP) | Housing: Allowance
Benefits: Meals, insurance
Holidays: Paid winter + summer
Requirements: Bachelor’s degree + TEFL
[5] Dongguan – High School Chemistry
Start: Aug 2026
Salary: 25–32k RMB per month (≈ $3,500–4,500 USD / £2,750–3,500 GBP) | Housing: Allowance
Benefits: Airfare, insurance
Holidays: Paid winter + summer
Requirements: Master’s degree + experience
[6] Dongguan – ESL (Primary/Middle)
Start: Aug 2026
Salary: 23–27k RMB per month (≈ $3,200–3,800 USD / £2,500–3,000 GBP) | Housing: 3k RMB
Benefits: Visa, insurance
Holidays: Paid holidays
Requirements: Bachelor’s degree + TEFL
[7] Zhangjiagang – International School
Start: Aug 2026
Salary: 18–22k RMB per month (≈ $2,500–3,100 USD / £2,000–2,400 GBP) (after tax) | Housing: Free or allowance
Benefits: Stipend (~800 RMB), flight (~5k RMB), insurance
Holidays: Paid winter + public
Requirements: Bachelor’s degree + TEFL/experience
KINDERGARTEN
[8] Guangzhou – IB Kindergarten
Start: Aug 2026
Salary: 25–32k RMB per month (≈ $3,500–4,500 USD / £2,750–3,500 GBP) (pre-tax)
Benefits: Meals, insurance, flight allowance
Holidays: Paid holidays
Requirements: Bachelor’s degree 2+ yrs
[9] Shenzhen – Kindergarten
Start: ASAP / Jul 2026
Salary: 26–28k RMB per month (≈ $3,600–3,900 USD / £2,900–3,100 GBP) (after tax) | Housing: 4–6k RMB
Benefits: Bonus, meals, insurance
Holidays: Paid winter + summer
Requirements: Bachelor’s degree 2+ yrs
[10] Wuhan – Kindergarten
Start: Aug 2026
Salary: 20–35k RMB per month (≈ $2,800–4,900 USD / £2,200–3,900 GBP)
Benefits: Meals, insurance
Holidays: Extended holidays
Requirements: Bachelor’s degree, Experience
[11] Nanchang – Kindergarten
Start: ASAP
Salary: 20–28k RMB per month (≈ $2,800–3,900 USD / £2,200–3,100 GBP) | Housing: 1.8k RMB
Benefits: Meals, insurance
Holidays: Paid holidays
Requirements: Bachelor’s degree +, TEFL
[12] Yiwu – Kindergarten
Start: Aug 2026
Salary: 20–25k RMB per month (≈ $2,800–3,500 USD / £2,200–2,750 GBP) | Housing: Free or 2.4k RMB
Benefits: Bonus (~70% salary), flight (6–10k RMB), food allowance
Holidays: ~1 month winter + public
Requirements: Bachelor’s degree +, TEFL
PRIMARY / MID-TIER
[13] Changsha – IB Primary Homeroom
Start: Aug 2026
Salary: 20–26k RMB per month (≈ $2,800–3,600 USD / £2,200–2,900 GBP) | Housing: 2k RMB
Benefits: Flight (10k RMB), meals, insurance
Holidays: Paid holidays
Requirements: Bachelor’s degree + 2+ yrs
[14] Yiwu – Primary Teacher
Start: Aug 2026
Salary: 22–25k RMB per month (≈ $3,100–3,500 USD / £2,400–2,750 GBP) | Housing: 2k RMB
Benefits: Flight (10k RMB), meal allowance, insurance
Holidays: Paid public
Requirements: Bachelor’s degree
TRAINING CENTER
[15] Zunyi – Training Center
Start: April
Salary: 19–24k RMB per month (≈ $2,700–3,400 USD / £2,100–2,600 GBP) (after tax) | Housing: 1k RMB
Benefits: Health insurance, monthly bonus
Holidays: 20–30 days half-paid winter + summer
Requirements: Experience preferred
➕
NEW JOBS
[16] Foshan – International School (Multiple Roles)
Start: Aug 2026 | Hours: Mon–Fri (40 hrs)
Salary: 20–35k RMB per month (≈ $2,800–4,900 USD / £2,200–3,900 GBP) (negotiable) | Housing: Allowance
Benefits: Paid holidays, tuition discount, Chinese classes, Christmas
Requirements: Master’s (secondary), native speakers
[17] Nanchang – Primary School English
Start: Aug 2026
Salary: 20–27k RMB per month (≈ $2,800–3,800 USD / £2,200–3,000 GBP) (pre-tax) | Housing: 1.8k RMB / apartment
Benefits: Airfare subsidy, medical examination, insurance
Holidays: Paid winter + summer + Christmas
Requirements: Native speaker, Bachelor’s degree
[18] Nanchang – Kindergarten Homeroom
Start: ASAP / Aug 2026
Salary: 20–27k RMB per month (≈ $2,800–3,800 USD / £2,200–3,000 GBP) (pre-tax) | Housing: 1.8k RMB / apartment
Benefits: Airfare subsidy, medical examination, insurance
Holidays: Paid winter + summer + Christmas
Requirements: Native speaker, relevant experience, Bachelor’s degree
Basic Requirements (additional requirements as per job description above)
Bachelor’s Degree
in any subject
TEFL or PGCE certificate or two years’ experience referenced on headed paper
Criminal background check
(less than 6 months old)
Passport valid for
at least 18 months
Degree, Teaching Certificate and Background Check will all need to be apostilled.
USA, Canada, Australia, New Zealand, UK, and Ireland passport holders only due to visa restrictions.
Please apply with job name and number (1-18) in the subject line of your email.
Arun Language Training & Recruitment
🌐
View all vacancies:
https://arunlanguagetraining.com/teaching-jobs
📸
Instagram:
@arun_recruitment
To apply, email
[email protected]
To apply, email
[email protected]"
eslcafe-modern,latest-china-positions-available-that-are-wor,https://www.eslcafe.com/postajob-detail/latest-china-positions-available-that-are-wor,Latest China Positions Available That Are Worth Applying For Now! Contact us via info@clickchn.com,"ClickChina Cultural Exchange Co., Ltd.","Beijing, Hangzhou, Guangzhou, Wuhan, Shenzhen, Foshan",China,"CNY17,000-CNY35,000",RMB,Bachelor,,1-2 academic years,Aug./Sep. 2026,info@clickchn.com,,,"Position 1: 28K, Kindergarten Homeroom Teacher Wanted In Beijing, Sep. 2026 Kindergarten Homeroom Teacher Job Description: 1. Location: Beijing city, China. 2. Contract Term: one academic year, Sep . 2026 - July 2027. 3. Students A ge: 2-6 years old. 4. Work Days: work on Mondays to Fridays, two days off on weekends. 5. Work Hours: 40 hours a week. Remuneration and Benefits: 1. Salary: CNY 28 ,000 monthly ( housing allowance included ) . 2. Meals: free working meals. 3. Holidays: f ull paid 1 3 days Chinese public holidays . 4. Vacations: full paid two weeks summer vacation and two weeks winter vacation . 5. Insurance: accident insurance and health insurance. 6. Work V isa: yes. Requirements: 1. Native English speaker . 2. Bachelor’ s degree or above . 3. Montessori kindergarten teaching experienc e required . *********************************************************** Position 2: 12M*24-25K, Kindergarten Homeroom Teacher Wanted In Hangzhou, Aug. 2026 Kindergarten Homeroom Teacher Job Description: 1. Location: Hangzhou city, Zhejiang province, China. 2. Contract Term: one academic year, Aug . 2026 - July 2027. 3. Students A ge: 2-6 years old. 4. Work Days: work on Mondays to Fridays, two days off on weekends. 5. Work Hours: 40 hours a week. Remuneration and Benefits: 1. Salary: CNY24 ,000 -CNY25,000 monthly . 12 months pay a year . 2. Accommodation: housing allowance of CNY2,000 monthly . 3. Meals: free working meals. 4 . Holidays: f ull paid 1 3 days Chinese public holidays","Position 1:
28K, Kindergarten Homeroom Teacher Wanted In Beijing, Sep. 2026
Kindergarten Homeroom Teacher
Job Description:
1.
Location:
Beijing
city, China.
2.
Contract Term:
one academic year, Sep
. 2026 - July 2027.
3.
Students
A
ge:
2-6
years old.
4.
Work Days: work on Mondays to Fridays, two days off on weekends.
5.
Work Hours:
40
hours
a week.
Remuneration and Benefits:
1.
Salary:
CNY
28
,000
monthly
(
housing allowance included
)
.
2.
Meals: free working meals.
3.
Holidays: f
ull paid 1
3
days Chinese public holidays
.
4.
Vacations:
full paid
two weeks summer vacation and two weeks
winter
vacation
.
5.
Insurance:
accident insurance and health
insurance.
6.
Work
V
isa:
yes.
Requirements:
1.
Native English speaker
.
2.
Bachelor’
s
degree or above
.
3.
Montessori
kindergarten
teaching experienc
e
required
.
***********************************************************
Position 2: 12M*24-25K, Kindergarten Homeroom Teacher Wanted In Hangzhou, Aug. 2026
Kindergarten Homeroom Teacher
Job Description:
1.
Location:
Hangzhou
city,
Zhejiang province,
China.
2.
Contract Term:
one
academic year, Aug
. 2026 - July 2027.
3.
Students
A
ge:
2-6
years old.
4.
Work Days: work on Mondays to Fridays, two days off on weekends.
5.
Work Hours:
40
hours
a week.
Remuneration and Benefits:
1.
Salary:
CNY24
,000
-CNY25,000
monthly
.
12 months pay a year
.
2.
Accommodation: housing allowance of CNY2,000 monthly
.
3.
Meals: free working meals.
4
.
Holidays: f
ull paid 1
3
days Chinese public holidays
.
5
.
Vacations:
full paid five weeks summer vacation and three weeks
winter vacation
a year.
6
.
Airfare Allowance:
CNY4,000
a year
upon the contract fulfillment.
7
.
Insurance
: s
ocial insurance and
accident insurance
.
8
.
Work
V
isa:
yes.
Requirements:
1.
Native English speaker
.
2.
Bachelor’
s
degree or above
.
3.
T
eaching experience
required.
***********************************************************
Position 3:
Middle School English Teacher Wanted In Guangdong, Sep. 2026, No office hours
Middle School English Teacher
Job Description:
1.
Location:
Guangzhou
city,
Guangdong province,
China.
2. Contract Term:
one
academic
year,
Sep. 2026- Aug. 2027.
3.
Students Age:
12-15
years old.
4
.
Working Days:
work on
Monday
s
to Friday
s,
two
days off on weekend
s
.
5
.
Working
hour
s:
24 teaching
hours a week
.
No office hours
.
Remuneration and Benefits:
1.
Salary
:
CNY17,000 - CNY18,000
monthly
.
2.
Accommodation:
housing allowance of CNY1,500 monthly
.
3
. Vacation:
paid
six weeks summer vacation and two weeks winter vacation.
4
. Holidays: full paid 1
3
days Chinese public holidays
.
5.
Airfare Allowance:
round trip air ticket reimbursement a year.
6
.
Insurance:
social insurance
.
7
.
Work
V
isa:
yes
.
Requirements:
1.
Native
English
speaker
.
2.
Bachelor
’
s
degree or above
.
***********************************************************
Position
4
:
23K, Primary School English Teacher Wanted In Wuhan, Sep. 2026
Primary School English Teacher Job Description:
1. Location: Wuhan city, Hubei province, China.
2. Contract Term: one academic year, Sep. 202
6
- June 202
7
.
3. Students' Age: 6 - 12 years old.
4. Work Days:
work on
Mondays to Fridays, two
days off on
weekends.
5. Work Hours: 25 classes
a
week (40 minutes per class), office hours flexible.
Remuneration and Benefits:
1. Salary: CNY20,000 monthly.
2. Accommodation: housing allowance of CNY3,000 monthly (sufficient).
3. Meals: free working meals.
4
. Vacation: a full-paid one-month
vacation a year.
5
. Holiday: fully paid
13 days of Chinese public holidays.
6
. Bonus:
up to CNY
20,000 upon contract fulfillment and
s
atisfactory job performance.
7.
Airfare Allowance:
reimbursement up to
CNY15,000
a year
upon contract fulfillment.
8. Insurance
: social
insurance.
9. Work Visa:
y
es.
Requirements:
1. Native English
Speaker
.
2. Bachelor's
degree or above.
***********************************************************
Position 5: A-level Engllish Teacher Wanted In Guangdong, Aug. 2026
A - level English Teacher
Job Description:
1.
Location:
Shenzhen
city,
Guangdong province,
China.
2. Contract Term:
two
academic
year
s
,
Aug. 2026- Aug. 2028.
3.
Students Age:
15-18
years old.
4
.
Working Days:
work on
Monday
s
to Friday
s,
two
days off on weekend
s
.
5
.
Working
hour
s:
40
hours a week
.
Remuneration and Benefits:
1.
Salary
:
CNY25,000 - CNY35,000
monthly
.
12 months pay a year
.
2.
Accommodation:
a free-of-charge independent apartment
.
3
. Vacation:
full paid four weeks summer vacation and two weeks winter vacation a year
.
4
. Holidays: full paid 1
3
days Chinese public holidays
and one month holidays (
Halloween, Christmas and Easter
)
.
5
.
Insurance:
accident insurance and health
insurance.
6
.
Work
V
isa:
yes
.
Requirements:
1.
Native
English
speaker
.
2.
Bachelor
’
s
degree or above
, relevant major.
3. T
eaching experience required.
***********************************************************
Position
6
: 12M*34-26K, Primary School English/ Drama Teacher Wanted, Sep./ Oct. 2025
Middle School English/ Drama Teacher
Job Description:
1. Location:
Foshan city
,
Guangdong Province,
China.
2. Contract Term:
one academic
year
,
Sep.2026
- Jul. 2027.
3. Students age: 12-15 years old.
4.
Working Days:
work on
Monday
s
to Friday
s,
two
days off on weekend
s
.
5
.
Working
ho
urs:
40 hours a week
.
R
emuneration and Benefits:
1.
Salary:
CNY
22
,000
- CNY30,000
monthly
.
T
welve
months pay a year.
2.
Ac
c
ommodation:
housing allowance of
CNY4
,000 m
onthly
(sufficient)
.
3
.
Meals: free
working
lunch provided.
4
.
Vacation:
full paid three months summer vacation and winter vacation a year
.
5
. Holidays:
full
paid
1
3
days Chinese p
ublic holiday
s
plus
one
day Christmas per year.
6
.
Airfare Allowance: up to CNY13,000 a year.
7
.
Insurance:
accident insurance and medical
insurance
.
8
.
Working
V
isa:
yes
.
Requirements:
1.
Native
English
speaker.
2.
Bachelor
’
s degree or above.
3.
Two years t
eaching experience
.
***********************************************************
Position 7: Beijing, 22-40K, AP/ A-LEVEL/ DSE/ KET/ PET/ IELTS English Teacher Wanted , Sep. 2026
AP/ A-LEVEL/ DSE/ KET/ PET/ IELTS English Teacher
Job Description:
1.
Location:
Beijing
city, China.
2.
Contract Term:
one
academic year,
Sep. 2026 -
Aug 2027.
3.
Students Age:
12-18
years old.
4.
Work Days: Mondays to Fridays. Two days off on weekends.
5.
Work Hours:
40
hours a week
.
Remuneration and Benefits:
1.
Salary:
CNY22,000 - CNY40,000
monthly.
2. Accommodation:
sufficient
housing allowance
.
3.
Meals:
free working meals
.
4.
Vacation
:
two months summer vacation and one month
winter
vacation
, 80% pay.
5.
Holidays: full paid 1
3
days Chinese public holidays.
6.
Airfare Allowance:
CNY
12
,000 a year upon the contract fulfillment.
7.
Insurance:
social
insurance.
8.
Work Visa:
yes
.
R
equirements:
1.
Native English speaker .
2.
Bachelor
’
s
degree or above
.
3.
T
eaching experience
required.
***********************************************************
Position 8: 24-29K, University English for Academic Purposes (EAP) Teacher wanted, Aug. 2026
University
English for Academic Purposes
(EAP)
Teacher
Job Description:
1.
Location:
several cities in China.
2.
Contract Term:
Aug. 2026 - Aug. 2027
.
3.
Students Age: 18-22 years old.
4.
Work Days: work on Mondays to Fridays, two days off on weekends.
5.
Work Hours:
40
hours
a week
.
Remuneration and Benefits:
1.
Salary:
CNY24
,000
- CNY29
,000
monthly
.
2.
Apartment: free of charge
on campus
independent apartment
.
3.
Airfare
Allowance
:
CNY7,000
a year
upon the contract fulfillment.
4.
Holiday: full paid 1
3
days Chinese public holidays.
5.
Vacation:
two
month
s
summer
vacation
and one month winter vacation with allowance.
6.
Insurance:
commercial insurance.
7.
Work Visa:
yes
.
Requirements
：
1.
Native
English Speaker.
2. Master
’s degree or above.
3. Teaching experience required.
***********************************************************
Position 9: University Cruise Management Teacher Wanted In Zhejiang, Sep. 2026
University
Cruise Management
T
eacher
Job
Description
:
1.
Location
: Hangzhou City,
Zhejiang
province, China.
2.
Contract Term:
o
ne
academic
year,
Sep. 2026- July 2027.
3.
Students Age:
18-21
years old.
4.
Work Days:
work on
Monday
s
to Friday
s,
two
days off on weekend
s
.
5.
Work H
ours:
12-16
teaching period
s
a
week.
No office hours
.
R
emuneration and Benefits:
1.
Salary:
CNY12,000 - CNY15,000 monthly.
2.
Ac
c
ommodation:
on-campus
independent apartment
.
3.
Vacation:
full paid
one month summer
vacation
and one month winter vacation a year
.
4.
Holidays: full paid 1
3
days Chinese public holidays.
5.
Airfare Allowance: CNY
9
,000 upon the contract fulfillment.
6.
Insurance:
accident insurance and
health
insurance
.
7.
Work
V
isa:
yes.
R
equirements:
1.
No nationality limit, fluent English.
2.
Bachelor
’
s degree or above,
related majors.
3.Cruise management experience is preferred.
***********************************************************
Position 10: 13K-20K after tax, Language School ESL wanted in Hunan province, Sep. 2026
Language School
ESL
Job Description
:
1. Location:
Yueyang city, Hunan province
, China.
2. Contract Term:
one
academic
year
,
Aug. 2026 - Aug. 2027.
3. Job Position:
English Teacher.
4. Students Age:
4
-1
2
years old
.
6
. Work Days:
work 5 days per week, 2 days off
a
week.
7
. Work Hours:
35
hours
a week includes 15-
22
teaching hours a week.
R
emuneration and Benefits:
1. Salary:
CNY14,000 - CNY20,000
monthly
after tax
(depending on teaching hours)
.
2. Accommodation:
housing allowance of
CNY1,000 monthly (70%-100% covers).
3
. Holidays:
paid 1
3
days Chinese public holidays
.
4.
Vacations:
30 days a year, allowance of CNY3,000.
5
. Airfare Allowance:
CNY
7
,000
a year
upon the contract fulfillment.
6
.
Insurance:
accident insurance and healthy
insurance
.
7
. Work
V
isa:
yes
.
R
equirements:
1.
Native English
speaker
.
2.
Bachelor
’
s
degree or above.
3. T
eaching experience
required.
***********************************************************
Contact Us:
[email protected]
WeChat: ClickChina03
About ClickChina
ClickChina Cultural Exchange Co., Ltd, the recruiters with the certified license issued by SAFEA (State Administration of Foreign Experts Affairs P.R. China), Registration No: A3 4290001. We are providing services to international candidates on China jobs matching, documents collection for work permit application, work visa inquiry…
What We Do
A. Before Interview
-- China jobs application inquiries.
-- Jobs matching in accordance with candidates' qualifications and expectations.
--Interviews scheduled for candidates and school directors.
B. After Interview
-- Contract terms Q&A.
-- Answer questions on jobs and life in China.
-- Document collection instruction, work permit and work visa consulting.
-- Airport pick up service arrangement.
-- Orientation supports.
We have variety of positions available for international candidates. For instance, starting in
Sep. 2025. W
e have positions at kindergartens, public schools, international schools, universities, and training centers.
We match you with suitable jobs in accordance with your preferred cities, student age and expected salary.
We have established rapport with these teaching institutions, allowing us to efficiently find suitable positions.
You are welcome to contact us!
To apply, email
[email protected]"
eslcafe-modern,international-schoolsprimarymiddlehigh-school-28,https://www.eslcafe.com/postajob-detail/international-schoolsprimarymiddlehigh-school-28,International schools(Primary/Middle/High schools)' jobs and (20k-36k) Kindergarten/Trianing schools  in China,TalentsAisa,"Chengdu, Chongqing, Beijing, Ningbo, Shenzhen, Guangzhou, Wuhan, Nanjing, Suzhou, Hangzhou, etc.",China,20000-39000,RMB,Bachelor,,,,adam.tic@hotmail.com,,2026-05-22 10:09,"International/Bilingual Schools Location： Chengdu Chongqing Beijing Ningbo Shenzhen Guangzhou Wuhan Nanjing, etc. (All 1st tier and 2nd tier cities) Position: English/Math/Chemistry/Biology/Art/PE/Social Studies teachers, etc Salary: 23000-39000 RMB/month Housing allowance: 3000-4000 RMB/month Other benefits: air ticket reimbursement, health insurance, etc. Requirements: 1. Bachelor's degree or higher in related education major 2. A recognized teaching qualification is essential 3. A minimum of 2 years of working experience teaching related subjects in high-performing schools. 4. Fluency in written and spoken English to enable effective communication with students and in working relationships. 5. Knowledge of IB/A-level/IGCSE/Common core curriculum, their delivery, and assessments. Kindergarten/training schools' jobs: Locations: Chengdu Chongqing Beijing Shenzhen Guangzhou Wuhan Nanjing Suzhou Hangzhou and others （most 2nd tier and 3rd tier cities) Monthly income 20000-32000 RMB/month (Salary+ housing allowance) Other benefits: Air-ticket reimbursement, free hotel at the start, visa application reimbursement, health insurance, etc. requirement: 1. Native English speaker. 2. Bachelor's degree or above. 3. 2 years teaching experience or TEFL. Send CV to: [email protected] To apply, email [email protected]","International/Bilingual Schools
Location： Chengdu Chongqing Beijing Ningbo Shenzhen Guangzhou Wuhan Nanjing, etc. (All 1st tier and 2nd tier cities)
Position:  English/Math/Chemistry/Biology/Art/PE/Social Studies teachers, etc
Salary:
23000-39000
RMB/month
Housing allowance:
3000-4000
RMB/month
Other benefits: air ticket reimbursement, health insurance, etc.
Requirements:
1. Bachelor's degree or higher in related education major
2. A recognized teaching qualification is essential
3. A minimum of 2 years of working experience teaching related subjects in high-performing schools.
4. Fluency in written and spoken English to enable effective communication with students and in working relationships.
5. Knowledge of IB/A-level/IGCSE/Common core curriculum, their delivery, and assessments.
Kindergarten/training schools' jobs:
Locations: Chengdu Chongqing Beijing Shenzhen Guangzhou Wuhan Nanjing Suzhou Hangzhou and others （most 2nd tier and 3rd tier cities)
Monthly income
20000-32000
RMB/month (Salary+ housing allowance)
Other benefits: Air-ticket reimbursement, free hotel at the start, visa application reimbursement, health insurance, etc.
requirement:
1. Native English speaker.
2. Bachelor's degree or above.
3. 2 years teaching experience or TEFL.
Send CV to:
[email protected]
To apply, email
[email protected]"
eslcafe-modern,internationalbilingual-school-primarymiddlehi,https://www.eslcafe.com/postajob-detail/internationalbilingual-school-primarymiddlehi,"international/bilingual school (Primary/Middle/High schools) ,Kindergartens, ESL, English lit, homeroom, Subject teaching jobs,Art, Music, Drama, PE, Math, Physics, Chemistry, Biology, ICT / Computer Science,Business, Economics, Social Studies, History, Geography, Psychology , >>up to 40K <<, ACROSS CHINA",,"Beijing, Shanghai, Shenzhen, Guangzhou, Hangzhou, Suzhou, Nanjing, Ningbo, Chengdu, Chongqing, Wuhan, Qingdao, Xi'an, Xiamen",China,"20,000 – 40,000",RMB,Bachelor,,1 or 2 years,Flexible / ASAP / August 2026,jobs@hmihr.com,,2026-05-22,"international/bilingual school (Primary/Middle/High schools), Kindergartens, ESL, English lit, homeroom, Subject teaching jobs,Art, Music, Drama, PE, Math, Physics, Chemistry, Biology, ICT / Computer Science,Business, Economics, Social Studies, History, Geography, Psychology , >>up to 40K <<, ACROSS CHINA Join top-tier schools in China's most vibrant cities! We are currently recruiting qualified English and Subject teachers for Kindergarten, Primary, Middle, and High School positions. Email: [email protected] LOCATIONS: Beijing, Shanghai, Shenzhen, Guangzhou, Hangzhou, Suzhou, Nanjing, Ningbo, Chengdu, Chongqing, Wuhan, Qingdao, Xi’an, Xiamen, and many more! SCHOOL TYPES: International & Bilingual Schools, Public & Private Schools, Kindergartens, and Training Centers. Open Positions: • Kindergarten / Primary Homeroom Teachers • ESL / English Teachers (Primary–High School) • Subject Teachers • STEM: Math, Physics, Chemistry, Biology, ICT / Computer Science • Business & Humanities: Business, Economics, Social Studies, History, Geography, Psychology • Creative & Performing Arts: Art, Music, Drama • Physical Education: PE • IB / AP / A-Level/ IGCSE Teachers SALARY & BENEFITS: - Monthly Salary: 20,000 – 40,000 RMB (based on school & experience) - Free private apartment or housing allowance - Airfare reimbursement - Legal Working (Z) visa & medical insurance - Paid holidays & sick leave - Comprehensive settlement support - Friendly and supportive work environment JOB DETAILS: - Sch","international/bilingual school
(Primary/Middle/High schools),
Kindergartens, ESL, English lit, homeroom, Subject teaching jobs,Art, Music, Drama, PE, Math, Physics, Chemistry, Biology, ICT / Computer Science,Business, Economics, Social Studies, History, Geography, Psychology , >>up to 40K <<, ACROSS CHINA
Join top-tier schools in China's most vibrant cities! We are currently recruiting qualified English and Subject teachers for Kindergarten, Primary, Middle, and High School positions.
Email:
[email protected]
LOCATIONS:
Beijing, Shanghai, Shenzhen, Guangzhou, Hangzhou, Suzhou, Nanjing, Ningbo, Chengdu, Chongqing, Wuhan, Qingdao, Xi’an, Xiamen, and many more!
SCHOOL TYPES:
International & Bilingual Schools, Public & Private Schools, Kindergartens, and Training Centers.
Open Positions:
• Kindergarten / Primary Homeroom Teachers
• ESL / English Teachers (Primary–High School)
•
Subject Teachers
•
STEM:
Math, Physics, Chemistry, Biology, ICT / Computer Science
•
Business & Humanities:
Business, Economics, Social Studies, History, Geography, Psychology
•
Creative & Performing Arts:
Art, Music, Drama
•
Physical Education:
PE
• IB / AP / A-Level/ IGCSE Teachers
SALARY & BENEFITS:
- Monthly Salary: 20,000 – 40,000 RMB (based on school & experience)
- Free private apartment or housing allowance
- Airfare reimbursement
- Legal Working (Z) visa & medical insurance
- Paid holidays & sick leave
- Comprehensive settlement support
- Friendly and supportive work environment
JOB DETAILS:
- Schedule: Monday–Friday (Two days off per week) for schools.
- Teaching Hours: around 20 lessons/ week
- Contract: 1 or 2 years
- Start Dates: Flexible / ASAP / August 2026
REQUIREMENTS:
- 【Native English speaker】
- Bachelor’s degree or above
- TEFL / TESOL / CELTA or teaching license preferred
- 2+ years teaching experience preferred
- Knowledge of IB / A-Level / IGCSE / Common Core is a plus
HOW TO APPLY:
Please submit your CV and a self-introduction video to:
Email:
[email protected]
WeChat: eslhire
WhatsApp:
+86 13175022283
To apply, email
[email protected]"
eslcafe-modern,13000-30000rmb-esl-and-subject-teacher-needed-15,https://www.eslcafe.com/postajob-detail/13000-30000rmb-esl-and-subject-teacher-needed-15,"15000-30000rmb, ESL and subject teacher needed all over China，International, Public school. Z visa. Competitive salary. free housing, Beijing Shanghai Guangzhou Shenzhen. Hangzhou, Suzhou, Chengdu, Xian, Kunming，Xiamen，Zhuhai，Zhengzhou,Wuhan, Changsha.Qingdao，Chongqin",ST teachers,Multiple cities across China,China,15000-30000,RMB,Bachelor,,,,danny1005@qq.com,,,"ST teachers, We are a reliable recruiting agency based in Beijing. We are a licensed recruiting agency working with the Public school, Training school, International school, University in China. We are sure we can find you the right position you are looking for Email： [email protected] Wechat: d18511532820 whatsapp: +8618511532820 We have hundreds of good schools，If you are interested, please send me the resume, photo. Passport. videos，Job No. we will try our best to match you the ideal jobs in China Job 1 Training school in New Oriental Location: Beijing，Tianjin，Shanghai， Chengdu， Nanjing Age group: 4-15 years Class sized: less 14 Teaching hours: Wed-Friday afternoon, Saturday and Sunday whole day Day off: Monday and Tuesday Salary : 20-25k 15-20k(non-native) Housing: free housing or 2000 housing allowance Flight reimbursement: insurance. Work visa: provided Job 2 Shenzhen and zhuhai kindergarten Age group: 2-6 years old Working hours: 40 hours a week Day off: Saturday and Sunday Salary : 18-25k Housing: free housing Benifit: Flight reimbursement, Chinese legal holidays, half pay in summer and winter holidays Work visa: provided Requirement: 1.Native English Speaker 2.BA degree or above Job 3 International schools in 2 nd tier cities in China Location: Nanjing, xuzhou, Hangzhou, Suzhou,zhangjiagang, chengdu Salary: 18-25k/free housing/ half paid in summer and winter holidays/flight/insurance Requirement Requirement: 1.Native English Speaker 2.BA degree or above Job 4 Shang","ST teachers, We are a reliable recruiting agency based in Beijing. We are a licensed recruiting agency working with the Public school, Training school, International school, University in China. We are sure we can find you the right position you are looking for
Email：
[email protected]
Wechat: d18511532820
whatsapp: +8618511532820
We have hundreds of good schools，If you are interested, please send me the resume, photo. Passport. videos，Job No. we will try our best to match you the ideal jobs in China
Job 1
Training school in New Oriental
Location: Beijing，Tianjin，Shanghai， Chengdu， Nanjing
Age group: 4-15 years
Class sized: less 14
Teaching hours: Wed-Friday afternoon, Saturday and Sunday whole day
Day off: Monday and Tuesday
Salary : 20-25k   15-20k(non-native)
Housing: free housing or 2000 housing allowance
Flight reimbursement: insurance.
Work visa: provided
Job 2
Shenzhen and zhuhai kindergarten
Age group: 2-6 years old
Working hours: 40 hours a week
Day off: Saturday and Sunday
Salary : 18-25k
Housing: free housing
Benifit: Flight reimbursement, Chinese legal holidays, half pay in summer and winter holidays
Work visa: provided
Requirement:
1.Native English Speaker
2.BA degree or above
Job 3
International schools in 2
nd
tier cities in China
Location: Nanjing, xuzhou, Hangzhou, Suzhou,zhangjiagang, chengdu
Salary: 18-25k/free housing/ half paid in summer and winter holidays/flight/insurance
Requirement
Requirement:
1.Native English Speaker
2.BA degree or above
Job 4
Shanghai training school and kindergarten
Work 35 hours a week, at most 25 hours of teaching included
Five days a week
Students age: 3-12 years old
Class size: 6-8 students
Salary: 18-25K
Free housing or housing allowance
Airfare reimbursement: 5000RMB upon completion of contract
Bonus: demo, quarter, contract
Apartment provided
Chinese public holidays
Native or Non native
Z visa provided
Job
5
Hangzhou and Xiamen Kindergarten
Number of positions: 5
Location: Hangzhou, Xiamen city
Program : English
Age group:3-6 years old
Salary : 18k-28k
Accommodation: free apartment or 2000RMB housing allowance
work visa provide
Flight reimbursement:
Holidays : Chinese Legal holidays, paid in summer and winter holidays
Working hours : Monday to Friday
Medical Insurance, Free Chinese lessons
Requirement:
1.Only native English speaker
2.Bachelor degree or above
3.2 years of teaching experience
Job 6
Public school in xuzhou or yangzhou or cities in jiangxi province
Age group: 6-12. 12 to 18 years old
20 lessons. No office hours
Salary 25k after tax with free housing
Half paid in summer and winter holidays
Job 7
Suzhou international school
Teaching kids : kindergarten / primary /middle school students
Arrival date : Early March
Benefits ：
1. Monthly salary:
Native English speakers :
Other Native teacher 18,000RMB/m -----25,000 RMB/m after tax
2. Bonus : 8,000-10,000RMB /per year
3. Fly ticket to your home country : 10,000 RMB/ per year
4. Free pick-up service is provided
5. Free physical examination
6. Free apartment: housing provided（无津贴，统一住学校校外公寓）
7. Medical insurance : 2,500 RMB-5,000 RMB
8. Free Chinese classes
9. The professional training allowance
10. Free meal
11.Holiday salary (summer and winter vacation ) : 50% of usual salary
Job 8
Qingdao International school School (Melton International School) -
· City: Qingdao
· Position: ESL English teacher
· Country: Mother tongue
· Grade: Middle School (Grade 7-12)
· Salary: 18-25K after basic salary tax (excellent negotiable)
· Welfare: 3000RMB housing supplement;Allowance for air tickets for 9000RMB/ academic year;Z sign;Commercial insurance;Household expenses 2000RMB, etc
· Holidays: double holidays/statutory holidays/at least 7 weeks/academic year holidays with full pay
· Workload: up to 20Hours/Week, 8 hours/day/shift
· Requirements: currently hold a labor contract /TEFL/TESOL in China;At least 2+ ESL teaching experience in middle and high school;Good character and quality;
· Arrival time: anytime
Job 9
International school in Nanjing, Jiangsu province
Location:Nanjing, Jiangsu province
Number of positions: 2
Start date: Feb 2020
Age group: 3-6
Salary : 20k-25k
Housing: free housing
Holidays : Chinese Legal holidays, half paid in summer and winter holidays.
Working hours : Monday to Friday
Benefits : Flight reimbursement up to 10000RMB
Sponsorship for work visa application
Medical Insurance
Requirement:
Only Native English Speaker.
BA degree or above
Job 10
Training school in Guizhou Liupanshui city ( 3 million peoples,  summer cool, winter warm)
Subject: ESL
Native speaker, monthly salary 20K-25K +, including free housing accommodation, every meal 10 RMB meal supplement! Travel. No office hour
one month of winter vacation , 50% of the salary,
half a month of summer vacation, pay according to the working days!
Job 11
Public school in Shenzhen
Starting date: August, 2019
lLocation: Shenzhen, China
lWorking hours: 8am-12pm, 2pm-5:30pm, Monday to Friday
lTeaching hours :up to 16 classes per week ( no office hours)
lAverage Class size:50 students
lStudent's age:
Kindergarten (3-5)/Primary school (6-12) /Middle school (13-18)
Salary : Monthly salary is 15-20k
Housing: free Accommodation
Flight allowances of RMB8000.
Up to 3000 performance bonus at the end of each semester.
Fully paid during the winter holiday.
Work Visa (Z) and Residence Permit
Accidental Insurance and National Social Insurance
Requirement
1.Native English speaker (except South African)
2.Bachelor degree or above
3. 2 years of teaching experience or TEFL certificate
Job 12
Language training school and Kindergarten in Guangdong province
Cities: Guangzhou, Shenzhen,foshan, Dongguan
Age group: 3-12 years
Class sized: 12
Teaching hours: Wed-Friday afternoon, Saturday and Sunday whole day
Day off: Monday and Tuesday
Salary : 17-25K
Housing: free housing or 2000rmb as housing allowance.
Flight reimbursement: insurance.
Work visa: provided
Flight reimbursement.
Requirement:
1, Native English Speaker or non-native speaker with standard pronunciation
3.BA degree or above
Job 13
Zhejiang Taizhou Training Center
1. Class size: 8-25 kids
2. Student age: 3-adults
3. Working hours: 22 teaching hours with no office hour
4. Work five days a week
Salary and Benifits
5. Salary: 20-25k after tax
6. Free housing provided
7. Insurance provided
8. Air ticket reimbursement: 6000RMB upon one year contract
9. Holiday: Public holiday and Annual leave
Job 14
International kindergarten job in Ningbo, teach 3-6 years old, salary 18-30k/free housing /work visa/flight/Monday to Friday/half paid in summer and winter holidays.
Requirement:
1.Native English Speaker or Non-native with no strong accent.
2.BA degree or above
Job 15
Public school in Weifang shandong province
Location: weifang (middle sized city with 9million people)
Age: kindergarten, primary, middle, high school
Salary: 18-25k/free housing/ half paid in summer and winter holidays/flight/insurance
Requirement:
1.Native English Speaker or non-native has work visa
2.BA degree or above
Job 16
kindergarten and public school in Shandong province
Locaition: Yantai, Linyi, Shouguang,weifang ( all in Shandong province)
Age group: Kindergarten or grade 1-9.
Working hours: 25 hours a week, 5 hours office hours
Day off: Saturday and Sunday
Salary : 20-25k
Housing: Free housing provided
Benifit: Flight reimbursement, Chinese legal holidays, 25% paid summer and winter holidays
Work visa: provided
1.Native English Speaker or Non-native with no strong accent.
2.BA degree or above
Job17
Suzhou international school
Vacancy: Kindergarten ESL/Primary school ESL/Middle school ESL/Middle school Drama /IBDP High school business management t
Starting time: March(primary homeroom)
September(all positions)
Pay package:
- Homeroom teacher 18,000-25000 rmb for monthly salary, (negotiable)
- 2,500 rmb/m for housing allowance,
- Paid Health insurance
- Flight allowance 10,000 per year
- winter holiday will be paid fully, if renew contract, we will have bonus for summer holiday
Job description:
- have to work 40 hours/week including office hour ( work from Monday to Friday), 20-30 students
1.Native English Speaker or Non-native with no strong accent.
2.BA degree or above
Job 18
English teacher needed in Luzhou
Student age: 3～12
Class size: 12 kids a group(1 teacher plus 1 TA)
Working hour: 40 hours (25 teaching hours) 5days, per week.
Benefits:
▪ Salary: 15-25k（according to teacher's qualification）
▪ Furnished independent apartment
holidays: 12days during Chinese New Year.
And we have Chinese public holidays
Flight allowance:￥5,000 after one-year contract served.
Working visa can be provided if the personal materials can be done
pick up from airport
birthday party
Start date: ASAP
Job 19
New Oriental Yangzhou Foreign Language School
Job details:
*Recruitment of foreign teachers:
Job position from Kindergarten to International High School
*Salary:
from 25k
Free housing~
*Air ticket allowance:1800USD after flight allowance after one-year completion of contract.
*Summer and winter holidays:
-Summer holiday with paid as long as foreign teacher can renew the contract+finish summer camp within 10 days)
-Winter holiday:With paid
Job 20
Foshan Shunde
kindergarten
Locaition: Foshan Guangdong province
Age group: Kindergarten
Working hours: Monday-Friday
Day off: Saturday and Sunday
Salary : 17-25k
Housing: Free housing provided
Benifit: Flight reimbursement, Chinese legal holidays, 1 month full paid in winter.
Work visa: provided
Requirement:
1.Native English Speaker or non-native who hold educational degree.
2.BA degree or above
Job 21  Nanjing and Chengdu international  school
Age group: 6-12
Subject: English
Starting date: late June or July
Working hours: 20 hours a week,  no office hours
Day off: Saturday and Sunday
Salary : 15-20 (pretax)
Housing: 3000RMB allowance
Work visa: provided
Job 22
U
niversity in Taian shandong province
Expected date to start: 1st September 2021.
Salary: 15-20kK (pre-tax) with free housing
Hours: Full Time
Contract Type: Fixed-Term/Contract
Main Duties and responsibilities
Teaching to a maximum of 25 academic hours in a week. These hours include classroom-based work, small group workshops and 1-1 tutorials on credit-bearing courses. (1 academic hour = 45minutes)
Course and lesson planning
Student assessment and record keeping
Participation in general and team meetings and CPD sessions.
Liaison and collaboration with the Head of College, members of the management team and academic staff. This includes working closely with the Glasgow College, UESTC English language programme leads.
Job 23 Yiwu public schools
Locaition: Yiwu city, Zhejiang province
Age group: Kindergarten primary middle and high school
Working hours: Monday-Friday
Starting date: August 2020
Day off: Saturday and Sunday
Salary : 18-25k
Housing: Free single apartment
Allowance: 700 rmb as meals and water and electricity allowance
Benifit: Flight reimbursement, Chinese legal holidays, 1 month salary as renew contract bonus
Work visa: provided
Requirement:
1.Native English Speaker or Non-native with no strong accent.
2.BA degree or above
Job
24
Public school/ international school/ Training school/Kindergarten in 150 cities of China
Location: Beijing/Shenzhen/Tianjin/Guangzhou/Shanghai/Nanjing/Suzhou/Chengdu/Hangzhou/Wuhan，Yangzhou/Changsha/NanNing/Guiyang/Chongqing/Kunming/Xiamen/Zhuhai/Dalian/ Qingdao/Nanning/ Xi’an, Haikou and so on.
Vacancy: 50
Starting date: flexible.
Age group: 3-6（kindergarten）4-13 （training school）Grade 1 to 12
Class sized: less 14
Working hours: Monday-Friday (Kindergarten and public schools)
Wed-Friday afternoon, Saturday and Sunday whole day (training school)
Salary : 15-20k (Non-native) 20-25k (native)
Subject： ESL， Maths，Physics，Chemistry，Drama，Arts，Economics，science
Housing: some are free housing, some are 2000-3000 housing allowance
Flight reimbursement: insurance.
Work visa: provided
Requirement:
1.Native English Speaker or Non-native  2.BA degree or above
We have hundreds of good schools，If you are interested, please send me the resume, photo. Passport. videos，we will try our best to match you the ideal jobs in China
Email：
[email protected]
Wechat: 18511532820
whatsapp: +8618511532820
We have hundreds of good schools，If you are interested, please send me the resume, photo. Passport. videos，Job No. we will try our best to match you the ideal jobs in China
To apply, email
[email protected]"
eslcafe-modern,recruiting-native-english-teachers-in-beijing-17,https://www.eslcafe.com/postajob-detail/recruiting-native-english-teachers-in-beijing-17,"Recruiting Native English Teachers in Beijing, Shenzhen, Dalian, Fushun, Wuhan, Suzhou, Yangzhou, Shanghai, Guangzhou, Nanjing, Weifang, Bijie etc all over China. Kindergarten/Primary School/Training School, Salary from 25000 RMB to 32000 RMB monthly","Beijing Zhongyu International Education Consulting Service Co., LTD","Beijing, Shenzhen, Dalian, Fushun, Wuhan, Suzhou, Yangzhou, Shanghai, Guangzhou, Nanjing, Weifang, Bijie etc",China,25000-32000,RMB,Bachelor,,,,batwedu88@yeah.net,,2026-05-21 10:31,"Requirement: Native English Speakers Only Degree: Bachelor degree or higher Certificate: 120 hours TEFL/TESOL certificate or two years teaching experience reference letter Compensation: Salary: Monthly salary from 25000 RMB to 32000 RMB depends on teaching cities and teachers' qualification Free meals Workload: 20 to 22 teaching hours per week, two days off Paid holidays Medical insurance offered Flight allowance offered Required Documentation: Current Resume Copy of the ID page of your valid passport Current Photo or short introduction video Contact Information: Contact person: Michelle Contact Email: [email protected] Wechat: 15810230661 or goodluck668801 WhatsApp: +86 15810230661 To apply, email [email protected]","Requirement:
Native English Speakers Only
Degree: Bachelor degree or higher
Certificate: 120 hours TEFL/TESOL certificate or two years teaching experience reference letter
Compensation:
Salary: Monthly salary from 25000 RMB to 32000 RMB depends on teaching cities and teachers' qualification
Free meals
Workload: 20 to 22 teaching hours per week, two days off
Paid holidays
Medical insurance offered
Flight allowance offered
Required Documentation:
Current Resume
Copy of the ID page of your valid passport
Current Photo or short introduction video
Contact Information:
Contact person: Michelle
Contact Email:
[email protected]
Wechat:
15810230661
or goodluck668801
WhatsApp:
+86 15810230661
To apply, email
[email protected]"
eslcafe-modern,international-school-foreign-teacher-recruitm,https://www.eslcafe.com/postajob-detail/international-school-foreign-teacher-recruitm,"Kindergarten jobs in Beijing ,Tianjin, Shenyang , Hangzhou ,Ningbo, Chongqing , Jinan ,Dlian ,Xiamen .Guangzhou.Primary School jobs in Beijing ,Yiwu ,Guangzhou ,.University Jobs in Xian'Jilin ,Taizhou ,Nanjing . and also Beijing  TOEFL& Dancing  Teaching jobs!!!!!!!!!!!",,"Beijing, Tianjin, Shenyang, Hangzhou, Ningbo, Chongqing, Jinan, Dalian, Xiamen, Guangzhou, Yiwu, Xi'an, Jilin, Taizhou, Nanjing, Qinhuangdao, Qufu, Nanchang, Lingshui",China,5000-6000 AUD / 12000-32000 RMB,RMB,Bachelor,,1 year,August 2026 / September,jenifer2025@126.com,,2026-04-20,"Kindergarten jobs in Beijing ,Tianjin, Shenyang , Hangzhou ,Ningbo, Chongqing , Jinan ,Dlian ,Xiamen .Guangzhou.Primary School jobs in Beijing ,Yiwu ,Guangzhou ,.University Jobs in Xian'Jilin ,Taizhou ,Nanjing . and also Beijing TOEFL& Dancing Teaching jobs!!!!!!!!!!! 2. Native English speakers preferred, including candidates from South Africa; overseas applicants are welcome; 3. Highly experienced non-native English teachers currently holding a valid Beijing non-native work visa may also be considered; 4. Rich teaching experience with young children; 5. Stable, energetic, lively and suitable for kindergarten teaching. Benefits & Package - Monthly salary: 20000 – 30000 RMB - Commercial insurance or social security provided - Paid winter or summer vacations Primary Homeroom Teacher, Guangzhou Baiyun 2 vacancies | Aug 2026 start | 10-month contract 20-32K/month + free housing + 10,000 RMB winter subsidy Full visa support, flight allowance, all school holidays off Weekends free, great work-life balanceHomeroom Teacher | Guangzhou Primary School Jobs In Beijing ,Guangzhou ,YiWu ✅ 2 Open Positions ✅ Start: August 2026 ✅ 10-Month Contract ✅ Salary: 20,000 - 32,000 RMB/month ✅ Free Accommodation ✅ Winter vacation with 10,000 RMB extra winter allowance - Mon-Fri, weekends off - All public holidays + summer & winter vacation - Fully sponsored work visa & permits - Flight & arrival hotel reimbursement - Vacation bonus + accident insurance - Full training & career growth - Teaching m","Kindergarten jobs in Beijing ,Tianjin, Shenyang , Hangzhou ,Ningbo, Chongqing , Jinan ,Dlian ,Xiamen .Guangzhou.Primary School jobs in Beijing ,Yiwu ,Guangzhou ,.University Jobs in Xian'Jilin ,Taizhou ,Nanjing . and also Beijing  TOEFL& Dancing  Teaching jobs!!!!!!!!!!!
2. Native English speakers preferred, including candidates from South Africa; overseas applicants are welcome;
3. Highly experienced non-native English teachers currently holding a valid Beijing non-native work visa may also be considered;
4. Rich teaching experience with young children;
5. Stable, energetic, lively and suitable for kindergarten teaching.
Benefits & Package
- Monthly salary: 20000 – 30000 RMB
- Commercial insurance or social security provided
- Paid winter or summer vacations
Primary Homeroom Teacher, Guangzhou Baiyun
2 vacancies | Aug 2026 start | 10-month contract
20-32K/month + free housing + 10,000 RMB winter subsidy
Full visa support, flight allowance, all school holidays off
Weekends free, great work-life balanceHomeroom Teacher | Guangzhou
Primary School Jobs In Beijing ,Guangzhou  ,YiWu
✅ 2 Open Positions
✅ Start: August 2026
✅ 10-Month Contract
✅ Salary: 20,000 - 32,000 RMB/month
✅ Free Accommodation
✅ Winter vacation with 10,000 RMB extra winter allowance
- Mon-Fri, weekends off
- All public holidays + summer & winter vacation
- Fully sponsored work visa & permits
- Flight & arrival hotel reimbursement
- Vacation bonus + accident insurance
- Full training & career growth
- Teaching materials provided
University English Teachers needed acrossdifferent locations in ChinaLate August: Xi'an, Taizhou( Jiangsu Province),Nanjing, Qinhuangdao ( Hebei Province),  Jinan,Qufu (Shandong province),Nanc hang (Jiangxi province), Lingshui ( Hainan province).Full time, one year contract.
Benefits:1. 5000-6000 Australian dollars monthly,negotiable,  depending on qualifications.2.Flight Allowance3.Free On-campus accommodation or housing allowance (excludes electricity, water, telephone, network charges)4.2 weeks paid for the successful completion of any academic semester(2 semesters a year)5.Visa cost subsidy6.Opportunity for paid professional development programs.7.Holiday gifts and  team building
Location & Position Type: Xi’an, Jilin / University position
Visa: Chinese cultural and educational work visa
Gender: No restriction
Students: Aged 18+
Start date: September
Salary & Accommodation: 12,000–14,000 RMB per month + housing provided
Working schedule: No office hours required
Benefits: Full paid winter and summer vacations
Other requirements:
Preference for candidates with experience teaching university students/adults
Preference for candidates with TEFL or TESOL certificate
Preference for candidates with 3–5 years of relevant teaching experience in schools or educational institutions
Preference for candidates with a bachelor’s degree or higher in Education or English
WeChat: Jeniferupup
To apply, email
[email protected]
To apply, email
[email protected]"
eslcafe-modern,recruitment-of-physical-trainertennis-coach-f,https://www.eslcafe.com/postajob-detail/recruitment-of-physical-trainertennis-coach-f,"Recruitment of Physical Trainer，Tennis Coach, Football Coach, Basketball Coach，Badminton Coach⭐⭐⭐✿✿✿✿✿✿❤❤❤❤❤❤High paid jobs in Beijing⭐Shanghai⭐ Guangzhou⭐ Shenzhen⭐Qingdao⭐Dalian⭐Hangzhou⭐Chengdu⭐DongGuan⭐Hainan⭐ Kunming⭐…and other hot cities. ABROAD RECRUITMENT are High Paying from 18k to 35k  all over China ⭐⭐⭐ ❤❤❤❤❤❤ ✿✿✿",,"Beijing, Shanghai, Guangzhou, Shenzhen, Qingdao, Dalian, Hangzhou, Chengdu, DongGuan, Hainan, Kunming",China,18000-35000,RMB,,,,,183919019@qq.com,,2026-05-19 06:45,"We are a Chinese company specializing in sports and have been recruiting Golf coach ， B asketball coaches, T ennis coaches, F ootball coaches,and B adminton coaches for a long time. We have established cooperative relationships with over 200 Chinese companies, covering more than 30 cities in China. Recruitment requirements: Work in China, have a positive work attitude, love badminton, take responsibility seriously, and receive generous compensation. contact information: Contact: David Whatsapp id: +8613810926591 WeChat ID: a13717610500 E-mail: [email protected] To apply, email [email protected]","We are a Chinese company specializing in sports and have been recruiting
Golf coach
，
B
asketball coaches,
T
ennis coaches,
F
ootball coaches,and
B
adminton coaches for a long time. We have established cooperative relationships with over 200 Chinese companies, covering more than 30 cities in China. Recruitment requirements: Work in China, have a positive work attitude, love badminton, take responsibility seriously, and receive generous compensation.
contact information:
Contact: David
Whatsapp id:
+8613810926591
WeChat ID: a13717610500
E-mail:
[email protected]
To apply, email
[email protected]"
eslcafe-modern,top-pay-international-managment-and-teacher-j-21,https://www.eslcafe.com/postajob-detail/top-pay-international-managment-and-teacher-j-21,"Top pay International managment and teacher jobs in international/bilingual schools in Beijing, Hangzhou, Suzhou",,Beijing,China,25000-30000 / 304000-410000 / 27000,RMB,Bachelor,,1 year,August 2026,lll15091186520@163.com,,,"#1. Teachers needed in a k-12 school in Chaoyang district, Beijing. August 2026 start 1. Secondary School History Teacher, ABC or Chinese nationality 2. Secondary School Design Technology Teacher,International or Bilingual 3. Secondary School Chemistry Teacher,International or Bilingual 4. Secondary School Math Teacher*2 , International or Bilingual 5. Secondary School ESL Teacher*2, International or Bilingual， ABC or Chinese nationality Requirements: - Bachelor's degree or higher in education in a related field - More than 3 years teaching experience in History, wood carving and fine woodcraft techniques, AP Chemistry+STEM, PD/A-level Math , English - Educational background in a related subject - Teaching qualifications - Eligibility to meet visa application requirements Compensation & Benefits 1. Competitive renumeration 2. Exceptional On-Campus Accommodation: (Please notice that we offer on campus apartment only, no housing allowance as alternative) - Teachers are offered spacious and fully-furnished apartments. Larger apartments available for those wishing to move in with legal spouses and/or children. - The school fully covers rent. 3. Comprehensive Benefits: - Global health insurance (excluding the US) and social security coverage. - Transportation allowance for arrivals, departures, and return flights during summer vacation (please refer to the contract for details). - Free tuition for up to two children (ages 5 and above). - Three meals provided on working days. Both","#1.
Teachers needed in a k-12 school in Chaoyang district, Beijing.
August 2026 start
1.
Secondary School History Teacher,
ABC or Chinese nationality
2.
Secondary School Design Technology Teacher,International or Bilingual
3.
Secondary School Chemistry Teacher,International or Bilingual
4.
Secondary School Math Teacher*2 ,
International or Bilingual
5.
Secondary School ESL Teacher*2,
International
or Bilingual，
ABC or Chinese nationality
Requirements:
- Bachelor's degree or higher in education in a related field
- More than 3 years teaching experience in History, wood carving and fine woodcraft techniques, AP Chemistry+STEM, PD/A-level Math , English
- Educational background in a related subject
- Teaching qualifications
- Eligibility to meet visa application requirements
Compensation & Benefits
1. Competitive renumeration
2. Exceptional On-Campus Accommodation: (Please notice that we offer on campus apartment only, no housing allowance as alternative)
- Teachers are offered spacious and fully-furnished apartments. Larger apartments available for those wishing to move in with legal spouses and/or children.
- The school fully covers rent.
3. Comprehensive Benefits:
- Global health insurance (excluding the US) and social security coverage.
- Transportation allowance for arrivals, departures, and return flights during summer vacation (please refer to the contract for details).
- Free tuition for up to two children (ages 5 and above).
- Three meals provided on working days. Both Western and Chinese dishes are prepared by onsite chefs focusing safe, fresh and nutritious meals that are to be sourced locally whenever possible
#2 A Female Nursery teacher needed in an IB kindergarten in Wangjing area, Chaoyang district, Beijing. August 2026
onboarding
Requirements:
• Native English speakers
• Bachelor Degree or above; Education major is preferred; Teaching license is preferred
• Professional teaching qualification for work visa
• At least 2 years related teaching experience
Benefits:
1.Monthly salary: RMB
2
5K-30K before tax
2 Housing allowance:6K
3 International Insurance
4 Tuition fee free for up to 2 kids
5 Excellent opportunities for Professional Development
6. Promotion Opportunities
7 Paid Holidays & Paid Leaves
#3 International teacher openings in a K-12 IB School in Shunyi district, Beijing. August 2026 onboarding
1 MSHS Math Teacher
1MSHS Economics Teacher
Requirements:
• Native English speakers
• Bachelor Degree or above; Education major is preferred; Teaching license is required
• Professional teaching qualification for work visa
• At least 2 years IB curriculum related subject teaching experience
Benefits:
1.Annual salary: RMB
304000-410000
before tax
2 Housing allowance
3 International Insurance
4 Tuition fee free for up to 2 kids
5 Excellent opportunities for Professional Development
6. Promotion Opportunities
7 Paid Holidays & Paid Leaves
#4
International teacher openings in a Leading k-12 bilingual school in Chaoyang district, Beijing. Onboard time: August 2026. Certified educators only.
International teachers:
Primary School:
English Teacher
Drama Teacher
Middle School （G6-8）：
English teacher
ICT Teacher
PE Teacher
High School(G9-12 IG+AL/AP):
English teacher
Bilingual Counsellor
Bilingual Math teacher
Qualifications
1. Bachelor degree or above
2. PGCE/QTS/Teaching license of other countries
3. At least 2 years full time English teaching experience at real school settings
Salary and Benefits
Competitive monthly salary, based on your working experience and education background.
Other benefits: Completion bonus, Renew bonus, Airfare reimbursement for arrival at the beginning/end of the contract, one-time relocation fee, one-time excess baggage reimbursement Medical insurance. Work visa, housing/housing allowance, break&lunch, summer&winter holidays around 2 months
#5
Openings in a k-12 bilingual school in Chaoyang district, Beijing. Onboard time: August 2026. Preferred the candidate in China already.
Primary ELA  and Homeroom teacher
Qualifications:
Bachelor’s degree in related field (Master’s degree preferred).
Valid teaching certification in related subjects.
Native English Speakers
Proven related teaching experience.
Strong knowledge of related subject.
Excellent communication, organizational, and classroom management skills.
Ability to integrate technology into teaching and learning.
WORKING HOURS, CLASS SIZE, PAY AND BENEFITS:
a.From Monday to Friday, unless the Chinese government requires labor on Saturdays or Sundays,
b.The working hours are from 8:00 AM to 5:00 PM. Each class may accommodate up to 25 students. There are up to 25 teaching times each week, with each lesson lasting 40 minutes.
c.The benefits include a 60-minute lunch break, complimentary lunch provided on campus, a monthly stipend for breakfast, and presents from the institution.
d.Full-time job with a one-year contract (renewable).
e.The applicant will enter into an employment agreement directly with our school and will get assistance in applying for work visas and residence permits.
The monthly remuneration is about 27000RMB after tax, including a housing stipend.4000 housing stipend if not living in the dorm
Extra remuneration forA) for PGCE/SACE/QTS/US teaching license, B) for MASTER/PhD degree, and C) monthly high attendance,
A performance evaluation assessment incentive of up to 14000rmb before tax is suggested for July once completing an annual contract.
Our school offers a progressive wage increase programme that is determined by the educator's duration of service.
Progressive sick days benefits programme as per seniority in the school & medical insurance in foreign hospital departments in China.
Air Fare reimbursement: round-trip flight ticket not exceeding 6000 RMB per year for completing one full year of employment with the employer.
#6 International teachers needed in a K-12 private school in Haidian district, Beijing. August 2026 onboard.
Primary homeroom teacher in G1&G2*2 (7:30-17:30,2 hours lunch break)
High School English Teacher*2(8:00-17:30,2 hours lunch break)
Requirements:
Bachelor’s degree or above, with a preference for graduates from prestigious universities.
Previous experience teaching at the similar grades or equivalent, with the ability to deliver academic courses primarily in English
Native English speakers(UK,US or Canada nationality preference)
Young and energetic( 35 years or younger for primary school students, 42 years or younger for middle or high school students)
Monthly Salary: RMB 24K plus before tax, depends on degrees and working experience.
Benefits:
Free apartment on campus or 3k Housing allowance
80% paid for summer and winter holidays
Commercial Medicial Insurance
Air tickets subsidy
10% tuition if your kids need schooling at our school(this give 1 kid only, and most classes are given in Chinese)
Free working meals at school canteen and Fruits
1 day paid sick leave every semester
Birthday welfare.
#7
Educators needed in a world class bilingual school and international school in Hangzhou, Zhejiang Province.
Starting Date: August  2026
Head of Higher Education and Careers
(preferably candidates with China nationality, with good university record and leader experience)
Head of Chinese for the primary department of
our bilingual school
(candidates with China nationality, with local school experience and bilingual school experience)
Head of English for
the primary department of
our bilingual school
(British preferred, Head of English experience in British curriculum schools)
Head of Primary for
our bilingual school
(British preferred, at least 5 years leadership experience)
Assistant/Deputy Head for our international school
(British preferred, at least 3 years leadership experience)
Senior School Chinese and Literature Teacher
Primary art teacher for our bilingual school
-Requirements:
o   Native English Speaker (UK nationality preference)
o   At least 2 years primary school art teaching experience in international school or bilingual school setting.
o   Bachelor degree or above (Major in fine arts or related), and teaching license
Benefits:
Highly competitive salary package.
High-quality, fully furnished housing.
Annual return airfare for employees and dependents.
Comprehensive medical insurance for employees and dependents.
Full tuition support for up to two school-age children (3 years and above).
Full visa application support.
#8 An
IGCSE English Teacher needed
in the international department of a public school in Ningbo city, Zhejiang province. August 2026 onboarding.
Job Descriptions:
Teach relevant subject to several sections of high school students;
Collaborate with department members;
Design and implement rigorous assessments that evaluate student mastery of academic standards;
Create a safe learning environment for all students by implementing classroom management strategies and best practices with consistency;
Provide coverage as needed during non-instructional time;
A Bachelor’s degree is required; a Master’s degree preferred
Serve as a productive member;
Do whatever it takes to ensure the mission of the school is upheld.
Qualifications:
A Bachelor’s degree is required; a Master’s degree is preferred;
A minimum of two years’ high school teaching experience is required;
Criminal record check certificate is required；
Meet all related PRC Education and Labor Bureau regulations for you to work and reside in China
Candidates from Europe or North America preferred
We offer:
- Salary: RMB 20000～30000/month X 12
- Performance recognition RMB10,000 ~ 20,000 per school year
- Renewal contract bonus: RMB 20,000
- Medical insurance（school pay for RMB15,000/year)
- House allowance: RMB4500 per month
- Airfare allowance: RMB12000 per school year
- Relocation allowance: up to RMB 3,000
- Winter&Summer holiday: min 9 weeks, full pay.
#9
International teacher
Vacancies in a K-12 school in Nanjing city, Jiangsu Province. Onboard time: August, 2026.
Primary School English Teacher
High school PE teacher
High school English teacher
High school
(A-level)
Chemistry Teacher
Requirements
• A bachelor or above degree
• At least 3 years A-level related subject teaching experience in international schools and be familiar with international curriculum;
• Hold a teaching license or TEFL/TESOL certificate;
Salary Package
• Competitive salary, based on qualifications and experience
• 3500RMB Housing Allowance per month
• Contract Completion Bonus
• Flight allowance will be provided per year
• A relocation allowance will be paid to assist with the shipping of additional luggage etc. at the start of the contract
• Medical insurance of an international standard
• Holiday entitlement will be as per the school holidays with full pay
• Breakfast and lunch are provided free of charge for teachers during term-time
• Free tuition for your children
#10
. AP Science Teacher needed in a high school in Guangzhou city, Guangdong province. August 31 2026 start
Job Requirements:
• Bachelor’s degree in education or related field (valid teacher certification required if you do not have a degree in your subject area).
• Native English speaker preferred; Chinese teachers with a high level of English proficiency are also encouraged to apply.
• Experience teaching AP Physics, AP Chemistry, or AP Biology.
• High moral standards.
• Excellent written and verbal communication skills.
Responsibilities:
• 18-24 teaching hours per week + 6-12 office hours per week = 30 total working hoursper week. This includes lesson planning, grading, weekly staff meetings, clubs, and attending international department and MVI events.
• Class hours are:- Monday – Thursday: 7:45am – 12:05pm, 2:30pm – 4:55pm
- Friday: 7:20am – 10:30am
• Become proficient with AP Classroom and FACTS (student management software,formally known as RenWeb). Professional development will be provided.
Benefits:
• 1 annual round trip fight or flight stipend (negotiable)
• Fully furnished apartment on campus or off campus housing allowance, dependent on availability (negotiable)
• Monthly food stipend (400 RMB)
• 10 days paid sick leave
• Bereavement leave
• Standard health insurance
• Discounted tuition for dependents
• Overtime compensation provided if asked to work over contract hours
• Annual salary negotiable based on experience and qualifications
• School assistance with visa requirements
11. 2 Primary English teachers needed in a k-12 school in Ganzhou city, Jiangxi province. August 2026 start.
Requirements:
Bachelor degree or above
Native English speakers preferred
At least 2 years full time teaching experience
Qualified for Z visa
Salary and benefits:
Monthly salary: 15K-20K
Paid summer and winter holidays. Air tickets reimburse.
12. International Teacher Jobs in Beautiful Fuyang, Hangzhou city. August 15, 2026 start
1. Art Teacher junior & senior high
2. primary Science Teacher,Power Up Cambridge text experience
3. Dance Teacher k-12
4.Female KG-G2 PE teacher
-Benefits:
o   Monthly salary: RMB 20,000—RMB 26,000
o   Housing allowance: Up to RMB 3500 per month
o   RMB 10,000 Travel allowance
o   Overtime: RMB 300 for Weekend Open Days
o   Meals on campus, access to pool, golf course, gym
o   Free Tuition for all children
o   Fully paid holidays including winter and summer
o   Renewal bonus of RMB 10,000
o   Domestic health insurance
-Requirements:
o   Native Speaker (US/UK/Canada preference)
o   At least 2 years current teaching in position applying
o   Bachelor degree or above (in the applying subject)
o   Professional, energetic, creative, flexible, positive, passionate about teaching
o   Preference 45 or younger
-Job Details:
o   20-25 students per class
o   22 lessons per week
o   40 hours a week (includes lessons and office hours)
o   Willingness to assist with Open Days and Demo classes
o   Must be a flexible, positive Team player willing to help a young school reach its potential
Qualified candidates please send your updated resume, self-intro video, degree and teaching license/certificates to:
Wechat:
18516987986
Email:
[email protected]
To apply, email
[email protected]"
eslcafe-modern,international-schoolsprimarymiddlehigh-school-27,https://www.eslcafe.com/postajob-detail/international-schoolsprimarymiddlehigh-school-27,International schools(Primary/Middle/High schools)' jobs and (20k-36k) Kindergarten/Trianing schools in China,TalentsAisa,"Chongqing, Chengdu, Beijing, Ningbo, Shenzhen, Guangzhou, Wuhan, Nanjing, Suzhou, Hangzhou, etc.",China,20000-36000,RMB,Bachelor,,,,ivy.tic@hotmail.com,,2026-05-15 06:16,"International/Bilingual Schools Location: Chongqing Chengdu Beijing Ningbo Shenzhen Guangzhou Wuhan Nanjing, etc. (All 1st tier and 2nd tier cities) Position: English/Math/Chemistry/Biology/Art/PE/Social Studies teachers, etc Salary: 23000-3 6 000 RMB/month Housing allowance: 2 000-4000 RMB/month Other benefits: air ticket reimbursement, health insurance, paid holiday, etc. Requirements: 1. Bachelor's degree or higher in related education major 2. A recognized teaching qualification is essential 3. A minimum of 2 years of working experience teaching related subjects in high-performing schools. 4. Fluency in written and spoken English to enable effective communication with students and in working relationships. 5. Knowledge of IB/A-level/IGCSE/Common core curriculum, their delivery, and assessments. Kindergarten/Training schools' jobs Locations: Chongqing Chengdu Beijing Shenzhen Guangzhou Wuhan Nanjing Suzhou Hangzhou and others （ most 2nd tier and 3rd tier cities) Monthly income: 20000-30000RMB/month (Salary+ Housing allowance) Other benefits: Air-ticket reimbursement, free hotel at the start, visa application reimbursement, health insurance,paid holiday, etc. requirement: 1. Native English speaker. 2. Bachelor's degree or above. 3. 2 years teaching experience or TEFL. To apply, email [email protected]","International/Bilingual Schools
Location: Chongqing
Chengdu Beijing Ningbo Shenzhen Guangzhou Wuhan Nanjing, etc. (All 1st tier and 2nd tier cities)
Position:  English/Math/Chemistry/Biology/Art/PE/Social Studies teachers, etc
Salary: 23000-3
6
000 RMB/month
Housing allowance:
2
000-4000
RMB/month
Other benefits: air ticket reimbursement, health insurance, paid holiday, etc.
Requirements:
1. Bachelor's degree or higher in related education major
2. A recognized teaching qualification is essential
3. A minimum of 2 years of working experience teaching related subjects in high-performing schools.
4. Fluency in written and spoken English to enable effective communication with students and in working relationships.
5. Knowledge of IB/A-level/IGCSE/Common core curriculum, their delivery, and assessments.
Kindergarten/Training schools' jobs
Locations: Chongqing
Chengdu Beijing Shenzhen Guangzhou Wuhan Nanjing Suzhou Hangzhou and others
（
most 2nd tier and 3rd tier cities)
Monthly income: 20000-30000RMB/month (Salary+ Housing allowance)
Other benefits: Air-ticket reimbursement, free hotel at the start, visa application reimbursement, health insurance,paid holiday,
etc.
requirement:
1. Native English speaker.
2. Bachelor's degree or above.
3. 2 years teaching experience or TEFL.
To apply, email
[email protected]"
eslcafe-modern,20-30k-monthly-kindergarten-primary-school-mi,https://www.eslcafe.com/postajob-detail/20-30k-monthly-kindergarten-primary-school-mi,"✮✮✮20-30k monthly. Kindergarten, primary school, middle school and high school English teachers,art teachers needed in Shanghai,Hangzhou,Suzhou,Beijing,Kunming,Changsha, Chengdu, Yiwu, Taizhou and Wuhan✮✮✮","Lianheng Xiaomei (Wuhan) Enterprise Management Consulting Co., Ltd.","Shanghai, Hangzhou, Suzhou, Changsha, Yiwu, Taizhou, Wuhan",China,16000-30000,RMB,Bachelor,,,ASAP or Aug 2026,lerene@qq.com,,2026-05-13 10:33,"Position 1: International Kindergarten English Teacher Location: Hangzhou City Students’ age: 3-6 years old Position Type: Full time Starting Date: ASAP or Aug 2026 Working time: Monday to Friday Salary and Benefits: • Monthly salary: 26 k- 28K before tax (including h ousing allowance ) • Paid public holidays • H ealth insurance • W ork visa Job Requirements: 1. Nationality: Citizens from United States, United Kingdom, Australia, Canada, New Zealand . Caucasian priority 2. A two-year kindergarten recommendation letter must be provided. 3.Qualifications: Valid work visa documents complete; Positon 2: International High School English Literature Teacher / Humanities Teacher Location: Changning District, Shanghai Start Date: August 2026 Key Responsibilities 1.Teach AP English Literature and Humanities courses to Grades 10-12, ensure high-quality classroom instruction; 2.Develop teaching plans and refine curriculum content in accordance with the AP exam syllabus, guide students to complete coursework and prepare for AP exams; 3.Possess strong interpersonal communication skills and be an effective team player. 4.Participate in regular teaching and research activities in the High School Division, collaborate with the teaching team to optimize the AP humanities curriculum system, and update locally-adapted teaching materials; 5.Assist in student university counseling, support students in polishing and revising their college application essays in English; 6.Participate in student ECA","Position 1:
International
Kindergarten English Teacher
Location:
Hangzhou City
Students’ age: 3-6 years old
Position Type: Full time
Starting Date:
ASAP or Aug 2026
Working time: Monday to Friday
Salary and
Benefits:
•
Monthly salary:
26
k-
28K
before tax
(including h
ousing allowance
)
•
Paid public holidays
•
H
ealth insurance
•
W
ork visa
Job Requirements:
1.
Nationality: Citizens from United States, United Kingdom, Australia, Canada, New Zealand
.
Caucasian priority
2.
A two-year kindergarten recommendation letter must be provided.
3.Qualifications: Valid work visa documents complete;
Positon 2:
International High School
English
Literature Teacher / Humanities Teacher
Location: Changning District, Shanghai
Start Date: August 2026
Key Responsibilities
1.Teach AP English Literature and Humanities courses to Grades 10-12, ensure high-quality classroom instruction;
2.Develop teaching plans and refine curriculum content in accordance with the AP exam syllabus, guide students to complete coursework and prepare for AP exams;
3.Possess strong interpersonal communication skills and be an effective team player.
4.Participate in regular teaching and research activities in the High School Division, collaborate with the teaching team to optimize the AP humanities curriculum system, and update locally-adapted teaching materials;
5.Assist in student university counseling, support students in polishing and revising their college application essays in English;
6.Participate in student ECA (Extracurricular Activities) - Teachers with specialized skills (e.g., technology, AI, etc.) are preferred.
7.Cooperate with school brand promotion and complete assigned tasks for the school's social media initiatives.
Salary and
Benefits
• Monthly salary :
26
k-
30K
before tax
(including
accommodation
allowance);
• Health insurance
;
•
Basic
salary during summer/winter vacations (when not working).
•
Work visa
Job Requirements
1.Native English speaker, with a Bachelor's degree or above in a related field (English Literature, Humanities, Education, etc.); minimum of 2 years of teaching experience in an international high school or international curriculum system;
2.Ability to independently teach AP English Literature/Humanities courses entirely in English, with familiarity with the AP exam syllabus and grading standards;
3.Outgoing and approachable personality, young and energetic, skilled at connecting and building friendships with Gen Z students, committed to a positive, supportive teaching philosophy;
4.Holders of international teaching qualifications (TESOL/TEFL/CELTA, etc.) are preferred.
Position 3:
ESL and Integrated Arts Teacher (CEFR-Aligned Integrated Program; 60% English, 40% Arts) at an International School
Work Details:
•
Location: Suzhou
City
•
Students’ age:
12
-
18
years old
•
Working time:
8
office hours
per
day, Mon
day to
Fri
day
; weekends off.（sometimes open
day support）
;
•
Teaching hours:
20 hours
per
week
;
•
Starting date
：
Aug 2026
Salary and
Benefits
• Monthly salary :
26
k-
30K
before tax
(including
accommodation
allowance);
• Health insurance
;
•
Basic
salary during summer/winter vacations (when not working).
•
Y
early flight
allowance
Job Requirements:
1.Citizens from
UK, USA,
Australia, Canada
; Caucasian background;
2.Bachelor
’
s degree or higher; teaching certification / TESOL/TEFL/CELTA
3.Background or experience in
Literature, Drama, Music, Art, or Performing Arts
4.Familiarity with US high school culture: Common Core, seminar discussion, project
‑
based learning
5.Committed to long
‑
term student growth and academic integrity
6.Eligible for work visa & foreign expert certificate
.
Positon 4:
International
Kindergarten
Homeroom
English Teacher
1.Location: Yiwu City, Zhejiang Province
2. Full-day homeroom / Rotating classes (Esl): Homeroom
3. Age group of students : 1-7 years old
4. Start date: August 2026
5. Working hours: 8:00-11:30, 1:30-5:30 in the afternoon, Fridays until 4:30
Salary and
Benefits:
•
Monthly salary:
20
k-
25K
before tax
（
including house allowance)
;
•
P
aid
public
holidays ;
• Health insurance;
•
W
ork visa
Job Requirements:
1.
Nationality:
Citizens
from
United Kingdom, United States
, Canada, Australia, or New Zealand.
2.At least 2 years of kindergarten experience or related early education major
3.
Qualifications: Valid work visa documents complete
Position 5:
International
Kindergarten English Teacher
Location:
Changsha
Students’ age: 3-6 years old
Position Type: Full time
Starting Date:
Aug 2026
Working time: Monday to Friday
Salary and
Benefits:
•
Monthly salary:
20
k-
30K
before tax;
•
H
ousing allowance
: 2K
per
month
•
Half
paid summer holiday
and winter holiday
• Other paid holidays based on national statutory holidays arrangement;
• Health insurance;
•
Children tuition
:
free
Job Requirements:
1.
Nationality: Citizens from United States, United Kingdom, Australia, Canada, New Zealand only
,
Caucasian priority
2.
At least two years of teaching experience in International kindergarten
3.Qualifications: Valid work visa documents complete;
Position 6:
International
Kindergarten English Teacher
Location:
Taizhou City
Students’ age: 3-6 years old
Position Type: Full time
Starting Date:
Aug 2026
Working time: Monday to Friday
Salary and
Benefits:
•
Monthly salary:
16
k-
28K
before tax
（
including house allowance)
;
• Other paid holidays based on national statutory holidays arrangement;
• Health insurance;
Job Requirements:
1.Nationality:
No nationality limited.
Caucasian priority
2.
At least two years of teaching experience in International kindergarten
3.Qualifications: Valid work visa documents complete;
Position 7
：
International
Kindergarten English Teacher
Location:
Wuhan City
Students’ age: 3-6 years old
Position Type: Full time
Starting Date:
June or
Aug 2026
Working time: Monday to Friday
Salary and
Benefits:
•
Monthly salary:
18
k-
24K
before tax
(including h
ousing allowance
)
house allowance,health insurance,work visa
Job Requirements:
1.
Nationality: Citizens from United States, United Kingdom, Australia, Canada, New Zealand
2.
At least two years of teaching experience in kindergarten
3.
Qualifications: Valid work visa documents complete;
Position 8
：
Foreign English Teacher
in Language School
Location: Songyuan City, Jilin Province
Students’ age: 3–16
years old
Working time:
Weekdays: 15:00–20:00
-Weekends: 8:00–12:00, 13:30–19:00
- Regular Day Off: Full day off every Monday, with a reasonable and regular work schedule
Salary and
Benefits:
•
Monthly salary:
15
k-
24
K
before tax
(including h
ousing allowance
)
house allowance,health insurance,work visa
Job Requirements:
1.Appearance & Language: Decent image and temperament, suitable for European and American foreign English teaching style; standard, pure, clear and fluent English pronunciation without regional accent, native speaker is not a mandatory requirement.
2. Qualification & Experience: Bachelor's degree or above; hold valid TEFL/TESOL teaching certificate; have at least 1 year of English teaching experience for children and teenagers; candidates who are familiar with Super Minds / Think series textbooks are preferred.
3. Personality & Ability: Outgoing, enthusiastic and energetic; good at interesting classroom interaction, with strong affinity and patience; excellent communication skills, strong teamwork awareness, high work execution, and passion for children and teenagers education.
4. Mandatory Requirements:
Meet the qualifications for applying for a Chinese work visa, possess two years of teaching experience with recommendation letters, and be able to provide a non-criminal record certificate, a bachelor's degree or higher diploma and its certification from the Service Center for Studying Abroad; no negative employment records, and capable of working stably in the position for a long term.
Position 9
：
International
Kindergarten English Teacher
Location:
Kunming
City
Students’ age:
2
–
6 years old
Working time:
Monday to Friday
Starting Date:
ASAP
Salary and
Benefits:
•
Monthly salary:
20
k-
28
K
before tax
(including h
ousing allowance
)
house allowance,health insurance,work visa
Job Requirements:
1.
Nationality:
Citizens from United States, United Kingdom, Australia, Canada, New Zealand
.
2.
At least two years of teaching experience in kindergarten
3.
Qualifications: Valid work visa documents complete;
Position 10:
Work Details:
•
Location:
Changsha City
•
Working time:
8 office hours
per
day, Mon
day to
Fri
day
; weekends off.（sometimes open
day support）
;
•
Teaching hours:
20 hours
per
week
;
•
Students’ age:
3
-
6
years old
•
Starting date
：
Aug 2026
Salary and
Benefits
• Monthly salary :
18
k-
22K
before tax
(including
accommodation
allowance);
• Health insurance
;
•
Basic
salary during summer/winter vacations (when not working).
•
Y
early flight
allowance
Job Requirements:
1.
Nationality: Citizens from United States, United Kingdom
.
2.Bachelor
’
s degree or higher; teaching certification / TESOL/TEFL/CELTA
.
3.
At least two years of teaching experience in
an international
kindergarten
4.Experience or ideas in participating in the planning and organization of drama and theatre courses.
Positon 11:
Foreign English Teacher
in Childcare center
Location:
Chengdu
City
Students’ age:
3
–
11 years old
Working time
:
Monday to Friday
Starting Date:
Aug 2026
Salary and Benefits:
•
Monthly salary:
16
k-
22K
before tax
(including h
ousing allowance
)
house allowance,health insurance,work visa
Job Requirements:
1.
Nationality:
No nationality restrictions.
Caucasian priority
,
female foreign teachers preferred.
2.
At least two years of teaching experience in
kindergarten, and experience in English training is even better.
3.Qualifications: Valid work visa documents complete;
Positon 12:
Primary School
English Teacher
Location: Chaoyang District
,
B
eijing
City
Students’ age:
6-12
years old
Position Type: Full time
Starting Date:
Aug 2026
Working hours: 8:00-17:30 (class teaching time no more than 24 periods per week. 40 minutes per period)
Salary and
Benefits:
•
2
5
k-30k RMB before tax per month.
(
Salary can be negotiable depends on teacher’s experience
)
.
•
Social insurance
•
Housing allowance
•
Free meals (breakfast and lunch)
Job Requirements:
1.
Nationality: Citizens from United Kingdom,
South Africa
2.
Preference will be given to those who can teach both English and math courses, and those with experience in teaching science courses are preferred.
3.
Bachelor
’
s degree or above.
4. Qualifications: Valid work visa documents complete;
Positon 13:
International Middle/High School
English Teacher
Location: Chengdu
Students’ age:
12
-
18
years old
Position Type: Full time
Starting Date:
Aug 2026
Working time: Monday to Friday
Salary and
Benefits:
•
M
onthly
Salary: 2
5K
-
3
5k
before tax
•
house allowance
•
health insurance
•
work visa
Job Requirements:
1.Nationality:
Native English Speaker,
Caucasian priority
2.Experience teaching IGCSE at an international school is required
3.Strong academic background preferred
4.
IELTS experience preferred
How to Apply
Please send the following documents to
the email:
[email protected]
-
Self- introduction video
- Resume
- Copy of bachelor's degree
or above
- Copy of TEFL/TESOL Certificate or two years of work experience proof
- Copy of Passport Page
Wechat: oneday2015
To apply, email
[email protected]"
eslcafe-modern,kindergarten-homeroom-teaching-jobs-training,https://www.eslcafe.com/postajob-detail/kindergarten-homeroom-teaching-jobs-training,"Kindergarten jobs in Beijing ,Tianjin, Shenyang , Hangzhou ,Ningbo, Chongqing , Jinan ,Dlian ,Xiamen .Guangzhou.Primary School jobs in Beijing ,Yiwu ,Guangzhou ,.University Jobs in Xian'Jilin ,Taizhou ,Nanjing . and also Beijing IELTS Teaching jobs",topnotchesl,"Beijing, Tianjin, Shenyang, Hangzhou, Ningbo, Chongqing, Jinan, Dalian, Xiamen, Guangzhou, Yiwu, Xi'an, Jilin, Taizhou, Nanjing, Qinhuangdao, Qufu, Nanchang, Lingshui",China,20000-32000,RMB,,,10 months,August 2026,jenifer2025@126.com,,2026-04-17,"Kindergarten jobs in Beijing ,Tianjin, Shenyang , Hangzhou ,Ningbo, Chongqing , Jinan ,Dlian ,Xiamen .Guangzhou.Primary School jobs in Beijing ,Yiwu ,Guangzhou ,.University Jobs in Xian'Jilin ,Taizhou ,Nanjing . and also Beijing IELTS Teaching jobs 1. Native English speakers preferred, including candidates from South Africa; overseas applicants are welcome; 2. Highly experienced non-native English teachers currently holding a valid Beijing non-native work visa may also be considered; 3. Rich teaching experience with young children; 4. Stable, energetic, lively and suitable for kindergarten teaching. Benefits & Package - Monthly salary: 20000 – 30000 RMB - Commercial insurance or social security provided - Enjoy the chinese paid public holidays Primary School Jobs In Beijing ,Guangzhou ,YiWu ✅ 2 Open Positions ✅ Start: August 2026 ✅ 10-Month Contract ✅ Salary: 20,000 - 32,000 RMB/month ✅ Free Accommodation 2. Native English speakers preferred, including candidates from South Africa; overseas applicants are welcome; 3. Highly experienced non-native English teachers currently holding a valid Beijing non-native work visa may also be considered; 4. Rich teaching experience with young children; 5. Stable, energetic, lively and suitable for kindergarten teaching. Benefits & Package - Monthly salary: 20000 – 30000 RMB - Commercial insurance or social security provided - No winter or summer vacations Primary Homeroom Teacher, Guangzhou Baiyun 2 vacancies | Aug 2026 start | 10-month c","Kindergarten jobs in Beijing ,Tianjin, Shenyang , Hangzhou ,Ningbo, Chongqing , Jinan ,Dlian ,Xiamen .Guangzhou.Primary School jobs in Beijing ,Yiwu ,Guangzhou ,.University Jobs in Xian'Jilin ,Taizhou ,Nanjing . and also Beijing IELTS Teaching jobs
1. Native English speakers preferred, including candidates from South Africa; overseas applicants are welcome;
2. Highly experienced non-native English teachers currently holding a valid Beijing non-native work visa may also be considered;
3. Rich teaching experience with young children;
4. Stable, energetic, lively and suitable for kindergarten teaching.
Benefits & Package
- Monthly salary: 20000 – 30000 RMB
- Commercial insurance or social security provided
- Enjoy the chinese paid public holidays
Primary School Jobs In Beijing ,Guangzhou  ,YiWu
✅ 2 Open Positions
✅ Start: August 2026
✅ 10-Month Contract
✅ Salary: 20,000 - 32,000 RMB/month
✅ Free Accommodation
2. Native English speakers preferred, including candidates from South Africa; overseas applicants are welcome;
3. Highly experienced non-native English teachers currently holding a valid Beijing non-native work visa may also be considered;
4. Rich teaching experience with young children;
5. Stable, energetic, lively and suitable for kindergarten teaching.
Benefits & Package
- Monthly salary: 20000 – 30000 RMB
- Commercial insurance or social security provided
- No winter or summer vacations
Primary Homeroom Teacher, Guangzhou Baiyun
2 vacancies | Aug 2026 start | 10-month contract
20-32K/month + free housing + 10,000 RMB winter subsidy
Full visa support, flight allowance, all school holidays off
Weekends free, great work-life balanceHomeroom Teacher | Guangzhou
Primary School Jobs In Beijing ,Guangzhou  ,YiWu
✅ 2 Open Positions
✅ Start: August 2026
✅ 10-Month Contract
✅ Salary: 20,000 - 32,000 RMB/month
✅ Free Accommodation
✅ Winter vacation with 10,000 RMB extra winter allowance
- Mon-Fri, weekends off
- All public holidays + summer & winter vacation
- Fully sponsored work visa & permits
- Flight & arrival hotel reimbursement
- Vacation bonus + accident insurance
- Full training & career growth
- Teaching materials provided
University English Teachers needed acrossdifferent locations in ChinaLate August: Xi'an, Taizhou( Jiangsu Province),Nanjing, Qinhuangdao ( Hebei Province),  Jinan,Qufu (Shandong province),Nanc hang (Jiangxi province), Lingshui ( Hainan province).Full time, one year contract.
Benefits:1. 5000-6000 Australian dollars monthly,negotiable,  depending on qualifications.2.Flight Allowance3.Free On-campus accommodation or housing allowance (excludes electricity, water, telephone, network charges)4.2 weeks paid for the successful completion of any academic semester(2 semesters a year)5.Visa cost subsidy6.Opportunity for paid professional development programs.7.Holiday gifts and  team building
Location & Position Type: Xi’an, Jilin / University position
Visa: Chinese cultural and educational work visa
Kindergarten jobs in Beijing ,Tianjin, Shenyang , Hangzhou ,Ningbo, Chongqing , Jinan ,Dlian ,Xiamen .Guangzhou.Primary School jobs in Beijing ,Yiwu ,Guangzhou ,.University Jobs in Xian'Jilin ,Taizhou ,Nanjing . and also Beijing IELTS Teaching jobs
2. Native English speakers preferred, including candidates from South Africa; overseas applicants are welcome;
3. Highly experienced non-native English teachers currently holding a valid Beijing non-native work visa may also be considered;
4. Rich teaching experience with young children;
5. Stable, energetic, lively and suitable for kindergarten teaching.
Benefits & Package
- Monthly salary: 20000 – 30000 RMB
- Commercial insurance or social security provided
- No winter or summer vacations
Primary Homeroom Teacher, Guangzhou Baiyun
2 vacancies | Aug 2026 start | 10-month contract
20-32K/month + free housing + 10,000 RMB winter subsidy
Full visa support, flight allowance, all school holidays off
Weekends free, great work-life balanceHomeroom Teacher | Guangzhou
WeChat: sunshinekp
To apply, email
[email protected]
To apply, email
[email protected]"
eslcafe-modern,latest-teaching-positions-in-popular-cities-i,https://www.eslcafe.com/postajob-detail/latest-teaching-positions-in-popular-cities-i,Latest Teaching Positions In Popular Cities in China!!! You are invited to contact us via info@clickchn.com,"ClickChina Cultural Exchange Co., Ltd.","Chengdu, Shanghai, Nanchang, Beijing, Shenzhen",China,"CNY 19,000-32,000",RMB,Bachelor,,1-3 years,Mar. 2026 / Aug. 2026 / Sep. 2026,info@clickchn.com,,2026-05-09 09:31,"Position #1 : Kindergarten ESL Teacher Wanted In Chengdu Kindergarten Homeroom Teaching Job Description: 1. Location: Chengdu city, Sichuan province, China. 2. Contract Term: one academic year , Sep. 2026 - Aug . 202 7 . 3. Job Position: Homeroom Teacher. 4. Students Age: 3 -6 years old. 5. Work Days: work on Monday s to Friday s , t wo days off on weekends . 6. Work H o u rs: 33 hours per week. R emuneration and Benefits: 1. Salary: CNY 19,000-21 ,000 monthly . 2. Accommodation : housing allowance of CNY 2 , 6 00 monthly. 3. Meals: free working meals provided . 4. Vacation: full paid four week s vacation (including one week Christmas) . 5. Holidays: full paid 1 3 days Chinese public holidays. 6. Bonus : CNY 8,000 upon the contract fulfillment . 7. Insurance: accident insurance and medical insurance provided. 8. Work V isa: yes . Requirements: 1. Native English Speaker . 2.Bachelor ’ s degree or above. *********************************************************** Position #2 : Kindergarten Homeroom Teacher Wanted In Shanghai Kindergarten Homeroom Teacher Job Description: 1. Location: Shanghai city, China. 2. Contract Term: one academic year, Aug. 2026 - June 2027. 3. Students A ge: 2-6 years old. 4. Work Days: work on Mondays to Fridays, two days off on weekends. 5. Work Hours: 40 hours a week. Remuneration and Benefits: 1. Salary: CNY 29 ,000 - CNY 32 ,000 monthly ( housing allowance included ) . 2. Meals: free working meals. 3. Holidays: f ull paid 1 3 days Chinese public hol","Position
#1
:
Kindergarten ESL Teacher Wanted In Chengdu
Kindergarten
Homeroom
Teaching
Job Description:
1.
Location:
Chengdu city,
Sichuan province, China.
2.
Contract Term:
one academic year
,
Sep. 2026
-
Aug
. 202
7
.
3.
Job Position:
Homeroom
Teacher.
4.
Students Age:
3
-6 years old.
5.
Work Days:
work on
Monday
s
to Friday
s
, t
wo
days off
on weekends
.
6.
Work
H
o
u
rs:
33 hours per week.
R
emuneration and Benefits:
1.
Salary:
CNY
19,000-21
,000
monthly
.
2.
Accommodation
:
housing allowance of
CNY
2
,
6
00 monthly.
3.
Meals:
free
working meals
provided
.
4.
Vacation:
full paid
four
week
s
vacation
(including
one
week Christmas)
.
5.
Holidays: full paid 1
3
days Chinese public holidays.
6.
Bonus
:
CNY
8,000
upon the contract fulfillment
.
7.
Insurance:
accident
insurance
and medical insurance provided.
8.
Work
V
isa:
yes
.
Requirements:
1.
Native
English
Speaker
.
2.Bachelor
’
s
degree or above.
***********************************************************
Position
#2
:
Kindergarten Homeroom Teacher Wanted In Shanghai
Kindergarten Homeroom Teacher
Job Description:
1.
Location:
Shanghai
city, China.
2.
Contract Term:
one academic year,
Aug. 2026 - June 2027.
3.
Students
A
ge:
2-6
years old.
4.
Work Days: work on Mondays to Fridays, two days off on weekends.
5.
Work Hours:
40
hours
a week.
Remuneration and Benefits:
1.
Salary:
CNY
29
,000
-
CNY
32
,000
monthly
(
housing allowance included
)
.
2.
Meals: free working meals.
3.
Holidays: f
ull paid 1
3
days Chinese public holidays
.
4.
Vacations:
half paid three weeks summer vacation and two weeks
winter
vacation
.
5.
Airfare Allowance:
yes.
6.
Insurance:
accident insurance and health
insurance.
7.
Work
V
isa:
yes.
Requirements:
1.
Native English speaker
.
2.
Bachelor’
s
degree or above
.
***********************************************************
Position
#3
:
Primary School ESL Teacher Wanted In Chengdu
International School Primary ESL Teacher
Job Description
:
1.
Location:
Chengdu city, Sichuan province
, China.
2.
Contract Term:
one year, Aug. 2026 - Jun. 2027.
3.
Students Age:
6-12
years old.
4.
Work Days: Mondays to Fridays, two days off on weekends.
5.
Work
H
ours:
20 teaching periods a week
.
R
emuneration and Benefits:
1.
Salary:
CNY23
,
0
0
0-CNY25,000
monthly
(housing allowance included).
2.
Vacation:
full paid
three months
vacation
s a year
.
3.
Holidays: full paid
13 days
Chinese public holidays
, one day Christmas
.
4.
Airfare allowance:
up to
CNY10
,000 reimbursement upon the
contract fulfillment.
5.
Insurance:
health
insurance.
6.
Free gym.
7.
Work Visa:
yes
.
Requirements:
1.
Native
English
speaker
.
2.
Bachelor’
s
degree or above
, related majors.
3.
Relevant teaching experience preferred.
***********************************************************
Position
#4
:
Primary School IB Homeroom Teacher Wanted In Nanchang
Primary School IB Homeroom
Teacher
Job Description:
1.
Location:
Nanchang
city,
Jiangxi
p
rovince
, China.
2.
Contract Term:
three academic years,
Aug. 2026 - Aug. 2029.
3.
Students
A
ge:
6
-12
years old.
4.
Work Days: work on Mondays to Fridays, two days off on weekends.
5.
Work Hours:
40
hours
a week.
Remuneration and Benefits:
1.
Salary:
CNY25
,000
-CNY28,000
monthly
.
12 months pay a year
.
2.
Accommodation:
sufficient
housing allowance.
3.
Meals: free working meals.
4.
Holidays: f
ull paid 1
3
days Chinese public holidays
.
5
.
Vacations:
full paid two months summer vacation and one month
winter
vacation
a year
.
6
.
Airfare Allowance:
CNY10,000
a year
upon the contract fulfillment.
7
.
Insurance:
social
insurance
.
8.
Work
V
isa:
yes.
Requirements:
1.
Native English speaker
.
2.
Bachelor’
s
degree or above
.
3.
IB homeroom
teaching experienc
e
required
.
***********************************************************
Position
#5
:
Middle School and High School English Teacher Wanted In Beijing
Middle School and High School English Teacher
Job Description:
1.
Location:
Beijing
city, China.
2.
Contract Term:
one
academic year,
Sep. 2026 -
Aug 2027.
3.
Students Age:
6-14
years old.
4.
Work Days: Mondays to Fridays. Two days off on weekends.
5.
Work Hours:
40
hours a week
.
Remuneration and Benefits:
1.
Salary:
CNY20,000 - CNY25,000
monthly.
2. Accommodation:
sufficient
housing allowance
.
3.
Meals:
free working meals
.
4.
Vacation
:
two months summer vacation and one month
winter
vacation
, with salary
.
5.
Holidays: full paid 1
3
days Chinese public holidays.
6.
Airfare Allowance:
CNY
10
,000 a year upon the contract fulfillment.
7.
Insurance:
social
insurance.
8.
Work Visa:
yes
.
R
equirements:
1.
Native English speaker .
2.
Master
’
s
degree or above
.
3.
T
eaching experience
required.
***********************************************************
Position
#6
:
Primary School and Middle School Art Teacher
I
n Shenzhen
Primary School and Middle School Art Teacher
Job Description:
1.
Location: Shenzhen city, Guangdong province, China.
2.
Contract Term:
one
academic year,
Mar. 2026 - Feb. 2027.
3.
Students Age:
6-
12/ 12-15
years old.
4
.
Work
D
ays: Monday
s
to Friday
s
.
Two
days off on weekend
s.
5
.
Work
H
ours:
40
hours
a
week.
Remuneration and Benefits:
1.
Salary:
CNY
20
,000
- 24,000
monthly
(
housing allowance included
)
.
12 months pay a year.
2
. Meals: free
working
meals
.
3
. Vacation:
full
paid
two months
summer vacation
and one month
winter vacation
a year
.
4
. Holidays: full paid 1
3
days Chinese public holidays.
6. Airfare Allowance:
CNY
10,000 flight
ticket reimbursement
upon contract fulfillment
.
7.
Insurance:
accident insurance and health
insurance.
8
.
Work
V
isa:
yes
.
R
equirements:
1.
Native English level.
2.
Bachelor
’
s
degree or above
, relevant major.
3.
Two
year
s
teaching experience
in related courses.
***********************************************************
Position
#7
:
IB MYP English Teacher Wanted In Shanghai
IB MYP English Teacher
Job Description:
1.
Location:
Shanghai
city,
China.
2. Contract Term:
one
academic
year,
Sep. 2026- Aug. 2027.
3.
Students Age:
11-16
years old.
4
.
Working Days:
work on
Monday
s
to Friday
s,
two
days off on weekend
s
.
5
.
Working
hour
s:
40
hours a week
.
Remuneration and Benefits:
1.
Salary:
CNY
25
,000
- CNY28,000
monthly
.
2.
Accommodation: housing allowance of CNY6,000 monthly
.
3
. Vacation:
full paid one month winter vacation
.
4
. Holidays: full paid 1
3
days Chinese public holidays.
5
.
Airfare Allowance:
CNY
10,000
a year
upon the contract fulfillment.
6.
Insurance:
accident insurance and
health
insurance
.
7
.
Work
V
isa:
yes
.
Requirements:
1.
Native
English
Speaker
.
2.
Bachelor
’
s
degree or above
, relevant major.
3.
Teaching experience in related courses required.
***********************************************************
Position
#8
:
A-level English Literature
T
eacher
W
anted
I
n Sanya
A-level English Literature Teacher
Job Description:
1. Location:
Sanya
city
, H
ainan
p
rovince, China.
2. Contract Term:
one
academic year,
Aug. 2026 - Aug. 2027.
3
. Students Age:
15-18
years old.
4
. Work Days: Mondays to Fridays. Two days off on weekends.
5
. Work Hours:
40 hours a week.
Remuneration and Benefits:
1. Salary:
CNY
25,000
monthly.
2. Accommodation:
housing allowance of CNY5,000 a month
.
3. Meals: free
working
meals
.
4. Vacation:
full
paid
one month winter
vacation
and six weeks
summer vacation
a year
.
5. Holidays: full paid 1
3
days Chinese public holidays.
6. Airfare Allowance:
CNY
8
,000
a year
upon contract fulfillment
.
7.
Insurance:
accident insurance and health
insurance.
8
.
Work
V
isa:
yes
.
R
equirements:
1. Native English speaker.
2.
Bachelor
’
s
degree or above
, relevant major.
3.
IGCSE experience preferred.
***********************************************************
Position
#9
:
IG&A-level Physics/ Chemistry/ Biology /Geography Teacher Wanted In Shenzhen
IG & A-level EAL, IELTS English/ Ph
ysics/ Chemistry/ Biology/ Geography Teacher
Job Description
:
1.Locatio
n:
Shenzhen
city
(coastal)
,
Guangdong Pro
vince,
China.
2.Contract Term:
two
academic
year
s
,
Aug. 2026- Aug.2028.
3
.
Working Days:
work on
Monday
s
to Friday
s,
two
days off on weekend
s
.
4
.
Working
hour
s:
40
hours a week
.
R
emuneration and Benefits:
1.
Salary:
CNY
25
,000
- CNY35,000
mo
nthly
.
12 months pay a year.
2.
Ac
c
ommodation:
housing allowance of
CNY8,000
monthly or above
.
3.
Meals: free working meals.
4
.Vacation:
full
paid
two months
summer vacation and
one month
winter vacation a year
.
5.
Holidays:
full
paid
1
3
days Chinese p
ublic holiday
s
a year
.
6
.
Airfare Allowance: round trip air ticket reimbursement a year.
7.
Children Tuition: two children, free.
8.
Contract Fulfillment Bonus: equivalent to one month's salary.
9
.
Insurance:
accident insurance and
health
insurance
.
10
.
Work
V
isa:
yes
.
Requirements:
1.
Native
English
speaker
.
2.
Ba
chelor
’
s
degree or above
, related majors
.
3.
Two
year
s
high school
teaching experience
in related courses preferred.
***********************************************************
Position
#10
:
University English / French
L
anguage
T
eacher
W
anted
I
n Anhui
University
English
/
French language
T
eacher
Job Description
:
1.
Location:
Anhui
province, China.
2.
Contract Term:
o
ne
academic
year,
July 2026- June 2027.
3.
Students Age:
18-21
years old.
4.
Work Days:
work on
Monday
s
to Friday
s,
two
days off on weekend
s
.
5.
Work H
ours:
16-20
teaching period
s
a
week.
No office hours
.
R
emuneration and Benefits:
1.
Salary:
CNY
15
,
0
00
-
CNY
20
,
0
00
month
ly
.
2.
Ac
c
ommodation:
independent
on-campus
apartment
.
3.
Vacation:
full paid
four weeks winter
vacation
and five weeks summer vacation
.
4.
Holidays: full paid 1
3
days Chinese public holidays.
5.
Airfare Allowance: CNY
10
,000 upon the contract fulfillment.
6.
Contract Fulfillment Bonus
:
monthly salary before tax
.
7.
Insurance:
accident insurance and
health
insurance
.
8.
Work
V
isa:
yes.
R
equirements:
1.
Native
English / French
speaker.
2.
Master
’
s degree or above.
3.
Teaching experience is required.
***********************************************************
Position
#11
:
University ESL Teacher Wanted In Nanjing
University
ESL
Job Description
:
1.
Location: Nanjing city, Jiangsu province, China.
2.
Contract Term: one academic year, Sep. 2026- Aug. 2027.
3.
Students Age: 18-21 years old.
4.
Work Days: work on Mondays to Fridays, two days off on weekends.
5.
Work Hours: 8-16 teaching periods a week.
No office hours
.
R
emuneration and Benefits:
1.
Salary:
CNY
11
,
0
00
-
CNY
12
,
0
00
month
ly
.
12 months pay a year
.
2.
Ac
c
ommodation:
housing allowance of CNY2,000 a month (sufficient)
.
3.
Vacation:
full paid
one month winter
vacation
and two months summer vacation
.
4.
Holidays: full paid 1
3
days Chinese public holidays.
5.
Airfare Allowance
:
CNY5,000
-
CNY10,000 a year
upon the contract fulfillment.
6.
Insurance:
social insurance.
7.
Work
V
isa:
yes.
R
equirements:
1.
Native
English
speaker.
2.Master
’
s degree or above.
***********************************************************
We welcome you to send us your resume via
[email protected]
for job opportunities and to inquire for more information about our other positions!
About ClickChina
ClickChina Cultural Exchange Co., Ltd, the recruiters with the certified license issued by SAFEA (State Administration of Foreign Experts Affairs P.R. China), Registration No: A3 4290001. We are providing services to international candidates on China jobs matching, documents collection for work permit application, work visa inquiry…
What We Do
A. Before Interview
-- China jobs application inquiries.
-- Jobs matching in accordance with candidates' qualifications and expectations.
--Interviews scheduled for candidates and school directors.
B. After Interview
-- Contract terms Q&A.
-- Answer questions on jobs and life in China.
-- Document collection instruction, work permit and work visa consulting.
-- Airport pick up service arrangement.
-- Orientation supports.
We have established rapport with these teaching institutions, allowing us to efficiently find suitable positions. You are invited to contact us!
Contact Us:
[email protected]
WeChat: ClickChina03
To apply, email
[email protected]"
eslcafe-modern,10-esl-teachers-needed---public-schools-in-sh,https://www.eslcafe.com/postajob-detail/10-esl-teachers-needed---public-schools-in-sh,18 positions across 10+ cities in China.,Arun Language Training & Recruitment,"Multiple cities, China",China,18000-40000,RMB,Bachelor,,,ASAP / Aug 2026,info@arunlanguagetraining.com,https://arunlanguagetraining.com/teaching-jobs,2026-05-09 07:19,"Arun Language Training & Recruitment We currently have 18 positions across 10+ cities in China , with the largest concentration in Guangdong and East China . Eligibility (Visa Restrictions Apply) Due to visa regulations and limitations, we can currently recruit candidates only from : USA, Canada, Australia, New Zealand, UK, and Ireland INTERNATIONAL / IB / SECONDARY [1] Guangzhou – IB School (Multiple Roles) Start: Aug 2026 | Students: K–12 | Hours: Mon–Fri Salary: 25–30k RMB per month (≈ $3,500–4,200 USD / £2,750–3,300 GBP) (pre-tax) | Housing: Not specified Benefits: Flight (10k), relocation (2k), insurance, free lunch, shuttle bus, laptop Holidays: Fully paid (2w summer + 4–5w winter + public) Requirements: Bachelor’s degree + teaching licence, 2+ yrs, IB preferred [2] Zhengzhou – IB DP Mathematics Start: Aug 2026 | Students: Secondary | Hours: 8:00–17:00 Mon–Fri Salary: 30–40k RMB per month (≈ $4,200–5,600 USD / £3,300–4,400 GBP) (after tax) | Housing: Allowance Benefits: Free meals, insurance, airfare Holidays: Fully paid winter + summer Requirements: Master’s degree + IB preferred [3] Shanghai – Primary Start: ASAP | Hours: Mon–Fri Salary: 28–35k RMB per month (≈ $3,900–4,900 USD / £3,100–3,900 GBP) (pre-tax) | Housing: Allowance Benefits: Meals, insurance, airfare Holidays: Paid winter + summer Requirements: Bachelor’s degree + 2+ yrs [4] Hangzhou – High School English Start: Aug 2026 | Hours: Mon–Fri Salary: 28–30k RMB per month (≈ $3,900–4,200 USD / £3,100–3,300 GBP)","Arun Language Training & Recruitment
We currently have
18 positions across 10+ cities in China
, with the largest concentration in
Guangdong and East China
.
Eligibility (Visa Restrictions Apply)
Due to visa regulations and limitations, we can currently recruit candidates
only from
:
USA, Canada, Australia, New Zealand, UK, and Ireland
INTERNATIONAL / IB / SECONDARY
[1] Guangzhou – IB School (Multiple Roles)
Start: Aug 2026 | Students: K–12 | Hours: Mon–Fri
Salary: 25–30k RMB per month (≈ $3,500–4,200 USD / £2,750–3,300 GBP) (pre-tax) | Housing: Not specified
Benefits: Flight (10k), relocation (2k), insurance, free lunch, shuttle bus, laptop
Holidays: Fully paid (2w summer + 4–5w winter + public)
Requirements: Bachelor’s degree + teaching licence, 2+ yrs, IB preferred
[2] Zhengzhou – IB DP Mathematics
Start: Aug 2026 | Students: Secondary | Hours: 8:00–17:00 Mon–Fri
Salary: 30–40k RMB per month (≈ $4,200–5,600 USD / £3,300–4,400 GBP) (after tax) | Housing: Allowance
Benefits: Free meals, insurance, airfare
Holidays: Fully paid winter + summer
Requirements: Master’s degree + IB preferred
[3] Shanghai – Primary
Start: ASAP | Hours: Mon–Fri
Salary: 28–35k RMB per month (≈ $3,900–4,900 USD / £3,100–3,900 GBP) (pre-tax) | Housing: Allowance
Benefits: Meals, insurance, airfare
Holidays: Paid winter + summer
Requirements: Bachelor’s degree + 2+ yrs
[4] Hangzhou – High School English
Start: Aug 2026 | Hours: Mon–Fri
Salary: 28–30k RMB per month (≈ $3,900–4,200 USD / £3,100–3,300 GBP) | Housing: Allowance
Benefits: Meals, insurance
Holidays: Paid winter + summer
Requirements: Bachelor’s degree + TEFL
[5] Dongguan – High School Chemistry
Start: Aug 2026
Salary: 25–32k RMB per month (≈ $3,500–4,500 USD / £2,750–3,500 GBP) | Housing: Allowance
Benefits: Airfare, insurance
Holidays: Paid winter + summer
Requirements: Master’s degree + experience
[6] Dongguan – ESL (Primary/Middle)
Start: Aug 2026
Salary: 23–27k RMB per month (≈ $3,200–3,800 USD / £2,500–3,000 GBP) | Housing: 3k RMB
Benefits: Visa, insurance
Holidays: Paid holidays
Requirements: Bachelor’s degree + TEFL
[7] Zhangjiagang – International School
Start: Aug 2026
Salary: 18–22k RMB per month (≈ $2,500–3,100 USD / £2,000–2,400 GBP) (after tax) | Housing: Free or allowance
Benefits: Stipend (~800 RMB), flight (~5k RMB), insurance
Holidays: Paid winter + public
Requirements: Bachelor’s degree + TEFL/experience
KINDERGARTEN
[8] Guangzhou – IB Kindergarten
Start: Aug 2026
Salary: 25–32k RMB per month (≈ $3,500–4,500 USD / £2,750–3,500 GBP) (pre-tax)
Benefits: Meals, insurance, flight allowance
Holidays: Paid holidays
Requirements: Bachelor’s degree 2+ yrs
[9] Shenzhen – Kindergarten
Start: ASAP / Jul 2026
Salary: 26–28k RMB per month (≈ $3,600–3,900 USD / £2,900–3,100 GBP) (after tax) | Housing: 4–6k RMB
Benefits: Bonus, meals, insurance
Holidays: Paid winter + summer
Requirements: Bachelor’s degree 2+ yrs
[10] Wuhan – Kindergarten
Start: Aug 2026
Salary: 20–35k RMB per month (≈ $2,800–4,900 USD / £2,200–3,900 GBP)
Benefits: Meals, insurance
Holidays: Extended holidays
Requirements: Bachelor’s degree, Experience
[11] Nanchang – Kindergarten
Start: ASAP
Salary: 20–28k RMB per month (≈ $2,800–3,900 USD / £2,200–3,100 GBP) | Housing: 1.8k RMB
Benefits: Meals, insurance
Holidays: Paid holidays
Requirements: Bachelor’s degree +, TEFL
[12] Yiwu – Kindergarten
Start: Aug 2026
Salary: 20–25k RMB per month (≈ $2,800–3,500 USD / £2,200–2,750 GBP) | Housing: Free or 2.4k RMB
Benefits: Bonus (~70% salary), flight (6–10k RMB), food allowance
Holidays: ~1 month winter + public
Requirements: Bachelor’s degree +, TEFL
PRIMARY / MID-TIER
[13] Changsha – IB Primary Homeroom
Start: Aug 2026
Salary: 20–26k RMB per month (≈ $2,800–3,600 USD / £2,200–2,900 GBP) | Housing: 2k RMB
Benefits: Flight (10k RMB), meals, insurance
Holidays: Paid holidays
Requirements: Bachelor’s degree + 2+ yrs
[14] Yiwu – Primary Teacher
Start: Aug 2026
Salary: 22–25k RMB per month (≈ $3,100–3,500 USD / £2,400–2,750 GBP) | Housing: 2k RMB
Benefits: Flight (10k RMB), meal allowance, insurance
Holidays: Paid public
Requirements: Bachelor’s degree
TRAINING CENTER
[15] Zunyi – Training Center
Start: April
Salary: 19–24k RMB per month (≈ $2,700–3,400 USD / £2,100–2,600 GBP) (after tax) | Housing: 1k RMB
Benefits: Health insurance, monthly bonus
Holidays: 20–30 days half-paid winter + summer
Requirements: Experience preferred
➕ NEW JOBS
[16] Foshan – International School (Multiple Roles)
Start: Aug 2026 | Hours: Mon–Fri (40 hrs)
Salary: 20–35k RMB per month (≈ $2,800–4,900 USD / £2,200–3,900 GBP) (negotiable) | Housing: Allowance
Benefits: Paid holidays, tuition discount, Chinese classes, Christmas
Requirements: Master’s (secondary), native speakers
[17] Nanchang – Primary School English
Start: Aug 2026
Salary: 20–27k RMB per month (≈ $2,800–3,800 USD / £2,200–3,000 GBP) (pre-tax) | Housing: 1.8k RMB / apartment
Benefits: Airfare subsidy, medical examination, insurance
Holidays: Paid winter + summer + Christmas
Requirements: Native speaker, Bachelor’s degree
[18] Nanchang – Kindergarten Homeroom
Start: ASAP / Aug 2026
Salary: 20–27k RMB per month (≈ $2,800–3,800 USD / £2,200–3,000 GBP) (pre-tax) | Housing: 1.8k RMB / apartment
Benefits: Airfare subsidy, medical examination, insurance
Holidays: Paid winter + summer + Christmas
Requirements: Native speaker, relevant experience, Bachelor’s degree
Basic Requirements (additional requirements as per job description above)
Bachelor’s Degree
in any subject
TEFL or PGCE certificate or two years’ experience referenced on headed paper
Criminal background check
(less than 6 months old)
Passport valid for
at least 18 months
Degree, Teaching Certificate and Background Check will all need to be apostilled.
USA, Canada, Australia, New Zealand, UK, and Ireland passport holders only due to visa restrictions.
Please apply with job name and number (1-18) in the subject line of your email.
Arun Language Training & Recruitment
🌐 View all vacancies:
https://arunlanguagetraining.com/teaching-jobs
📸 Instagram:
@arun_recruitment
To apply, email
[email protected]"
eslcafe-modern,university-esloral-english-teachers-needed-in-3,https://www.eslcafe.com/postajob-detail/university-esloral-english-teachers-needed-in-3,"★University ESL/Oral English Teachers Needed in Guangzhou, China★",Guangdong Pei Zheng College,Guangzhou,China,164584-202232,RMB,Bachelor,,12 months,1st Aug. 2026,hechuhong@peizheng.edu.cn,https://www.peizheng.edu.cn/,,"Since its inception, Guangdong Pei Zheng College has distinguished itself through our practical approach to foreign language education. This is why all freshman and sophomore students are required to take oral English courses as part of their core curriculum. Our faculty consists of over 30 foreign teachers from diverse cultural backgrounds and countries. We are currently seeking passionate, responsible, and qualified teachers who share our enthusiasm for teaching English. Nestled between lush mountains and serene lakes, our scenic campus is located in Huadu district of Guangzhou – heart of China’s Greater Bay Area. The college is just a 15-minute drive from the nearest metro station. On-campus housing provides a safe and convenient living environment for foreign teachers, while the affordable cost of living allows for greater savings and serves as an ideal base for exploring Asia. For outdoor enthusiasts, the area offers year-round activities such as hiking, fishing, and cycling, all amidst pristine natural surroundings. The college has been honored with multiple prestigious titles, including: -""National Outstanding Private University"" -""Top 100 Private Higher Education Institutions in China"" -""Guangdong Provincial Exemplary Private School"" -""Top 10 Most Competitive Private Universities in Guangdong"" Currently several ESL teachers are needed! (Contract date: 1st Aug. 2026 to 31st Jul. 2027) *Salary, Benefits, and Perks* 1.Competitive salary: Pre-tax yearly salary for newly h","Since its inception,
Guangdong Pei Zheng College
has distinguished itself through our practical approach to foreign language education. This is why all freshman and sophomore students are required to take oral English courses as part of their core curriculum. Our faculty consists of
over 30 foreign teachers
from diverse cultural backgrounds and countries. We are currently seeking passionate, responsible, and qualified teachers who share our enthusiasm for teaching English.
Nestled between lush mountains and serene lakes, our scenic campus is located in Huadu district of Guangzhou – heart of China’s Greater Bay Area. The college is just a 15-minute drive from the nearest metro station. On-campus housing provides a safe and convenient living environment for foreign teachers, while the affordable cost of living allows for greater savings and serves as an ideal base for exploring Asia. For outdoor enthusiasts, the area offers year-round activities such as hiking, fishing, and cycling, all amidst pristine natural surroundings.
The college has been honored with multiple prestigious titles, including:
-""National Outstanding Private University""
-""Top 100 Private Higher Education Institutions in China""
-""Guangdong Provincial Exemplary Private School""
-""Top 10 Most Competitive Private Universities in Guangdong""
Currently several ESL teachers are needed! (Contract date: 1st Aug. 2026 to 31st Jul. 2027)
*Salary, Benefits, and Perks*
1.Competitive salary: Pre-tax yearly salary for newly hired teachers starts from 164,584 RMB to 202,232 RMB according to academic qualifications and background. The university also offers annual salary increase opportunities based on continuous employment (up to 3 years).
2.Offer Chinese holiday allowance as an extra benefit.
3.Standard Workload: 22 teaching periods per week (1 teaching period =45 minutes).
4.Regular teaching outings and festival parties provided.
5.Free use of on-campus accommodation excluding utilities: studio (35㎡), one-bedroom apartment (45㎡) and villa (65㎡) provided. It has a community-based living environment and an international food street directly across campus (western-style chain restaurants, Halal, BBQ, cafes, milk tea shop and various Chinese cuisines). Provide regular free on-site safety inspections and maintenance services.
6.Free use of on-campus facilities such as football pitch, basketball court, volleyball court, badminton court, table-tennis court, tennis court and regular extra-curricular activities held by college. A fully equipped and fee-based gym and swimming pool are available.
7.Free Hong Kong apartment provided for short stay.
8.Free shopping bus for weekend to Huadu city center.
9.Free Chinese tutoring classes provided.
10.A meal allowance of RMB 6 is provided on each weekday.
11.Winter and summer vacation: up to 3.5 months in each academic year.
12.Social security insurance provided.
13.Paid sick leave and national public holidays.
14.Full support in working visa application and renewal.
15.Provide on-boarding training. A supportive, driven and caring team of foreign directors and IECO staffs is available from college.
*Requirements*
1. Native English speaker. We are looking for foreign talents preferably from: U.K., U.S.A, Ireland, Australia, Canada , New Zealand.
2. M.A. or Ph.D. degree in English, TESOL, Education, Management, Accounting, Economics, Law, Data Science, Computer Science, Humanity is preferred.
3. One to two years of teaching in a school or university classroom is preferred.
4. Having a teaching certificate such as TEFL/TESOL/CELTA certification.
5. Understanding and an open-mind to the challenges of living and working in China.
6. A passion for teaching and cultural exchange.
7. Skills: communication, facilitation, team collaboration, presentation skill and classroom management skill. Basic computer skills for office work.
8. Under the age of 49.
*How to Apply*
If you are interested, please email the following documents to our recruitment mailbox:
1.Up-to-date resume/CV.
2.Passport info page (Valid for one year).
3.Degree Certificate (Original hard copy and its Apostille Certificate).
4.Teaching Certificate (e.g., TEFL/TESOL/CELTA).
5.Working certificate or recommendation letter is preferable.
6.A self introduction video within 5 minutes is preferred.
*Remark*: Only shortlisted candidates will be replied to. In non-holiday period, within two weeks of submitting your application, we will contact suitable candidates to schedule an interview asap. You will be asked for a 15 minutes demo class in our Skype interview. Once employed, your work permit application will be submitted within 1-2 months and please prepare for Apostille certificates for your degree certificate and latest 6 months non-criminal records in advance.
*Further Contact Information*
E-Mail address: AliceHo  <
[email protected]
>
（Note: Please check your Spam Box once submit your application in case our emails are blocked by your firewalls! ）
Contact department: IECO Office, Guangdong Pei Zheng College
Campus address: No.53, Pei Zheng Avenue, Chini Town, Huadu District, Guangzhou, Guangdong, the People’s Republic of China, Postcode: 510830
*For more reference, please check our official websites:
-Guangdong Pei Zheng College：
https://www.peizheng.edu.cn/
-IECO office：
http://international.peizheng.edu.cn/
-Virtual campus tour：
https://www.720yun.com/t/cfvkt7p7pqm?scene_id=121946262
-On-campus living quarters：
https://www.720yun.com/t/cfvkt7p7pqm?scene_id=73263930
-Youtube:
www.youtube.com/@GDPZ-IECO
To apply, email
[email protected]"
eslcafe-modern,international-schoolsprimarymiddlehigh-school-26,https://www.eslcafe.com/postajob-detail/international-schoolsprimarymiddlehigh-school-26,International schools(Primary/Middle/High schools)' jobs and (20k-36k) Kindergarten/Trianing schools in China,TalentsAsia,"Chengdu, Chongqing, Beijing, Ningbo, Shenzhen, Guangzhou, Wuhan, Nanjing, Suzhou, Hangzhou, etc.",China,20000-39000,RMB,Bachelor,,,,adam.tic@hotmail.com,,2026-05-08 08:35,"International/Bilingual Schools Location： Chengdu Chongqing Beijing Ningbo Shenzhen Guangzhou Wuhan Nanjing, etc. (All 1st tier and 2nd tier cities) Position: English/Math/Chemistry/Biology/Art/PE/Social Studies teachers, etc Salary: 23000-39000 RMB/month Housing allowance: 3000-4000 RMB/month Other benefits: air ticket reimbursement, health insurance, etc. Requirements: 1. Bachelor's degree or higher in related education major 2. A recognized teaching qualification is essential 3. A minimum of 2 years of working experience teaching related subjects in high-performing schools. 4. Fluency in written and spoken English to enable effective communication with students and in working relationships. 5. Knowledge of IB/A-level/IGCSE/Common core curriculum, their delivery, and assessments. Kindergarten/training schools' jobs: Locations: Chengdu Chongqing Beijing Shenzhen Guangzhou Wuhan Nanjing Suzhou Hangzhou and others （most 2nd tier and 3rd tier cities) Monthly income 20000-32000 RMB/month (Salary+ housing allowance) Other benefits: Air-ticket reimbursement, free hotel at the start, visa application reimbursement, health insurance, etc. requirement: 1. Native English speaker. 2. Bachelor's degree or above. 3. 2 years teaching experience or TEFL. Send CV to: [email protected] To apply, email [email protected]","International/Bilingual Schools
Location： Chengdu Chongqing Beijing Ningbo Shenzhen Guangzhou Wuhan Nanjing, etc. (All 1st tier and 2nd tier cities)
Position:  English/Math/Chemistry/Biology/Art/PE/Social Studies teachers, etc
Salary:
23000-39000
RMB/month
Housing allowance:
3000-4000
RMB/month
Other benefits: air ticket reimbursement, health insurance, etc.
Requirements:
1. Bachelor's degree or higher in related education major
2. A recognized teaching qualification is essential
3. A minimum of 2 years of working experience teaching related subjects in high-performing schools.
4. Fluency in written and spoken English to enable effective communication with students and in working relationships.
5. Knowledge of IB/A-level/IGCSE/Common core curriculum, their delivery, and assessments.
Kindergarten/training schools' jobs:
Locations: Chengdu Chongqing Beijing Shenzhen Guangzhou Wuhan Nanjing Suzhou Hangzhou and others （most 2nd tier and 3rd tier cities)
Monthly income
20000-32000
RMB/month (Salary+ housing allowance)
Other benefits: Air-ticket reimbursement, free hotel at the start, visa application reimbursement, health insurance, etc.
requirement:
1. Native English speaker.
2. Bachelor's degree or above.
3. 2 years teaching experience or TEFL.
Send CV to:
[email protected]
To apply, email
[email protected]"
eslcafe-modern,recruiting-native-english-speakers-inbeijingh-2,https://www.eslcafe.com/postajob-detail/recruiting-native-english-speakers-inbeijingh-2,"Recruiting Native English Speakers in Beijing, Hangzhou, Shenzhen, Dalian, Fushun, Wuhan, Suzhou, Yangzhou, Shanghai, Weifang, Bijie etc all over China. Kindergarten/Primary School/Training School, Salary from 25000 RMB to 32000 RMB monthly","Beijing Zhongyu International Education Consulting Service Co., LTD","Beijing, Hangzhou, Shenzhen, Dalian, Fushun, Wuhan, Suzhou, Yangzhou, Shanghai, Weifang, Bijie etc",China,25000-32000,RMB,Bachelor,,,,batwedu88@yeah.net,,2026-05-08 08:35,"Requirement: Native English Speakers Only Degree: Bachelor degree or higher Certificate: 120 hours TEFL/TESOL certificate or two years teaching experience reference letter Compensation: Salary: Monthly salary from 25000 RMB to 32000 RMB depends on teaching cities and teachers' qualification Free meals Workload: 20 to 22 teaching hours per week, two days off Paid holidays Medical insurance offered Flight allowance offered Required Documentation: Current Resume Copy of the ID page of your valid passport Current Photo or short introduction video Contact Information: Contact person: Michelle Contact Email: [email protected] Wechat: 18810052861 or luckyxue8866 WhatsApp: +86 15810230661 Mobile: +86 18810052861 To apply, email [email protected]","Requirement:
Native English Speakers Only
Degree: Bachelor degree or higher
Certificate: 120 hours TEFL/TESOL certificate or two years teaching experience reference letter
Compensation:
Salary: Monthly salary from 25000 RMB to 32000 RMB depends on teaching cities and teachers' qualification
Free meals
Workload: 20 to 22 teaching hours per week, two days off
Paid holidays
Medical insurance offered
Flight allowance offered
Required Documentation:
Current Resume
Copy of the ID page of your valid passport
Current Photo or short introduction video
Contact Information:
Contact person: Michelle
Contact Email:
[email protected]
Wechat:
18810052861
or luckyxue8866
WhatsApp: +86 15810230661
Mobile:
+86 18810052861
To apply, email
[email protected]"
eslcafe-modern,international-school-foreign-teacher-recruitm-1,https://www.eslcafe.com/postajob-detail/international-school-foreign-teacher-recruitm-1,"Kindergarten jobs in Beijing ,Tianjin, Shenyang , Hangzhou ,Ningbo, Chongqing , Jinan ,Dlian ,Xiamen .Guangzhou.Primary School jobs in Beijing ,Yiwu ,Guangzhou ,.University Jobs in Xian'Jilin ,Taizhou ,Nanjing . and also Beijing IELTS Teaching jobs",Topnotchesl,"Beijing, Tianjin, Shenyang, Hangzhou, Ningbo, Chongqing, Jinan, Dalian, Xiamen, Guangzhou, Yiwu, Xi'an, Jilin, Taizhou, Nanjing, Qinhuangdao, Qufu, Nanchang, Lingshui",China,5000-6000 AUD / 12000-32000 RMB,RMB,Bachelor,,1 year,August 2026 / September,jenifer2025@126.com,,2026-04-07,"Kindergarten jobs in Beijing ,Tianjin, Shenyang , Hangzhou ,Ningbo, Chongqing , Jinan ,Dlian ,Xiamen .Guangzhou.Primary School jobs in Beijing ,Yiwu ,Guangzhou ,.University Jobs in Xian'Jilin ,Taizhou ,Nanjing . and also Beijing IELTS Teaching jobs 2. Native English speakers preferred, including candidates from South Africa; overseas applicants are welcome; 3. Highly experienced non-native English teachers currently holding a valid Beijing non-native work visa may also be considered; 4. Rich teaching experience with young children; 5. Stable, energetic, lively and suitable for kindergarten teaching. Benefits & Package - Monthly salary: 20000 – 30000 RMB - Commercial insurance or social security provided - No winter or summer vacations Primary Homeroom Teacher, Guangzhou Baiyun 2 vacancies | Aug 2026 start | 10-month contract 20-32K/month + free housing + 10,000 RMB winter subsidy Full visa support, flight allowance, all school holidays off Weekends free, great work-life balanceHomeroom Teacher | Guangzhou Primary School Jobs In Beijing ,Guangzhou ,YiWu ✅ 2 Open Positions ✅ Start: August 2026 ✅ 10-Month Contract ✅ Salary: 20,000 - 32,000 RMB/month ✅ Free Accommodation ✅ Winter vacation with 10,000 RMB extra winter allowance - Mon-Fri, weekends off - All public holidays + summer & winter vacation - Fully sponsored work visa & permits - Flight & arrival hotel reimbursement - Vacation bonus + accident insurance - Full training & career growth - Teaching materials provided Univer","Kindergarten jobs in Beijing ,Tianjin, Shenyang , Hangzhou ,Ningbo, Chongqing , Jinan ,Dlian ,Xiamen .Guangzhou.Primary School jobs in Beijing ,Yiwu ,Guangzhou ,.University Jobs in Xian'Jilin ,Taizhou ,Nanjing . and also Beijing IELTS Teaching jobs
2. Native English speakers preferred, including candidates from South Africa; overseas applicants are welcome;
3. Highly experienced non-native English teachers currently holding a valid Beijing non-native work visa may also be considered;
4. Rich teaching experience with young children;
5. Stable, energetic, lively and suitable for kindergarten teaching.
Benefits & Package
- Monthly salary: 20000 – 30000 RMB
- Commercial insurance or social security provided
- No winter or summer vacations
Primary Homeroom Teacher, Guangzhou Baiyun
2 vacancies | Aug 2026 start | 10-month contract
20-32K/month + free housing + 10,000 RMB winter subsidy
Full visa support, flight allowance, all school holidays off
Weekends free, great work-life balanceHomeroom Teacher | Guangzhou
Primary School Jobs In Beijing ,Guangzhou  ,YiWu
✅ 2 Open Positions
✅ Start: August 2026
✅ 10-Month Contract
✅ Salary: 20,000 - 32,000 RMB/month
✅ Free Accommodation
✅ Winter vacation with 10,000 RMB extra winter allowance
- Mon-Fri, weekends off
- All public holidays + summer & winter vacation
- Fully sponsored work visa & permits
- Flight & arrival hotel reimbursement
- Vacation bonus + accident insurance
- Full training & career growth
- Teaching materials provided
University English Teachers needed acrossdifferent locations in ChinaLate August: Xi'an, Taizhou( Jiangsu Province),Nanjing, Qinhuangdao ( Hebei Province),  Jinan,Qufu (Shandong province),Nanc hang (Jiangxi province), Lingshui ( Hainan province).Full time, one year contract.
Benefits:1. 5000-6000 Australian dollars monthly,negotiable,  depending on qualifications.2.Flight Allowance3.Free On-campus accommodation or housing allowance (excludes electricity, water, telephone, network charges)4.2 weeks paid for the successful completion of any academic semester(2 semesters a year)5.Visa cost subsidy6.Opportunity for paid professional development programs.7.Holiday gifts and  team building
Location & Position Type: Xi’an, Jilin / University position
Visa: Chinese cultural and educational work visa
Gender: No restriction
Students: Aged 18+
Start date: September
Salary & Accommodation: 12,000–14,000 RMB per month + housing provided
Working schedule: No office hours required
Benefits: Full paid winter and summer vacations
Other requirements:
Preference for candidates with experience teaching university students/adults
Preference for candidates with TEFL or TESOL certificate
Preference for candidates with 3–5 years of relevant teaching experience in schools or educational institutions
Preference for candidates with a bachelor’s degree or higher in Education or English
WeChat: 15210369528
To apply, email
[email protected]"
eslcafe-modern,teach-in-thailand-with-bfits-49,https://www.eslcafe.com/postajob-detail/teach-in-thailand-with-bfits-49,Teach in Thailand with BFITS,BFITS,Thailand,Thailand,"42,300 THB per month plus 500 THB per hour overtime",THB,Bachelor,,12 months,,,https://www.facebook.com/BFITSThailandPage,2026-06-04,"BFITS is a leading education provider in Thailand, servicing 25+ schools nationwide. We offer a competitive package with a full support team. Get hired and trained to teach and thrive at one of our Thai schools. APPLY HERE: https://brightfutureinternationaltrainingservices.applytojob.com/apply/JNePdFIdRZ/English-Math-Science-Teachers-Thailand?source=https%3A%2F%2Fwww.eslcafe.com%2F BENEFITS: 42,300 THB (EP/Content) salary per month plus 500 THB per hour if overtime 12-month (EP/Content) academic year contract that can be extended for additional years and additional benefits. *No unpaid months or reduced pay due to school holidays or reduced teaching hours* Visa cost reimbursement up to 9,000 THB Work permit and teaching license waiver paid by BFITS Monthly supplemental attendance bonus of 750 THB per month End of Contract bonus up to 36,000 THB Guaranteed yearly 3% cost of living pay increase minimum Medical Insurance Dental Insurance 2-4 weeks paid vacation (an additional week for every additional year of employment) All Thai government holidays off with pay (13-15 days annually) *These are mandatory government holidays in addition to the paid vacation. 4-7 Paid personal/sick days (unused personal days reimbursed at 500 THB per day at the end of the contract). Assistance (if needed) in locating housing Airport pickup (if needed) Yearly professional development and training workshops 30% discount on teaching certifications and micro-credentials with Bridge TEFL Group Supporti","BFITS is a leading education provider in Thailand, servicing 25+ schools nationwide. We offer a competitive package with a full support team. Get hired and trained to teach and thrive at one of our Thai schools.
APPLY HERE:
https://brightfutureinternationaltrainingservices.applytojob.com/apply/JNePdFIdRZ/English-Math-Science-Teachers-Thailand?source=https%3A%2F%2Fwww.eslcafe.com%2F
BENEFITS:
42,300 THB (EP/Content) salary per month plus 500 THB per hour if overtime
12-month (EP/Content) academic year contract that can be extended for additional years and additional benefits. *No unpaid months or reduced pay due to school holidays or reduced teaching hours*
Visa cost reimbursement up to 9,000 THB
Work permit and teaching license waiver paid by BFITS
Monthly supplemental attendance bonus of 750 THB per month
End of Contract bonus up to 36,000 THB
Guaranteed yearly 3% cost of living pay increase minimum
Medical Insurance
Dental Insurance
2-4 weeks paid vacation (an additional week for every additional year of employment)
All Thai government holidays off with pay (13-15 days annually) *These are mandatory government holidays in addition to the paid vacation.
4-7 Paid personal/sick days (unused personal days reimbursed at 500 THB per day at the end of the contract).
Assistance (if needed) in locating housing
Airport pickup (if needed)
Yearly professional development and training workshops
30% discount on teaching certifications and micro-credentials with Bridge TEFL Group
Supportive and solution-oriented management
WORKING CONDITIONS:
Teaching hours range from 15-20 hours a week.
Class sizes range from 25-35 students per class with air-conditioned classrooms, LCD projectors, Apple TV.
School hours are approximately 07.30-16.30 Monday to Friday.
Curriculum and lesson breakdowns are already developed and provided to the teacher.
All teaching materials are supplied by BFITS in paper or digital format: Textbooks, Slides, Online Learning Platforms, etc; However, teachers MUST develop their engaging lessons using the material given
** All EP classrooms are equipped with LCD projectors so PowerPoint/Google Slides experience is needed **
RESPONSIBILITIES:
Teach subject content to assigned classes as per the schedule provided.
Adapt and deliver the teaching resources provided by BFITS to suit students' needs.
Build and maintain positive relationships with students and school staff.
Maintain student grading/assessment using the company's Learning Management System.
Attend office meetings or professional development held during office hours (if/when needed).
MINIMUM REQUIREMENTS:
Must be a Native English Speaker (i.e. Passport from the USA, CANADA, UK, IRELAND, AUSTRALIA, or NEW ZEALAND)
Bachelor's Degree
Police Clearance (local or national)
Basic Office/IT Skills
--> APPLY FOR AVAILABLE POSITIONS USING THE LINK BELOW <--
https://brightfutureinternationaltrainingservices.applytojob.com/apply/JNePdFIdRZ/English-Math-Science-Teachers-Thailand?source=https%3A%2F%2Fwww.eslcafe.com%2F
Instagram: BFITSThailand
LinkedIn:
https://www.linkedin.com/showcase/bfits-thailand/
Facebook:
https://www.facebook.com/BFITSThailandPage
Website:
https://www.BFITSthailand.com"
eslcafe-modern,secondary-english-social-studies-teachers-1,https://www.eslcafe.com/postajob-detail/secondary-english-social-studies-teachers-1,"Secondary English / Social Studies Teachers - Udon Thani, Thailand",MediaKids Academy,Udon Thani,Thailand,"45,000 – 47,000",THB,Bachelor,,,May 2026,,https://youtu.be/9tbKWX6ZywY,,"📢 Native English-Speaking Teachers Needed (English / Social Studies) 📍 Udon Thani | Start Date: June 2026 We are currently seeking enthusiastic and dedicated native English-speaking teachers for English and Social Studies positions starting in May 2026. Join our supportive team and enjoy teaching in a welcoming Thai school environment. 🌈 Requirements: •Native English speakers (UK, USA, Canada, Australia, New Zealand, Ireland) •Bachelor’s degree in English, Social Studies, or a related field from an accredited university •Teaching experience and/or TEFL certification is an advantage (not required) •Age: 24–45 •Positive attitude, adaptability, and a genuine passion for teaching •Willingness to embrace Thai culture and work collaboratively 💼 Salary & Benefits: •Competitive salary: 45,000 – 47,000 THB/month •Accommodation allowance: 3,000 THB/month •Non-B visa reimbursement: 3,000 THB •Free Work Permit •Comprehensive support from an experienced international team •Assistance with all visa and documentation processes •Free accident insurance •Paid Thai public holidays •Curriculum and teaching materials provided ⏰ Working Hours: Monday – Friday 7:30 AM – 4:30 PM ✉️ How to Apply: Please send your CV to [email protected] with the subject: ""Udon Application"" Or apply online at: mediakidsacademy.com/apply-now/ 🎬 Learn more about us: TikTok: tiktok.com/@mediakidsacademy 🎥 YouTube: https://youtu.be/9tbKWX6ZywY https://youtu.be/ZvkpOdo1TgI https://youtu.be/sdjmsPWYU38 We look forward to w","📢 Native English-Speaking Teachers Needed (English / Social Studies)
📍 Udon Thani | Start Date: June 2026
We are currently seeking enthusiastic and dedicated native English-speaking teachers for English and Social Studies positions starting in May 2026. Join our supportive team and enjoy teaching in a welcoming Thai school environment.
🌈 Requirements:
•Native English speakers (UK, USA, Canada, Australia, New Zealand, Ireland)
•Bachelor’s degree in English, Social Studies, or a related field from an accredited university
•Teaching experience and/or TEFL certification is an advantage (not required)
•Age: 24–45
•Positive attitude, adaptability, and a genuine passion for teaching
•Willingness to embrace Thai culture and work collaboratively
💼 Salary & Benefits:
•Competitive salary: 45,000 – 47,000 THB/month
•Accommodation allowance: 3,000 THB/month
•Non-B visa reimbursement: 3,000 THB
•Free Work Permit
•Comprehensive support from an experienced international team
•Assistance with all visa and documentation processes
•Free accident insurance
•Paid Thai public holidays
•Curriculum and teaching materials provided
⏰ Working Hours:
Monday – Friday
7:30 AM – 4:30 PM
✉️ How to Apply:
Please send your CV to
[email protected]
with the subject: ""Udon Application""
Or apply online at:
mediakidsacademy.com/apply-now/
🎬 Learn more about us:
TikTok:
tiktok.com/@mediakidsacademy
🎥 YouTube:
https://youtu.be/9tbKWX6ZywY
https://youtu.be/ZvkpOdo1TgI
https://youtu.be/sdjmsPWYU38
We look forward to welcoming passionate teachers to our team and making a positive impact together!"
eslcafe-modern,nes-nnes-english-teacher,https://www.eslcafe.com/postajob-detail/nes-nnes-english-teacher,NES-NNES English Teacher - Nong Khai. Thailand,MediaKids Academy,Nong Khai,Thailand,"37,000 - 40,000",THB,,,,June 2026,,https://mediakidsacademy.com/apply-now/,,"📍 Immediate Teaching Opportunity in Nong Khai City, Thailand 🇹🇭 MediaKids Academy is currently seeking enthusiastic and adaptable foreign teachers for an immediate teaching position starting on June 2026 at the Nongkhai Provincial English Center in Nong Khai City. This is a unique center-based teaching role supporting two partner schools within the city area. ✨ Why Nong Khai? Nong Khai is a welcoming city along the Mekong River near the Laos border, known for its relaxed lifestyle, affordable living, and strong expat community. Unlike more rural areas, Nong Khai offers convenient city living while still providing an authentic Thai cultural experience. Currently, MediaKids Academy supports over 16 foreign teachers in the Nong Khai area, with many teachers renewing for multiple semesters due to the supportive environment and positive school community. 📚 Position Details • Program: ECDMM Program • Student Level: High School Students • Maximum Teaching Load: 24 classes per week • Team Environment: Work alongside 3 foreign teachers at the learning center and a larger international team in the area 🗓 Schedule Information • Flexible rotating schedule arranged by the Learning Center Director • Students may be grouped from different schools • Classes may include after-school programs and occasional weekend sessions • Rotating days off among teachers • No fixed weekly schedule due to student enrollment arrangements 💰 Employment Package • Salary: 37,000 - 40,000 THB/month • Housing Allo","📍 Immediate Teaching Opportunity in Nong Khai City, Thailand 🇹🇭
MediaKids Academy is currently seeking enthusiastic and adaptable foreign teachers for an immediate teaching position starting on June 2026 at the
Nongkhai Provincial English Center in Nong Khai City.
This is a unique center-based teaching role supporting two partner schools within the city area.
✨ Why Nong Khai?
Nong Khai is a welcoming city along the Mekong River near the Laos border, known for its relaxed lifestyle, affordable living, and strong expat community. Unlike more rural areas, Nong Khai offers convenient city living while still providing an authentic Thai cultural experience.
Currently, MediaKids Academy supports over 16 foreign teachers in the Nong Khai area, with many teachers renewing for multiple semesters due to the supportive environment and positive school community.
📚 Position Details
• Program: ECDMM Program
• Student Level: High School Students
• Maximum Teaching Load: 24 classes per week
• Team Environment: Work alongside 3 foreign teachers at the learning center and a larger international team in the area
🗓 Schedule Information
• Flexible rotating schedule arranged by the Learning Center Director
• Students may be grouped from different schools
• Classes may include after-school programs and occasional weekend sessions
• Rotating days off among teachers
• No fixed weekly schedule due to student enrollment arrangements
💰 Employment Package
• Salary: 37,000 - 40,000 THB/month
• Housing Allowance: 3,000 THB/month
• Free Work Permit provided
• Non-B visa reimbursement: 3,000 THB
• Accident insurance included
• Paid Thai public holidays
• Full curriculum and teaching materials provided
• Dedicated support team to assist with visas, documentation, and classroom needs
🌏 Our teaching team includes educators from:
Canada 🇨🇦 | Ireland 🇮🇪 | UK 🇬🇧 | Philippines 🇵🇭 | Turkey 🇹🇷 | USA 🇺🇸
We are looking for teachers who are:
✅ Flexible and adaptable
✅ Comfortable working in a dynamic learning environment
✅ Interested in long-term teaching opportunities in Thailand
✅ Passionate about supporting students in meaningful ways
If you are interested in learning more about this opportunity, please send your:
📄 CV/Resume
🎥 Short introduction video
📘 Relevant teaching documents
to MediaKids Academy Recruitment Team. "" Nongkhai Provincial English Center Application""
via
https://mediakidsacademy.com/apply-now/
or This email address is being protected from spambots. You need JavaScript enabled to view it.
Join a supportive international teaching community and experience life in one of Thailand’s most unique riverside cities! ✨"
eslcafe-modern,secondary-english-teacher---si-sa-ket-sakonna,https://www.eslcafe.com/postajob-detail/secondary-english-teacher---si-sa-ket-sakonna,"Secondary English Teacher - Si Sa Ket, Sakonnakhon, Thailand",MediaKids Academy,"Si Sa Ket, Sakonnakhon",Thailand,"33,000–35,000",THB,Bachelor,,,June 2026,,https://youtu.be/9tbKWX6ZywY,,"🌏 Native English Teachers Wanted – June 2026 Start! 📍 Si Sa Ket & Sakonnakhon, Thailand MediaKids Academy is currently hiring native English-speaking teachers to join our ECD (English for Communication Development) Program starting June 2026. If you’re passionate about teaching, eager to experience Thai culture, and looking for a supportive team, we would love to hear from you! 💼 Benefits Package • Salary: 33,000–35,000 THB per month • Housing allowance: 3,000 THB per month • Free Work Permit provided • Non-B visa reimbursement: 3,000 THB • Accident insurance included • Paid Thai public holidays • Full curriculum and teaching materials provided • Dedicated support team to assist with visas, documentation, and classroom needs 👩‍🏫 Requirements • Native English speaker (UK, USA, Canada, Australia, New Zealand, Ireland) • Bachelor’s degree (any field) • TEFL certificate or teaching experience preferred but not required • Age 22–50 • Open-minded, adaptable, and culturally curious 📩 How to Apply Send your CV to: 📧 [email protected] Subject line: MAY 2026 APPLICATION-Si Sa Ket & Sakonnakhon Or apply online: 🌐 mediakidsacademy.com/apply-now 🎬 Learn more about teaching with us Follow us on TikTok: 👉 tiktok.com/@mediakidsacademy 🎥 Hear directly from our teachers: ▶ https://youtu.be/9tbKWX6ZywY ▶ https://youtu.be/ZvkpOdo1TgI ▶ https://youtu.be/sdjmsPWYU38","🌏 Native English Teachers Wanted – June 2026 Start!
📍 Si Sa Ket & Sakonnakhon, Thailand
MediaKids Academy is currently hiring native English-speaking teachers to join our ECD (English for Communication Development) Program starting June 2026.
If you’re passionate about teaching, eager to experience Thai culture, and looking for a supportive team, we would love to hear from you!
💼 Benefits Package
• Salary: 33,000–35,000 THB per month
• Housing allowance: 3,000 THB per month
• Free Work Permit provided
• Non-B visa reimbursement: 3,000 THB
• Accident insurance included
• Paid Thai public holidays
• Full curriculum and teaching materials provided
• Dedicated support team to assist with visas, documentation, and classroom needs
👩‍🏫 Requirements
• Native English speaker (UK, USA, Canada, Australia, New Zealand, Ireland)
• Bachelor’s degree (any field)
• TEFL certificate or teaching experience preferred but not required
• Age 22–50
• Open-minded, adaptable, and culturally curious
📩 How to Apply
Send your CV to:
📧
[email protected]
Subject line: MAY 2026 APPLICATION-Si Sa Ket & Sakonnakhon
Or apply online:
🌐
mediakidsacademy.com/apply-now
🎬 Learn more about teaching with us
Follow us on TikTok:
👉
tiktok.com/@mediakidsacademy
🎥 Hear directly from our teachers:
▶
https://youtu.be/9tbKWX6ZywY
▶
https://youtu.be/ZvkpOdo1TgI
▶
https://youtu.be/sdjmsPWYU38"
eslcafe-modern,brazil-based-online-english-teacher-teens,https://www.eslcafe.com/postajob-detail/brazil-based-online-english-teacher-teens,Brazil based Online English Teacher (Teens),The Really Great Teacher Company,Brazil (Remote),Brazil,$6 per hour,USD,TEFL,,,Immediate,F1A17BEEAF@jobs.workablemail.com,,,"Are you a fluent Portuguese speaker looking to fill your days with meaningful online English teaching? Introduction: You love teaching English, but you’re seeking more opportunities to connect with students, advance your professional growth, and earn a supplemental income. What if you could do all this while working from home and setting your own schedule? Here’s how this role works for you: Flexible hours : Teach part-time with a minimum of 10 hours per week . This includes: Mon & Wed OR Tue & Thurs: 5 peak hours (16:00–20:00 EST), and 5 off-peak hours (anytime between 07:00–20:00 EST). Perfect for filling your days or evenings! Work from home: No commute, no stress. Teach from the comfort of your own space. Regular Students: Teach young learners/teens Professional growth: Access free training and development resources to enhance your teaching skills. Position Details: Start Date: Immediate, with a recruitment end date of February 2026. Rate: $6 USD per hour. Contract Type: Independent Service Provider with The Really Great Teacher Company. Minimum Qualifications: Fluent English (C1/C2 level) and Portuguese speaker. 3+ years of online or in-class English teaching experience. Accredited 120-hour+ TEFL/TESOL/CELTA certification OR Bachelor's Degree in English, Translation, English Literature, or any other related field. Familiarity with CEFR and ESL assessments. Highly computer literate with excellent communication skills. Clean criminal record. Tech Requirements: PC: Intel®","Are you a fluent Portuguese speaker looking to fill your days with meaningful online English teaching?
Introduction:
You love teaching English, but you’re seeking more opportunities to connect with students, advance your professional growth, and earn a supplemental income. What if you could do all this while working from home and setting your own schedule?
Here’s how this role works for you:
Flexible hours
: Teach part-time with a minimum of
10 hours per week
.  This includes:
Mon & Wed OR Tue & Thurs: 5 peak hours
(16:00–20:00 EST), and
5 off-peak hours
(anytime between 07:00–20:00 EST). Perfect for filling your days or evenings!
Work from home:
No commute, no stress. Teach from the comfort of your own space.
Regular Students:
Teach young learners/teens
Professional growth:
Access free training and development resources to enhance your teaching skills.
Position Details:
Start Date:
Immediate, with a recruitment end date of February 2026.
Rate:
$6 USD per hour.
Contract Type:
Independent Service Provider with The Really Great Teacher Company.
Minimum Qualifications:
Fluent English (C1/C2 level) and Portuguese speaker.
3+ years of online or in-class English teaching experience.
Accredited 120-hour+ TEFL/TESOL/CELTA certification OR
Bachelor's Degree in English, Translation, English Literature, or any other related field.
Familiarity with CEFR and ESL assessments.
Highly computer literate with excellent communication skills.
Clean criminal record.
Tech Requirements:
PC:
Intel® Core™ i5 CPU @2.40GHz (4 CPUs) or better, 8GB RAM or greater.
Internet:
Stable fiber connection (20 Mbps upload/download) via LAN cable.
Backup Power:
UPS with 4-5 hours of battery life (recommended for areas with frequent power interruptions).
Equipment:
Noise-cancelling headset, HD webcam (720p),and a quiet, well-lit teaching space.
To apply, email
[email protected]"
eslcafe-modern,explore-teaching-opportunities-in-thailand,https://www.eslcafe.com/postajob-detail/explore-teaching-opportunities-in-thailand,Teach in Thailand 2026,,Thailand,Thailand,,,,,1 semester or 1 year,,info.placements@teachthailand.org,,2026-05-06 11:34,"Ready to start your teaching journey in Thailand right away? We are currently hiring ESL Teachers who can start immediately at schools across Thailand! We offer guaranteed placement, so you can begin your teaching experience with confidence. Positions are available nationwide, teaching students from Kindergarten to High School. Job Details time teaching positions • Locations available across Thailand Student levels: Kindergarten to High School Immediate start available Requirements Native or fluent English speakers Passion for teaching Able to commit to at least 1 semester or 1 year (1-year contracts are highly preferred) TEFL preferred (not required) New to Thailand? We’ve got you covered! If you’ve never taught in Thailand before, you can join our short orientation program in Bangkok before starting your placement. Hands-on training Cultural guidance Trial class with Thai students Certificate provided upon completion Placement guaranteed across Thailand We have a dedicated team to support you throughout the Non-B visa and teaching work permit process. Start your teaching journey, explore Thailand, and make a real impact! Apply now: www.teachthailand.org Contact: [email protected] To apply, email [email protected]","Ready to start your teaching journey in Thailand right away? We are currently hiring ESL Teachers who can start immediately at schools across Thailand!
We offer guaranteed placement, so you can begin your teaching experience with confidence. Positions are available nationwide, teaching students from Kindergarten to High School.
Job Details
time teaching positions • Locations available across Thailand
Student levels: Kindergarten to High School
Immediate start available
Requirements
Native or fluent English speakers
Passion for teaching
Able to commit to at least 1 semester or 1 year (1-year contracts are highly preferred)
TEFL preferred (not required)
New to Thailand? We’ve got you covered! If you’ve never taught in Thailand before, you can join our short orientation program in Bangkok before starting your placement.
Hands-on training
Cultural guidance
Trial class with Thai students
Certificate provided upon completion
Placement guaranteed across Thailand
We have a dedicated team to support you throughout the Non-B visa and teaching work permit process.
Start your teaching journey, explore Thailand, and make a real impact!
Apply now:
www.teachthailand.org
Contact:
[email protected]
To apply, email
[email protected]"
eslcafe-modern,teach-in-thailand-with-bfits-48,https://www.eslcafe.com/postajob-detail/teach-in-thailand-with-bfits-48,Teach in Thailand with BFITS,BFITS,Thailand,Thailand,"42,300 THB per month",THB,Bachelor,,12 months,,,https://www.facebook.com/BFITSThailandPage,2026-05-31 19:57,"BFITS is a leading education provider in Thailand, servicing 25+ schools nationwide. We offer a competitive package with a full support team. Get hired and trained to teach and thrive at one of our Thai schools. APPLY HERE: https://brightfutureinternationaltrainingservices.applytojob.com/apply/JNePdFIdRZ/English-Math-Science-Teachers-Thailand?source=https%3A%2F%2Fwww.eslcafe.com%2F BENEFITS: 42,300 THB (EP/Content) salary per month plus 500 THB per hour if overtime 12-month (EP/Content) academic year contract that can be extended for additional years and additional benefits. *No unpaid months or reduced pay due to school holidays or reduced teaching hours* Visa cost reimbursement up to 9,000 THB Work permit and teaching license waiver paid by BFITS Monthly supplemental attendance bonus of 750 THB per month End of Contract bonus up to 36,000 THB Guaranteed yearly 3% cost of living pay increase minimum Medical Insurance Dental Insurance 2-4 weeks paid vacation (an additional week for every additional year of employment) All Thai government holidays off with pay (13-15 days annually) *These are mandatory government holidays in addition to the paid vacation. 4-7 Paid personal/sick days (unused personal days reimbursed at 500 THB per day at the end of the contract). Assistance (if needed) in locating housing Airport pickup (if needed) Yearly professional development and training workshops 30% discount on teaching certifications and micro-credentials with Bridge TEFL Group Supporti","BFITS is a leading education provider in Thailand, servicing 25+ schools nationwide. We offer a competitive package with a full support team. Get hired and trained to teach and thrive at one of our Thai schools.
APPLY HERE:
https://brightfutureinternationaltrainingservices.applytojob.com/apply/JNePdFIdRZ/English-Math-Science-Teachers-Thailand?source=https%3A%2F%2Fwww.eslcafe.com%2F
BENEFITS:
42,300 THB (EP/Content) salary per month plus 500 THB per hour if overtime
12-month (EP/Content) academic year contract that can be extended for additional years and additional benefits. *No unpaid months or reduced pay due to school holidays or reduced teaching hours*
Visa cost reimbursement up to 9,000 THB
Work permit and teaching license waiver paid by BFITS
Monthly supplemental attendance bonus of 750 THB per month
End of Contract bonus up to 36,000 THB
Guaranteed yearly 3% cost of living pay increase minimum
Medical Insurance
Dental Insurance
2-4 weeks paid vacation (an additional week for every additional year of employment)
All Thai government holidays off with pay (13-15 days annually) *These are mandatory government holidays in addition to the paid vacation.
4-7 Paid personal/sick days (unused personal days reimbursed at 500 THB per day at the end of the contract).
Assistance (if needed) in locating housing
Airport pickup (if needed)
Yearly professional development and training workshops
30% discount on teaching certifications and micro-credentials with Bridge TEFL Group
Supportive and solution-oriented management
WORKING CONDITIONS:
Teaching hours range from 15-20 hours a week.
Class sizes range from 25-35 students per class with air-conditioned classrooms, LCD projectors, Apple TV.
School hours are approximately 07.30-16.30 Monday to Friday.
Curriculum and lesson breakdowns are already developed and provided to the teacher.
All teaching materials are supplied by BFITS in paper or digital format: Textbooks, Slides, Online Learning Platforms, etc; However, teachers MUST develop their engaging lessons using the material given
** All EP classrooms are equipped with LCD projectors so PowerPoint/Google Slides experience is needed **
RESPONSIBILITIES:
Teach subject content to assigned classes as per the schedule provided.
Adapt and deliver the teaching resources provided by BFITS to suit students' needs.
Build and maintain positive relationships with students and school staff.
Maintain student grading/assessment using the company's Learning Management System.
Attend office meetings or professional development held during office hours (if/when needed).
MINIMUM REQUIREMENTS:
Must be a Native English Speaker (i.e. Passport from the USA, CANADA, UK, IRELAND, AUSTRALIA, or NEW ZEALAND)
Bachelor's Degree
Police Clearance (local or national)
Basic Office/IT Skills
--> APPLY FOR AVAILABLE POSITIONS USING THE LINK BELOW <--
https://brightfutureinternationaltrainingservices.applytojob.com/apply/JNePdFIdRZ/English-Math-Science-Teachers-Thailand?source=https%3A%2F%2Fwww.eslcafe.com%2F
Instagram: BFITSThailand
LinkedIn:
https://www.linkedin.com/showcase/bfits-thailand/
Facebook:
https://www.facebook.com/BFITSThailandPage
Website:
https://www.BFITSthailand.com"
eslcafe-modern,china-international-schoolsprimarymiddlehigh-2,https://www.eslcafe.com/postajob-detail/china-international-schoolsprimarymiddlehigh-2,China International schools(Primary/Middle/High schools)' jobs and (20k-36k) Kindergarten/Trianing schools,TalentsAisa,"Chengdu, Chongqing, Beijing, Ningbo, Shenzhen, Guangzhou, Wuhan, Nanjing, Suzhou, Hangzhou, etc.",China,20000-39000,RMB,Bachelor,,,,adam.tic@hotmail.com,,2026-05-30 09:22,"International/Bilingual Schools Location： Chengdu Chongqing Beijing Ningbo Shenzhen Guangzhou Wuhan Nanjing, etc. (All 1st tier and 2nd tier cities) Position: English/Math/Chemistry/Biology/Art/PE/Social Studies teachers, etc Salary: 23000-39000 RMB/month Housing allowance: 3000-4000 RMB/month Other benefits: air ticket reimbursement, health insurance, etc. Requirements: 1. Bachelor's degree or higher in related education major 2. A recognized teaching qualification is essential 3. A minimum of 2 years of working experience teaching related subjects in high-performing schools. 4. Fluency in written and spoken English to enable effective communication with students and in working relationships. 5. Knowledge of IB/A-level/IGCSE/Common core curriculum, their delivery, and assessments. Kindergarten/training schools' jobs: Locations: Chengdu Chongqing Beijing Shenzhen Guangzhou Wuhan Nanjing Suzhou Hangzhou and others （most 2nd tier and 3rd tier cities) Monthly income 20000-32000 RMB/month (Salary+ housing allowance) Other benefits: Air-ticket reimbursement, free hotel at the start, visa application reimbursement, health insurance, etc. requirement: 1. Native English speaker. 2. Bachelor's degree or above. 3. 2 years teaching experience or TEFL. Send CV to: [email protected] To apply, email [email protected]","International/Bilingual Schools
Location： Chengdu Chongqing Beijing Ningbo Shenzhen Guangzhou Wuhan Nanjing, etc. (All 1st tier and 2nd tier cities)
Position:  English/Math/Chemistry/Biology/Art/PE/Social Studies teachers, etc
Salary:
23000-39000
RMB/month
Housing allowance:
3000-4000
RMB/month
Other benefits: air ticket reimbursement, health insurance, etc.
Requirements:
1. Bachelor's degree or higher in related education major
2. A recognized teaching qualification is essential
3. A minimum of 2 years of working experience teaching related subjects in high-performing schools.
4. Fluency in written and spoken English to enable effective communication with students and in working relationships.
5. Knowledge of IB/A-level/IGCSE/Common core curriculum, their delivery, and assessments.
Kindergarten/training schools' jobs:
Locations: Chengdu Chongqing Beijing Shenzhen Guangzhou Wuhan Nanjing Suzhou Hangzhou and others （most 2nd tier and 3rd tier cities)
Monthly income
20000-32000
RMB/month (Salary+ housing allowance)
Other benefits: Air-ticket reimbursement, free hotel at the start, visa application reimbursement, health insurance, etc.
requirement:
1. Native English speaker.
2. Bachelor's degree or above.
3. 2 years teaching experience or TEFL.
Send CV to:
[email protected]
To apply, email
[email protected]"
eslcafe-modern,filipino-science-or-math-teacher-thailand,https://www.eslcafe.com/postajob-detail/filipino-science-or-math-teacher-thailand,"Filipino Science or Math Teacher, Thailand",MediaKids Academy,"Chonburi, Buriram",Thailand,"25,000 THB/month",THB,Bachelor,,,June 2026,,,2026-05-28 09:58,"📍 Chonburi, Buriram, Thailand MediaKids Academy is currently looking for a passionate and experienced Filipino Science or Math Teacher to join our team at a school located in Thailand start in June 2026! This role is ideal for teachers who enjoy teaching mathematics / science to Thai students and creating an engaging and supportive classroom environment. 🧑‍🏫 Position Details Teach Secondary Level Mathematics / Science (all levels) Monday–Friday schedule (07:30 AM – 04:30 PM) Supportive school environment Curriculum and teaching support provided Maximum 24 teaching periods per week 🎁 Benefits Salary: 25,000 THB/month Housing allowance: 3,000 THB/month Non-B visa reimbursement (upon contract completion) Free work permit & document support Free accident insurance Paid Thai public holidays Full curriculum & textbooks provided Free orientation & training Support from an experienced international team ✅ Requirements Filipino national currently located in Thailand Bachelor’s Degree, ideally with a Math or Science major or related filed TEFL/TESOL is an advantage (not required) Positive attitude and professional classroom management skills Passion for teaching and supporting students Willingness to adapt and learn Interest in Thai culture and working in Thailand 📩 Interested applicants are encouraged to apply with: Updated CV/Resume Short self-introduction video Degree certificate & transcripts Relevant teaching documents 📨 How to Apply Email: [email protected] Subject: Science/Math","📍 Chonburi, Buriram, Thailand
MediaKids Academy is currently looking for a passionate and experienced
Filipino Science or Math Teacher
to join our team at a school located in Thailand start in June 2026!
This role is ideal for teachers who enjoy teaching mathematics / science to Thai students and creating an engaging and supportive classroom environment.
🧑‍🏫 Position Details
Teach Secondary Level Mathematics / Science (all levels)
Monday–Friday schedule (07:30 AM – 04:30 PM)
Supportive school environment
Curriculum and teaching support provided
Maximum 24 teaching periods per week
🎁 Benefits
Salary:
25,000 THB/month
Housing allowance:
3,000 THB/month
Non-B visa reimbursement (upon contract completion)
Free work permit & document support
Free accident insurance
Paid Thai public holidays
Full curriculum & textbooks provided
Free orientation & training
Support from an experienced international team
✅ Requirements
Filipino national currently located in Thailand
Bachelor’s Degree, ideally with a Math or Science major or related filed
TEFL/TESOL is an advantage (not required)
Positive attitude and professional classroom management skills
Passion for teaching and supporting students
Willingness to adapt and learn
Interest in Thai culture and working in Thailand
📩 Interested applicants are encouraged to apply with:
Updated CV/Resume
Short self-introduction video
Degree certificate & transcripts
Relevant teaching documents
📨 How to Apply
Email:
[email protected]
Subject:
Science/Math Teacher Application
Apply online:
mediakidsacademy.com/apply-now/
Join MediaKids Academy and become part of a supportive teaching community in Thailand! ✨"
eslcafe-modern,english-teacher-opportunity-in-nong-khai-city,https://www.eslcafe.com/postajob-detail/english-teacher-opportunity-in-nong-khai-city,"English Teacher Opportunity in Nong Khai City, Thailand",MediaKids Academy,Nong Khai City,Thailand,"37,000 - 40,000",THB,,,,June 2026,,https://mediakidsacademy.com/apply-now/,2026-05-26 10:18,"Immediate Teaching Opportunity in Nong Khai City, Thailand 🇹🇭 📍 Starting June 2026! MediaKids Academy is currently seeking enthusiastic and adaptable foreign teachers for an immediate teaching position starting on June 2026 at the Nongkhai English Center in Nong Khai City. This is a unique center-based teaching role supporting two partner schools within the city area. ✨ Why Nong Khai? Nong Khai is a welcoming city along the Mekong River near the Laos border, known for its relaxed lifestyle, affordable living, and strong expat community. Unlike more rural areas, Nong Khai offers convenient city living while still providing an authentic Thai cultural experience. Currently, MediaKids Academy supports over 16 foreign teachers in the Nong Khai area, with many teachers renewing for multiple semesters due to the supportive environment and positive school community. 📚 Position Details • Program: ECDMM Program • Student Level: High School Students • Maximum Teaching Load: 24 classes per week • Team Environment: Work alongside 3 foreign teachers at the learning center and a larger international team in the area 🗓 Schedule Information • Flexible rotating schedule arranged by the Learning Center Director • Students may be grouped from different schools • Classes may include after-school programs and occasional weekend sessions • Rotating days off among teachers • No fixed weekly schedule due to student enrollment arrangements 💰 Employment Package • Salary: 37,000 - 40,000 THB/month • Hou","Immediate Teaching Opportunity in Nong Khai City, Thailand 🇹🇭
📍 Starting June 2026!
MediaKids Academy is currently seeking enthusiastic and adaptable foreign teachers for an immediate teaching position starting on June 2026 at the Nongkhai English Center in Nong Khai City.
This is a unique center-based teaching role supporting two partner schools within the city area.
✨ Why Nong Khai?
Nong Khai is a welcoming city along the Mekong River near the Laos border, known for its relaxed lifestyle, affordable living, and strong expat community. Unlike more rural areas, Nong Khai offers convenient city living while still providing an authentic Thai cultural experience.
Currently, MediaKids Academy supports over 16 foreign teachers in the Nong Khai area, with many teachers renewing for multiple semesters due to the supportive environment and positive school community.
📚 Position Details
• Program: ECDMM Program
• Student Level: High School Students
• Maximum Teaching Load: 24 classes per week
• Team Environment: Work alongside 3 foreign teachers at the learning center and a larger international team in the area
🗓 Schedule Information
• Flexible rotating schedule arranged by the Learning Center Director
• Students may be grouped from different schools
• Classes may include after-school programs and occasional weekend sessions
• Rotating days off among teachers
• No fixed weekly schedule due to student enrollment arrangements
💰 Employment Package
• Salary: 37,000 - 40,000 THB/month
• Housing Allowance: 3,000 THB/month
• Free Work Permit
• Non-B visa reimbursement: 3,000 THB
• Accident insurance included
• Paid Thai public holidays
• Full curriculum & teaching materials provided
• Dedicated support team
We are looking for teachers who are:
✅ Flexible and adaptable
✅ Comfortable working in a dynamic learning environment
✅ Interested in long-term teaching opportunities in Thailand
✅ Passionate about supporting students in meaningful ways
If you are interested in learning more about this opportunity, please send your:
📄 CV/Resume
🎥 Short introduction video
📘 Relevant teaching documents
to MediaKids Academy Recruitment Team. "" Nongkhai English Center Application""
via
[email protected]
or
https://mediakidsacademy.com/apply-now/
or This email address is being protected from spambots. You need JavaScript enabled to view it.
Join a supportive international teaching community and experience life in one of Thailand’s most unique riverside cities! ✨"
eslcafe-modern,teach-in-thailand-with-bfits-47,https://www.eslcafe.com/postajob-detail/teach-in-thailand-with-bfits-47,Teach in Thailand with BFITS,BFITS,Thailand,Thailand,"42,300 THB per month",THB,Bachelor,,12 months,,,https://www.facebook.com/BFITSThailandPage,2026-05-25 09:49,"BFITS is a leading education provider in Thailand, servicing 25+ schools nationwide. We offer a competitive package with a full support team. Get hired and trained to teach and thrive at one of our Thai schools. APPLY HERE: https://brightfutureinternationaltrainingservices.applytojob.com/apply/JNePdFIdRZ/English-Math-Science-Teachers-Thailand?source=https%3A%2F%2Fwww.eslcafe.com%2F BENEFITS: 42,300 THB (EP/Content) salary per month plus 500 THB per hour if overtime 12-month (EP/Content) academic year contract that can be extended for additional years and additional benefits. *No unpaid months or reduced pay due to school holidays or reduced teaching hours* Visa cost reimbursement up to 9,000 THB Work permit and teaching license waiver paid by BFITS Monthly supplemental attendance bonus of 750 THB per month End of Contract bonus up to 36,000 THB Guaranteed yearly 3% cost of living pay increase minimum Medical Insurance Dental Insurance 2-4 weeks paid vacation (an additional week for every additional year of employment) All Thai government holidays off with pay (13-15 days annually) *These are mandatory government holidays in addition to the paid vacation. 4-7 Paid personal/sick days (unused personal days reimbursed at 500 THB per day at the end of the contract). Assistance (if needed) in locating housing Airport pickup (if needed) Yearly professional development and training workshops 30% discount on teaching certifications and micro-credentials with Bridge TEFL Group Supporti","BFITS is a leading education provider in Thailand, servicing 25+ schools nationwide. We offer a competitive package with a full support team. Get hired and trained to teach and thrive at one of our Thai schools.
APPLY HERE:
https://brightfutureinternationaltrainingservices.applytojob.com/apply/JNePdFIdRZ/English-Math-Science-Teachers-Thailand?source=https%3A%2F%2Fwww.eslcafe.com%2F
BENEFITS:
42,300 THB (EP/Content) salary per month plus 500 THB per hour if overtime
12-month (EP/Content) academic year contract that can be extended for additional years and additional benefits. *No unpaid months or reduced pay due to school holidays or reduced teaching hours*
Visa cost reimbursement up to 9,000 THB
Work permit and teaching license waiver paid by BFITS
Monthly supplemental attendance bonus of 750 THB per month
End of Contract bonus up to 36,000 THB
Guaranteed yearly 3% cost of living pay increase minimum
Medical Insurance
Dental Insurance
2-4 weeks paid vacation (an additional week for every additional year of employment)
All Thai government holidays off with pay (13-15 days annually) *These are mandatory government holidays in addition to the paid vacation.
4-7 Paid personal/sick days (unused personal days reimbursed at 500 THB per day at the end of the contract).
Assistance (if needed) in locating housing
Airport pickup (if needed)
Yearly professional development and training workshops
30% discount on teaching certifications and micro-credentials with Bridge TEFL Group
Supportive and solution-oriented management
WORKING CONDITIONS:
Teaching hours range from 15-20 hours a week.
Class sizes range from 25-35 students per class with air-conditioned classrooms, LCD projectors, Apple TV.
School hours are approximately 07.30-16.30 Monday to Friday.
Curriculum and lesson breakdowns are already developed and provided to the teacher.
All teaching materials are supplied by BFITS in paper or digital format: Textbooks, Slides, Online Learning Platforms, etc; However, teachers MUST develop their engaging lessons using the material given
** All EP classrooms are equipped with LCD projectors so PowerPoint/Google Slides experience is needed **
RESPONSIBILITIES:
Teach subject content to assigned classes as per the schedule provided.
Adapt and deliver the teaching resources provided by BFITS to suit students' needs.
Build and maintain positive relationships with students and school staff.
Maintain student grading/assessment using the company's Learning Management System.
Attend office meetings or professional development held during office hours (if/when needed).
MINIMUM REQUIREMENTS:
Must be a Native English Speaker (i.e. Passport from the USA, CANADA, UK, IRELAND, AUSTRALIA, or NEW ZEALAND)
Bachelor's Degree
Police Clearance (local or national)
Basic Office/IT Skills
--> APPLY FOR AVAILABLE POSITIONS USING THE LINK BELOW <--
https://brightfutureinternationaltrainingservices.applytojob.com/apply/JNePdFIdRZ/English-Math-Science-Teachers-Thailand?source=https%3A%2F%2Fwww.eslcafe.com%2F
Instagram: BFITSThailand
LinkedIn:
https://www.linkedin.com/showcase/bfits-thailand/
Facebook:
https://www.facebook.com/BFITSThailandPage
Website:
https://www.BFITSthailand.com"
eslcafe-modern,native-english-teacher-in-st-petersburg-russi,https://www.eslcafe.com/postajob-detail/native-english-teacher-in-st-petersburg-russi,"Native English Teacher in St. Petersburg, Russia - Full-Time, Visa Support, Accommodation",Orange Language Centre,St. Petersburg,Russia,96000-120000,RMB,,,,,cv@orange-spb.com,https://www.orange-spb.ru/about/vacancy/native-english-teachers/,2026-05-23 09:50,"Native English Teacher in St. Petersburg, Russia Full-time teaching role | Visa support | Accommodation option | Small groups | Established school since 2005 Orange Language Centre is looking for a native or native-level English teacher to teach motivated teenagers and adults in small groups in St. Petersburg, Russia. Apply by email: [email protected] Full vacancy page: https://www.orange-spb.ru/about/vacancy/native-english-teachers/ Why this role may be a strong fit Orange has been teaching English in St. Petersburg since 2005. We are a focused language school with a clear academic culture: lessons should be warm, lively and human, but they also need a clear learning purpose, coherent structure and visible progress for students. Teachers work with modern course materials, including Cambridge and Oxford lines, and adapt them to the level, age and goals of the group. You are not expected to improvise in isolation. The academic team supports teachers with course logic, lesson planning, classroom decisions, feedback and realistic expectations. Position at a glance Position: English teacher, native or native-level English speaker. Location: primarily in-person teaching in St. Petersburg; some online lessons may be part of the timetable. Students: mostly teenagers, often B1 and above; possible adult, individual, corporate and online lessons depending on the timetable. Group size: usually up to 10 students. Full-time load: 80-100 academic hours per month. Academic hour: 45 minutes.","Native English Teacher in St. Petersburg, Russia
Full-time teaching role | Visa support | Accommodation option | Small groups | Established school since 2005
Orange Language Centre
is looking for a native or native-level English teacher to teach motivated teenagers and adults in small groups in St. Petersburg, Russia.
Apply by email:
[email protected]
Full vacancy page:
https://www.orange-spb.ru/about/vacancy/native-english-teachers/
Why this role may be a strong fit
Orange has been teaching English in St. Petersburg since 2005. We are a focused language school with a clear academic culture: lessons should be warm, lively and human, but they also need a clear learning purpose, coherent structure and visible progress for students.
Teachers work with modern course materials, including Cambridge and Oxford lines, and adapt them to the level, age and goals of the group. You are not expected to improvise in isolation. The academic team supports teachers with course logic, lesson planning, classroom decisions, feedback and realistic expectations.
Position at a glance
Position:
English teacher, native or native-level English speaker.
Location:
primarily in-person teaching in St. Petersburg; some online lessons may be part of the timetable.
Students:
mostly teenagers, often B1 and above; possible adult, individual, corporate and online lessons depending on the timetable.
Group size:
usually up to 10 students.
Full-time load:
80-100 academic hours per month.
Academic hour:
45 minutes.
Main schedule:
weekday afternoons and evenings, plus full Saturdays.
Start date:
depends on timetable needs, visa process and candidate availability. Rolling applications are welcome.
Pay
The current base guide is
from 1,200 RUB net per academic hour
. At a full-time load of
80-100 academic hours per month
, the current monthly guide is therefore:
80 x 1,200 RUB = 96,000 RUB net/month
100 x 1,200 RUB = 120,000 RUB net/month
Final terms depend on the timetable, teaching format, qualifications, experience, availability and legal format of cooperation. The rate is reviewed and may be adjusted with inflation, market conditions and the final terms agreed with the teacher.
Visa, relocation and practical support
Orange regularly works with foreign teachers and supports visa-related steps. We explain the documents, timing and practical details, and we check each candidate's situation before final arrangements are made. The visa process depends on citizenship, documents, current rules and deadlines, so we discuss this carefully with each candidate.
After arrival, we also help with practical setup, including opening a Russian bank account, understanding school locations, local transport, documents and the first weeks of work.
Accommodation option
For foreign teachers relocating to St. Petersburg, Orange has its own accommodation option. This can make the first stage of relocation much easier because candidates do not have to search for housing alone immediately after arrival.
Location guide:
Nevsky Prospekt, 147, St. Petersburg.
Format:
private room for the teacher, with shared common areas.
Cost guide:
around 19,000 RUB/month.
Availability:
the exact room, availability and living conditions are confirmed before an offer is finalized.
Who you will teach
Most of the workload is usually connected with teenage groups. These are often strong school students, older teenagers preparing for future study or exams, and learners who want to speak more naturally and confidently rather than simply complete another textbook unit.
Depending on the timetable and the teacher's profile, the role may also include adult groups, individual lessons, corporate students and online classes. Native or native-level English teachers at Orange most often work with B1+ students, where natural speech, discussion, pronunciation, fluency, cultural awareness and precise feedback are especially valuable.
How we teach
Our methodological base is communicative and structured: clear lesson aims, meaningful student talking time, pair and group work, practical grammar and vocabulary in context, and tasks that move students toward confident use of English. The coursebook is a tool, not the whole lesson.
A good lesson at Orange should be lively, clear and methodically coherent. Students should enjoy coming to class, but every activity should still lead to speech, understanding, more confident language use and visible progress.
What we value in a teacher: calm professional presence, good classroom management, clear instructions, thoughtful correction, useful feedback, preparation, consistency and the ability to adapt materials without losing the aim of the course.
Working conditions and schedule
This is a full-time teaching position. The full-time guide is 80-100 academic hours per month. The exact number of groups and lessons depends on the timetable, visa timing, season and student demand.
Most lessons are on weekday afternoons and evenings, plus full Saturdays. This pattern exists because many students study or work during the day and come to English after their main commitments. We try to build comfortable timetables for teachers by grouping lessons by day and location, and where the real student timetable allows, we try to avoid split schedules and long gaps between lessons.
We do not promise a perfect timetable with no evening work, and we do not pretend that every month is identical. We do promise to discuss the schedule honestly and build it as reasonably as the school timetable allows.
Requirements
Native or native-level English speaker.
Bachelor's degree is desirable and may be important for the visa process.
TEFL, TESOL, CELTA 120+ hours or an equivalent qualification is desirable.
Experience with teenagers, adults, exam courses or conversation courses is an advantage.
Readiness to work mostly weekday afternoons/evenings and full Saturdays.
Reliability, maturity, teachability and respect for clear methodology.
Newly certified teachers may apply if they show maturity, reliability, teachability, respect for methodology and the ability to build rapport with students. What matters is not only experience, but also professional judgment: clear instructions, preparation, consistency, classroom awareness and willingness to receive feedback.
Life in St. Petersburg
St. Petersburg is a large historic city with museums, theatres, architecture, rivers, bridges, cafes, bookshops, metro connections and a strong city rhythm around Nevsky Prospekt. For a teacher, it is not only a place to commute between home and work; it is a city where everyday life can include long walks, cultural events and a recognizable European urban centre.
Optional summer camp
Orange also runs summer programmes and a language camp where English teachers may sometimes be needed. This is a separate paid option for teachers who are interested in that format, not a required part of the city teaching role. If a candidate is interested, we discuss dates, programme details and conditions separately.
How to apply
Please send your CV/resume and a short cover note to
[email protected]
.
Please include:
Your CV/resume.
A short note explaining why Orange and St. Petersburg are of interest to you.
Copies or names of TEFL/TESOL/CELTA certificates and other relevant qualifications.
Your citizenship and current visa or migration status, if any.
Your earliest possible start date and whether you are applying for full-time work.
Any teaching formats you particularly enjoy or are especially experienced in.
Full details are available here:
https://www.orange-spb.ru/about/vacancy/native-english-teachers/
What happens next
We review your CV and clarify basic questions about qualifications, availability and visa status.
We hold an online interview and discuss teaching experience, lesson approach and expectations.
If needed, we may ask for a short methodological task or discuss a lesson fragment.
If both sides are comfortable, we discuss the offer, documents, visa process, accommodation and an approximate start date.
Orange can be a strong place for long-term teaching work in St. Petersburg.
We do not promise a timetable with no evenings, identical hours every month or a relocation process without paperwork. We do offer small groups, academic support, visa guidance, accommodation and a team that understands what it takes for a foreign teacher to settle in and teach well.
To apply, email
[email protected]"
eslcafe-modern,thailand-is-open-travel-teach-english-on-the,https://www.eslcafe.com/postajob-detail/thailand-is-open-travel-teach-english-on-the,"🌅Travel & Teach English at the beach! 🌅Two Immediate positions available! PAID FROM 33,000 THB/month + work visa/permit",Openbook Teachers,,Thailand,"33,000",THB,Bachelor,,5.5 months or 11 months,End of October 2025,recruiting@openbookteachers.com,http://www.openbookteachers.com,,"Positions: Kindergarten & Primary English Teachers We are currently seeking enthusiastic Kindergarten and Primary teachers who are able to join us immediately for the second semester. Contract period: End of October 2025 – Mid-March 2026 (with the option to renew for the new academic year starting May 2026). Available Positions: 1. Kindergarten Teacher (ages 3–6) 2. Primary Teacher (ages 6–12) Responsibilities Teach conversational English (speaking/listening) 5 days per week (Monday–Friday). Approximately 20 teaching hours + 15 office hours per week. Use provided teaching materials/curriculum, while incorporating your own lesson plans, activities, and interactive learning methods. Benefits Salary: Starting from 33,000 THB/month (for Native English Speakers). Work visa & work permit provided with full step-by-step assistance. Accommodation: Pre-arranged clean private studio with WiFi, A/C, and furniture (~4,000 THB/month). Contract options: 5.5 months or 11 months. Pre-arranged transportation on-site. Bank account set-up assistance. 24/7 support throughout employment. Free orientation and transportation from your current location to the placement school. All school holidays included. Requirements Native English Speaker (Non-Native applicants will also be considered). Bachelor’s degree (any field). Teaching experience and/or TEFL/TESOL/CELTA certification preferred. Positive attitude, adaptability, and love for working with children. Application Process To apply, please email t","Positions: Kindergarten & Primary English Teachers
We are currently seeking enthusiastic
Kindergarten and Primary teachers
who are able to join us
immediately for the second semester.
Contract period:
End of October 2025 – Mid-March 2026 (with the option to renew for the new academic year starting May 2026).
Available Positions:
1. Kindergarten Teacher
(ages 3–6)
2. Primary Teacher
(ages 6–12)
Responsibilities
Teach
conversational English (speaking/listening)
5 days per week (Monday–Friday).
Approximately
20 teaching hours
+
15 office hours
per week.
Use provided teaching materials/curriculum, while incorporating your own lesson plans, activities, and interactive learning methods.
Benefits
Salary:
Starting from 33,000 THB/month (for Native English Speakers).
Work visa & work permit
provided with full step-by-step assistance.
Accommodation:
Pre-arranged clean private studio with WiFi, A/C, and furniture (~4,000 THB/month).
Contract options:
5.5 months or 11 months.
Pre-arranged transportation on-site.
Bank account set-up assistance.
24/7 support throughout employment.
Free orientation and transportation from your current location to the placement school.
All school holidays included.
Requirements
Native English Speaker (Non-Native applicants will also be considered).
Bachelor’s degree (any field).
Teaching experience and/or TEFL/TESOL/CELTA certification preferred.
Positive attitude, adaptability, and love for working with children.
Application Process
To apply, please email the following to
[email protected]
:
Your resume (with photo, date of birth, and nationality).
Your current location.
A short video introduction of yourself.
🌐 Visit our website for more details:
www.openbookteachers.com
👉 Apply directly here:
Click to Apply
⚠️ Please note: Due to the high number of applications, only shortlisted candidates will be contacted.
✨ Thank you, and we look forward to welcoming you to our team!
To apply, email
[email protected]"
eslcafe-modern,secondary-english-teacher-needed-in-uttaradit-3,https://www.eslcafe.com/postajob-detail/secondary-english-teacher-needed-in-uttaradit-3,"Secondary English Teacher Needed in Uttaradit, Thailand",MediaKids Academy,Uttaradit,Thailand,"35,000-37,000",THB,Bachelor,,,May/June 2026,,https://mediakidsacademy.com/apply-now,,"🌏Native English Teachers Wanted – May/June 2026 Start! 📍Uttaradit, Thailand MediaKids Academy is currently hiring native English-speaking teachers to join our English for Communication Develpment program (ECD) for High school students level starting May/June 2026. If you’re passionate about teaching, eager to experience Thai culture, and looking for a supportive team, we would love to hear from you! 💼 Benefits Package • Salary: 35,000–37,000 THB per month • Housing allowance: 3,000 THB per month • Free Work Permit provided • Non-B visa reimbursement: 3,000 THB • Accident insurance included • Paid Thai public holidays • Full curriculum and teaching materials provided • Dedicated support team to assist with visas, documentation, and classroom needs 👩‍🏫 Requirements • Native English speaker (UK, USA, Canada, Australia, New Zealand, Ireland) • Bachelor’s degree (any field) • TEFL certificate or teaching experience preferred but not required • Age 22–50 • Open-minded, adaptable, and culturally curious 📩 How to Apply Send your CV to: 📧 [email protected] Subject line: ""Uttaradit Application"" Or apply online: 🌐 mediakidsacademy.com/apply-now 🎬 Learn more about teaching with us Follow us on TikTok: 👉 tiktok.com/@mediakidsacademy 🎥 Hear directly from our teachers: ▶ https://youtu.be/9tbKWX6ZywY ▶ https://youtu.be/ZvkpOdo1TgI ▶ https://youtu.be/sdjmsPWYU38","🌏Native English Teachers Wanted – May/June 2026 Start!
📍Uttaradit, Thailand
MediaKids Academy is currently hiring native English-speaking teachers to join our English for Communication Develpment program (ECD) for High school students level starting May/June 2026.
If you’re passionate about teaching, eager to experience Thai culture, and looking for a supportive team, we would love to hear from you!
💼 Benefits Package
• Salary: 35,000–37,000 THB per month
• Housing allowance: 3,000 THB per month
• Free Work Permit provided
• Non-B visa reimbursement: 3,000 THB
• Accident insurance included
• Paid Thai public holidays
• Full curriculum and teaching materials provided
• Dedicated support team to assist with visas, documentation, and classroom needs
👩‍🏫 Requirements
• Native English speaker (UK, USA, Canada, Australia, New Zealand, Ireland)
• Bachelor’s degree (any field)
• TEFL certificate or teaching experience preferred but not required
• Age 22–50
• Open-minded, adaptable, and culturally curious
📩 How to Apply
Send your CV to:
📧
[email protected]
Subject line: ""Uttaradit Application""
Or apply online:
🌐
mediakidsacademy.com/apply-now
🎬 Learn more about teaching with us
Follow us on TikTok:
👉
tiktok.com/@mediakidsacademy
🎥 Hear directly from our teachers:
▶
https://youtu.be/9tbKWX6ZywY
▶
https://youtu.be/ZvkpOdo1TgI
▶
https://youtu.be/sdjmsPWYU38"
eslcafe-modern,secondary-english-teacher-needed-in-nakhon-na-3,https://www.eslcafe.com/postajob-detail/secondary-english-teacher-needed-in-nakhon-na-3,"Secondary English Teacher Needed in Nakhon Nayok , Thailand",MediaKids Academy,Nakhon Nayok,Thailand,"35,000–40,000",THB,Bachelor,,,May/June 2026,,https://mediakidsacademy.com/apply-now,,"🌏Native English Teachers Wanted – May/June 2026 Start! 📍Nakhonnayok, Thailand MediaKids Academy is currently hiring native English-speaking teachers to join our Special Program for High school students level starting May/June 2026. If you’re passionate about teaching, eager to experience Thai culture, and looking for a supportive team, we would love to hear from you! 💼 Benefits Package • Salary: 35,000–40,000 THB per month • Housing allowance: 3,000 THB per month • Free Work Permit provided • Non-B visa reimbursement: 3,000 THB • Accident insurance included • Paid Thai public holidays • Full curriculum and teaching materials provided • Dedicated support team to assist with visas, documentation, and classroom needs 👩‍🏫 Requirements • Native English speaker (UK, USA, Canada, Australia, New Zealand, Ireland) • Bachelor’s degree (any field) • TEFL certificate or teaching experience preferred but not required • Age 22–50 • Open-minded, adaptable, and culturally curious 📩 How to Apply Send your CV to: 📧 [email protected] Subject line: ""Nakhonnayok Application"" Or apply online: 🌐 mediakidsacademy.com/apply-now 🎬 Learn more about teaching with us Follow us on TikTok: 👉 tiktok.com/@mediakidsacademy 🎥 Hear directly from our teachers: ▶ https://youtu.be/9tbKWX6ZywY ▶ https://youtu.be/ZvkpOdo1TgI ▶ https://youtu.be/sdjmsPWYU38","🌏Native English Teachers Wanted – May/June 2026 Start!
📍Nakhonnayok, Thailand
MediaKids Academy is currently hiring native English-speaking teachers to join our Special Program for High school students level starting May/June 2026.
If you’re passionate about teaching, eager to experience Thai culture, and looking for a supportive team, we would love to hear from you!
💼 Benefits Package
• Salary: 35,000–40,000 THB per month
• Housing allowance: 3,000 THB per month
• Free Work Permit provided
• Non-B visa reimbursement: 3,000 THB
• Accident insurance included
• Paid Thai public holidays
• Full curriculum and teaching materials provided
• Dedicated support team to assist with visas, documentation, and classroom needs
👩‍🏫 Requirements
• Native English speaker (UK, USA, Canada, Australia, New Zealand, Ireland)
• Bachelor’s degree (any field)
• TEFL certificate or teaching experience preferred but not required
• Age 22–50
• Open-minded, adaptable, and culturally curious
📩 How to Apply
Send your CV to:
📧
[email protected]
Subject line: ""Nakhonnayok Application""
Or apply online:
🌐
mediakidsacademy.com/apply-now
🎬 Learn more about teaching with us
Follow us on TikTok:
👉
tiktok.com/@mediakidsacademy
🎥 Hear directly from our teachers:
▶
https://youtu.be/9tbKWX6ZywY
▶
https://youtu.be/ZvkpOdo1TgI
▶
https://youtu.be/sdjmsPWYU38"
eslcafe-modern,secondary-english-teacher-needed-in-chonburi-4,https://www.eslcafe.com/postajob-detail/secondary-english-teacher-needed-in-chonburi-4,"Secondary English Teacher Needed in Chonburi and Rayong, Thailand",MediaKids Academy,"Chonburi, Rayong",Thailand,"33,000-35,000",THB,Bachelor,,,May/June 2026,,https://youtu.be/9tbKWX6ZywY,,"🌏 Native English Teachers Wanted – May 2026 Start! 📍 Chonburi & Rayong, Thailand MediaKids Academy is currently hiring native English-speaking teachers to join our ECD Program (English for Communication Development) for High school students level starting May/June 2026. If you’re passionate about teaching, eager to experience Thai culture, and looking for a supportive team, we would love to hear from you! 💼 Benefits Package • Salary: 33,000–35,000 THB per month • Housing allowance: 3,000 THB per month • Free Work Permit provided • Non-B visa reimbursement: 3,000 THB • Accident insurance included • Paid Thai public holidays • Full curriculum and teaching materials provided • Dedicated support team to assist with visas, documentation, and classroom needs 👩‍🏫 Requirements • Native English speaker (UK, USA, Canada, Australia, New Zealand, Ireland) • Bachelor’s degree (any field) • TEFL certificate or teaching experience preferred but not required • Age 22–50 • Open-minded, adaptable, and culturally curious 📩 How to Apply Send your CV to: 📧 [email protected] Subject line: ""Chonburi/Rayong Application"" Or apply online: 🌐 mediakidsacademy.com/apply-now 🎬 Learn more about teaching with us Follow us on TikTok: 👉 tiktok.com/@mediakidsacademy 🎥 Hear directly from our teachers: ▶ https://youtu.be/9tbKWX6ZywY ▶ https://youtu.be/ZvkpOdo1TgI ▶ https://youtu.be/sdjmsPWYU38","🌏 Native English Teachers Wanted – May 2026 Start!
📍 Chonburi & Rayong, Thailand
MediaKids Academy is currently hiring native English-speaking teachers to join our ECD Program (English for Communication Development) for High school students level starting May/June 2026.
If you’re passionate about teaching, eager to experience Thai culture, and looking for a supportive team, we would love to hear from you!
💼 Benefits Package
• Salary: 33,000–35,000 THB per month
• Housing allowance: 3,000 THB per month
• Free Work Permit provided
• Non-B visa reimbursement: 3,000 THB
• Accident insurance included
• Paid Thai public holidays
• Full curriculum and teaching materials provided
• Dedicated support team to assist with visas, documentation, and classroom needs
👩‍🏫 Requirements
• Native English speaker (UK, USA, Canada, Australia, New Zealand, Ireland)
• Bachelor’s degree (any field)
• TEFL certificate or teaching experience preferred but not required
• Age 22–50
• Open-minded, adaptable, and culturally curious
📩 How to Apply
Send your CV to:
📧
[email protected]
Subject line: ""Chonburi/Rayong Application""
Or apply online:
🌐
mediakidsacademy.com/apply-now
🎬 Learn more about teaching with us
Follow us on TikTok:
👉
tiktok.com/@mediakidsacademy
🎥 Hear directly from our teachers:
▶
https://youtu.be/9tbKWX6ZywY
▶
https://youtu.be/ZvkpOdo1TgI
▶
https://youtu.be/sdjmsPWYU38"
eslcafe-modern,secondary-english-social-studies-teachers,https://www.eslcafe.com/postajob-detail/secondary-english-social-studies-teachers,"Secondary English / Social Studies Teachers: Udon Thani, Thailand",MediaKids Academy,Udon Thani,Thailand,"40,000 – 47,000",THB,Bachelor,,,May/June 2026,,https://youtu.be/9tbKWX6ZywY,,"📢 Native English-Speaking Teachers Needed (English / Social Studies) 📍 Udon Thani | Start Date: May/June 2026 We are currently seeking enthusiastic and dedicated native English-speaking teachers for English and Social Studies positions starting in May or June 2026. Join our supportive team and enjoy teaching in a welcoming Thai school environment. 🌈 Requirements: •Native English speakers (UK, USA, Canada, Australia, New Zealand, Ireland) •Bachelor’s degree in English, Social Studies, or a related field from an accredited university •Teaching experience and/or TEFL certification is an advantage (not required) •Age: 24–45 •Positive attitude, adaptability, and a genuine passion for teaching •Willingness to embrace Thai culture and work collaboratively 💼 Salary & Benefits: •Competitive salary: 40,000 – 47,000 THB/month •Accommodation allowance: 3,000 THB/month •Non-B visa reimbursement: 3,000 THB •Free Work Permit •Comprehensive support from an experienced international team •Assistance with all visa and documentation processes •Free accident insurance •Paid Thai public holidays •Curriculum and teaching materials provided ⏰ Working Hours: Monday – Friday 7:30 AM – 4:30 PM ✉️ How to Apply: Please send your CV to [email protected] with the subject: ""Udon English / Social Studies Application"" Or apply online at: mediakidsacademy.com/apply-now/ 🎬 Learn more about us: TikTok: tiktok.com/@mediakidsacademy 🎥 YouTube: https://youtu.be/9tbKWX6ZywY https://youtu.be/ZvkpOdo1TgI https://yout","📢 Native English-Speaking Teachers Needed (English / Social Studies)
📍 Udon Thani | Start Date: May/June 2026
We are currently seeking enthusiastic and dedicated native English-speaking teachers for English and Social Studies positions starting in May or June 2026. Join our supportive team and enjoy teaching in a welcoming Thai school environment.
🌈 Requirements:
•Native English speakers (UK, USA, Canada, Australia, New Zealand, Ireland)
•Bachelor’s degree in English, Social Studies, or a related field from an accredited university
•Teaching experience and/or TEFL certification is an advantage (not required)
•Age: 24–45
•Positive attitude, adaptability, and a genuine passion for teaching
•Willingness to embrace Thai culture and work collaboratively
💼 Salary & Benefits:
•Competitive salary: 40,000 – 47,000 THB/month
•Accommodation allowance: 3,000 THB/month
•Non-B visa reimbursement: 3,000 THB
•Free Work Permit
•Comprehensive support from an experienced international team
•Assistance with all visa and documentation processes
•Free accident insurance
•Paid Thai public holidays
•Curriculum and teaching materials provided
⏰ Working Hours:
Monday – Friday
7:30 AM – 4:30 PM
✉️ How to Apply:
Please send your CV to
[email protected]
with the subject: ""Udon English / Social Studies Application""
Or apply online at:
mediakidsacademy.com/apply-now/
🎬 Learn more about us:
TikTok:
tiktok.com/@mediakidsacademy
🎥 YouTube:
https://youtu.be/9tbKWX6ZywY
https://youtu.be/ZvkpOdo1TgI
https://youtu.be/sdjmsPWYU38
We look forward to welcoming passionate teachers to our team and making a positive impact together!"
eslcafe-modern,teaching-opportunity-in-nong-khai-city-thaila,https://www.eslcafe.com/postajob-detail/teaching-opportunity-in-nong-khai-city-thaila,"Teaching Opportunity in Nong Khai City, Thailand",MediaKids Academy,Nong Khai City,Thailand,"37,000 - 40,000",THB,,,,June 2026,,https://mediakidsacademy.com/apply-now/,2026-05-21,"Immediate Teaching Opportunity in Nong Khai City, Thailand 🇹🇭 📍 Starting June 2026! MediaKids Academy is currently seeking enthusiastic and adaptable foreign teachers for an immediate teaching position starting on June 2026 at the Nongkhai English Center in Nong Khai City. This is a unique center-based teaching role supporting two partner schools within the city area. ✨ Why Nong Khai? Nong Khai is a welcoming city along the Mekong River near the Laos border, known for its relaxed lifestyle, affordable living, and strong expat community. Unlike more rural areas, Nong Khai offers convenient city living while still providing an authentic Thai cultural experience. Currently, MediaKids Academy supports over 16 foreign teachers in the Nong Khai area, with many teachers renewing for multiple semesters due to the supportive environment and positive school community. 📚 Position Details • Program: ECDMM Program • Student Level: High School Students • Maximum Teaching Load: 24 classes per week • Team Environment: Work alongside 3 foreign teachers at the learning center and a larger international team in the area 🗓 Schedule Information • Flexible rotating schedule arranged by the Learning Center Director • Students may be grouped from different schools • Classes may include after-school programs and occasional weekend sessions • Rotating days off among teachers • No fixed weekly schedule due to student enrollment arrangements 💰 Employment Package • Salary: 37,000 - 40,000 THB/month • Hou","Immediate Teaching Opportunity in Nong Khai City, Thailand 🇹🇭
📍 Starting June 2026!
MediaKids Academy is currently seeking enthusiastic and adaptable foreign teachers for an immediate teaching position starting on June 2026 at the Nongkhai English Center in Nong Khai City.
This is a unique center-based teaching role supporting two partner schools within the city area.
✨ Why Nong Khai?
Nong Khai is a welcoming city along the Mekong River near the Laos border, known for its relaxed lifestyle, affordable living, and strong expat community. Unlike more rural areas, Nong Khai offers convenient city living while still providing an authentic Thai cultural experience.
Currently, MediaKids Academy supports over 16 foreign teachers in the Nong Khai area, with many teachers renewing for multiple semesters due to the supportive environment and positive school community.
📚 Position Details
• Program: ECDMM Program
• Student Level: High School Students
• Maximum Teaching Load: 24 classes per week
• Team Environment: Work alongside 3 foreign teachers at the learning center and a larger international team in the area
🗓 Schedule Information
• Flexible rotating schedule arranged by the Learning Center Director
• Students may be grouped from different schools
• Classes may include after-school programs and occasional weekend sessions
• Rotating days off among teachers
• No fixed weekly schedule due to student enrollment arrangements
💰 Employment Package
• Salary: 37,000 - 40,000 THB/month
• Housing Allowance: 3,000 THB/month
• Free Work Permit
• Non-B visa reimbursement: 3,000 THB
• Accident insurance included
• Paid Thai public holidays
• Full curriculum & teaching materials provided
• Dedicated support team
🌏 Our teaching team includes educators from:
Canada 🇨🇦 | Ireland 🇮🇪 | UK 🇬🇧 | Philippines 🇵🇭 | Turkey 🇹🇷 | USA 🇺🇸
We are looking for teachers who are:
✅ Flexible and adaptable
✅ Comfortable working in a dynamic learning environment
✅ Interested in long-term teaching opportunities in Thailand
✅ Passionate about supporting students in meaningful ways
If you are interested in learning more about this opportunity, please send your:
📄 CV/Resume
🎥 Short introduction video
📘 Relevant teaching documents
to MediaKids Academy Recruitment Team. "" Nongkhai English Center Application""
via
[email protected]
or
https://mediakidsacademy.com/apply-now/
or This email address is being protected from spambots. You need JavaScript enabled to view it.
Join a supportive international teaching community and experience life in one of Thailand’s most unique riverside cities! ✨"
eslcafe-modern,teach-english-in-thailand-2026,https://www.eslcafe.com/postajob-detail/teach-english-in-thailand-2026,Teach English in Thailand 2026,Road Experience,Bangkok,Thailand,,,,,1 semester to 1 year,June 2026,,,2026-05-17 11:16,"Teach English in Thailand – May/June/July 2026 Intake! Looking for an exciting opportunity to teach English in Thailand? Your teaching adventure starts here! Road Experience, one of Thailand’s top ESL teacher recruitment companies, is thrilled to announce that applications are now open for our next orientation in Bangkok – June 2026! Orientation Dates: 21st June 2026 Location: Bangkok, Thailand Our 1-week orientation program gives you the skills, confidence, and support to thrive—featuring hands-on training, cultural tips, and even a trial class with Thai students! Job Details • Contract Length: Flexible options (1 semester to 1 year) with opportunities for extension. • Student Levels: Kindergarten to High School. • Job Type: Full-time roles with growth potential. Qualifications Native or fluent English speakers (non-native speakers with excellent proficiency are welcome). Ages 20 to 55. Enthusiasm and passion for teaching (no prior experience required). TEFL certification is preferred but not mandatory. Taught in Thailand before? Skip orientation and get placed immediately. We’ll fast-track your application! Join our community of teachers and explore Thailand while making a difference. Apply Now: www.teachthailand.org Contact: [email protected] #TeachInThailand #ESLJobs #RoadExperience #ThailandTeachingJobs #AdventureAwaits","Teach English in Thailand – May/June/July 2026 Intake!
Looking for an exciting opportunity to teach English in Thailand? Your teaching adventure starts here! Road Experience, one of Thailand’s top ESL teacher recruitment companies, is thrilled to announce that applications are now open for our next orientation in Bangkok – June 2026!
Orientation Dates:
21st June 2026
Location:
Bangkok, Thailand Our 1-week orientation program gives you the skills, confidence, and support to thrive—featuring hands-on training, cultural tips, and even a trial class with Thai students!
Job Details
•
Contract Length:
Flexible options (1 semester to 1 year) with opportunities for extension.
• Student Levels:
Kindergarten to High School.
• Job Type:
Full-time roles with growth potential.
Qualifications
Native or fluent English speakers (non-native speakers with excellent proficiency are welcome).
Ages 20 to 55.
Enthusiasm and passion for teaching (no prior experience required).
TEFL certification is preferred but not mandatory.
Taught in Thailand before?
Skip orientation and get placed immediately. We’ll fast-track your application!
Join our community of teachers and explore Thailand while making a difference.
Apply Now:
www.teachthailand.org
Contact:
[email protected]
#TeachInThailand #ESLJobs #RoadExperience #ThailandTeachingJobs #AdventureAwaits"
eslcafe-modern,immediate-start-english-teacher-no-tefl-requi,https://www.eslcafe.com/postajob-detail/immediate-start-english-teacher-no-tefl-requi,Immediate Start! English Teacher No TEFL Required,SINE Education,Thailand,Thailand,"35,000 THB/month + up to 20,000 THB contract completion bonus",THB,Bachelor,,,8th June,,https://sine-education.breezy.hr/,2026-05-15 10:24,"PLEASE APPLY HERE: https://sine-education.breezy.hr/ No TEFL required; full lesson plans and relocation support provided! -About the Role- We’re looking for enthusiastic individuals who want to teach conversational English and fully immerse themselves in the authentic beauty of Thailand. These roles require a start date by the 8th June at the latest. As an English Conversation Teacher, you’ll: - Lead interactive speaking and listening lessons to boost students’ fluency and confidence - Live among warm, welcoming communities in traditional villages or small cities - Taste fiery local dishes—som tam, larb, moo yang—and connect over shared sticky rice - Explore stunning cultural traditions in the heart of Thailand - Discover ancient Khmer temples, lush national parks, and UNESCO‑listed cultural sites - Connect with local families, visit artisans, and learn traditional crafts. We provide everything: textbooks, PowerPoints, multimedia, and a dedicated in‑school SINE coordinator, to ensure success. Our experienced Western and Thai leadership will manage your work permit, visa, health insurance, and IT setup. -Salary and Benefits- - Starting Salary: 35,000 THB/month + up to 20,000 THB contract completion bonus - Paid Leave: Minimum two weeks in October, plus Thai public holidays - Teaching Load: Maximum 24 lessons per week - Visa & Permit: Fully handled by SINE’s visa team - Visa Reimbursement: Up to 9,000 THB upon contract completion - Relocation Help: Airport taxi reimbursement +","PLEASE APPLY HERE:
https://sine-education.breezy.hr/
No TEFL required; full lesson plans and relocation support provided!
-About the Role-
We’re looking for enthusiastic individuals who want to teach conversational English and fully immerse themselves in the authentic beauty of Thailand.
These roles require a start date by the 8th June at the latest.
As an English Conversation Teacher, you’ll:
- Lead interactive speaking and listening lessons to boost students’ fluency and confidence
- Live among warm, welcoming communities in traditional villages or small cities
- Taste fiery local dishes—som tam, larb, moo yang—and connect over shared sticky rice
- Explore stunning cultural traditions in the heart of Thailand
- Discover ancient Khmer temples, lush national parks, and UNESCO‑listed cultural sites
- Connect with local families, visit artisans, and learn traditional crafts.
We provide everything: textbooks, PowerPoints, multimedia, and a dedicated in‑school SINE coordinator, to ensure success. Our experienced Western and Thai leadership will manage your work permit, visa, health insurance, and IT setup.
-Salary and Benefits-
- Starting Salary: 35,000 THB/month + up to 20,000 THB contract completion bonus
- Paid Leave: Minimum two weeks in October, plus Thai public holidays
- Teaching Load: Maximum 24 lessons per week
- Visa & Permit: Fully handled by SINE’s visa team
- Visa Reimbursement: Up to 9,000 THB upon contract completion
- Relocation Help: Airport taxi reimbursement + housing assistance
- In-School Support: SINE coordinator at every school
- Community: Join a team of friendly, supportive teachers
- Health Insurance: Allianz coverage
- Training: Provided by our expert, experienced trainers
-Requirements-
-Native English speaker (Australia, Canada, Ireland, New Zealand, South Africa, the UK, or the USA)
-Bachelor’s degree (any field)
-No teaching experience needed—full support provided
-Age 55 or younger
If you dream of teaching and living in one of Thailand’s most captivating regions, steeped in rich traditions, breathtaking landscapes, and vibrant festivals, SINE’s Program is your chance to make a meaningful impact and create lifelong memories.
Apply now to embark on an extraordinary journey to the land of smiles
PLEASE APPLY HERE:
https://sine-education.breezy.hr/"
eslcafe-modern,china-international-schoolsprimarymiddlehigh-1,https://www.eslcafe.com/postajob-detail/china-international-schoolsprimarymiddlehigh-1,China International schools(Primary/Middle/High schools)' jobs and (20k-36k) Kindergarten/Trianing schools in China,TalentsAisa,"Chengdu, Chongqing, Beijing, Ningbo, Shenzhen, Guangzhou, Wuhan, Nanjing, Suzhou, Hangzhou, etc.",China,20000-39000,RMB,Bachelor,,,,,,2026-05-15 10:19,"International/Bilingual Schools Location： Chengdu Chongqing Beijing Ningbo Shenzhen Guangzhou Wuhan Nanjing, etc. (All 1st tier and 2nd tier cities) Position: English/Math/Chemistry/Biology/Art/PE/Social Studies teachers, etc Salary: 23000-39000 RMB/month Housing allowance: 3000-4000 RMB/month Other benefits: air ticket reimbursement, health insurance, etc. Requirements: 1. Bachelor's degree or higher in related education major 2. A recognized teaching qualification is essential 3. A minimum of 2 years of working experience teaching related subjects in high-performing schools. 4. Fluency in written and spoken English to enable effective communication with students and in working relationships. 5. Knowledge of IB/A-level/IGCSE/Common core curriculum, their delivery, and assessments. Kindergarten/training schools' jobs: Locations: Chengdu Chongqing Beijing Shenzhen Guangzhou Wuhan Nanjing Suzhou Hangzhou and others （most 2nd tier and 3rd tier cities) Monthly income 20000-32000 RMB/month (Salary+ housing allowance) Other benefits: Air-ticket reimbursement, free hotel at the start, visa application reimbursement, health insurance, etc. requirement: 1. Native English speaker. 2. Bachelor's degree or above. 3. 2 years teaching experience or TEFL. Send CV to: [email protected]","International/Bilingual Schools
Location： Chengdu Chongqing Beijing Ningbo Shenzhen Guangzhou Wuhan Nanjing, etc. (All 1st tier and 2nd tier cities)
Position:  English/Math/Chemistry/Biology/Art/PE/Social Studies teachers, etc
Salary:
23000-39000
RMB/month
Housing allowance:
3000-4000
RMB/month
Other benefits: air ticket reimbursement, health insurance, etc.
Requirements:
1. Bachelor's degree or higher in related education major
2. A recognized teaching qualification is essential
3. A minimum of 2 years of working experience teaching related subjects in high-performing schools.
4. Fluency in written and spoken English to enable effective communication with students and in working relationships.
5. Knowledge of IB/A-level/IGCSE/Common core curriculum, their delivery, and assessments.
Kindergarten/training schools' jobs:
Locations: Chengdu Chongqing Beijing Shenzhen Guangzhou Wuhan Nanjing Suzhou Hangzhou and others （most 2nd tier and 3rd tier cities)
Monthly income
20000-32000
RMB/month (Salary+ housing allowance)
Other benefits: Air-ticket reimbursement, free hotel at the start, visa application reimbursement, health insurance, etc.
requirement:
1. Native English speaker.
2. Bachelor's degree or above.
3. 2 years teaching experience or TEFL.
Send CV to:
[email protected]"
eslcafe-modern,secondary-english-teachers---udon-thani-thail-4,https://www.eslcafe.com/postajob-detail/secondary-english-teachers---udon-thani-thail-4,"Secondary English Teachers - Udon Thani, Thailand",MediaKids Academy,Udon Thani,Thailand,"40,000-47,000",THB,Bachelor,,,May 2026,,https://mediakidsacademy.com/apply-now/,,"We're looking for passionate individuals with a Bachelor's degree in English language to join our team for May 2026 semester. 🌈 Requirements: • Native English speakers only (UK, USA, Canada, Australia, New Zealand, Ireland) • Bachelor's degree related to English or related field from an accredited university • Teaching experience and/or TEFL is an advantage (but not required) • Age: 24-45 • Positive attitude, passion for teaching, and a desire to immerse in Thai culture 💼 Benefits: • Competitive salary: 40,000- 47,000THB • 3,000 THB accommodation allowance • Support from an experienced international team • Non-B work visa reimbursement: 3,000 THB • Free Work Permit • Hassle-free paperwork • Free accident insurance • Paid Thai public holidays • Full curriculum and textbooks provided ✉️ To Apply: Email [email protected] with the subject ""Udon Application"" or apply online at mediakidsacademy.com/apply-now/ 🎬 Check out more details and experiences on our TikTok: 👉 tiktok.com/@mediakidsacademy 🎥 Explore our YouTube channel for teacher videos and testimonials: https://youtu.be/9tbKWX6ZywY https://youtu.be/ZvkpOdo1TgI https://youtu.be/sdjmsPWYU38 We're eager to hear from you and make a positive impact together! 🌟","We're looking for passionate individuals with a Bachelor's degree in  English language to join our team for May 2026 semester.
🌈 Requirements:
• Native English speakers only (UK, USA, Canada, Australia, New Zealand, Ireland)
• Bachelor's degree related to English or related field from an accredited university
• Teaching experience and/or TEFL is an advantage (but not required)
• Age: 24-45
• Positive attitude, passion for teaching, and a desire to immerse in Thai culture
💼 Benefits:
• Competitive salary: 40,000- 47,000THB
• 3,000 THB accommodation allowance
• Support from an experienced international team
• Non-B work visa reimbursement: 3,000 THB
• Free Work Permit
• Hassle-free paperwork
• Free accident insurance
• Paid Thai public holidays
• Full curriculum and textbooks provided
✉️ To Apply:
Email
[email protected]
with the subject ""Udon Application"" or apply online at
mediakidsacademy.com/apply-now/
🎬 Check out more details and experiences on our TikTok: 👉
tiktok.com/@mediakidsacademy
🎥 Explore our YouTube channel for teacher videos and testimonials:
https://youtu.be/9tbKWX6ZywY
https://youtu.be/ZvkpOdo1TgI
https://youtu.be/sdjmsPWYU38
We're eager to hear from you and make a positive impact together! 🌟"
eslcafe-modern,secondary-english-teacher-needed-in-uttaradit-2,https://www.eslcafe.com/postajob-detail/secondary-english-teacher-needed-in-uttaradit-2,"Secondary English Teacher Needed in Uttaradit, Thailand",MediaKids Academy,Uttaradit,Thailand,"35,000–40,000",THB,Bachelor,,,May 2026,,https://mediakidsacademy.com/apply-now,2026-05-14 11:19,"🌏Native English Teachers Wanted – May 2026 Start! 📍Uttaradit, Thailand MediaKids Academy is currently hiring native English-speaking teachers to join our Special Program starting May 2026. If you’re passionate about teaching, eager to experience Thai culture, and looking for a supportive team, we would love to hear from you! 💼 Benefits Package • Salary: 35,000–40,000 THB per month • Housing allowance: 3,000 THB per month • Free Work Permit provided • Non-B visa reimbursement: 3,000 THB • Accident insurance included • Paid Thai public holidays • Full curriculum and teaching materials provided • Dedicated support team to assist with visas, documentation, and classroom needs 👩‍🏫 Requirements • Native English speaker (UK, USA, Canada, Australia, New Zealand, Ireland) • Bachelor’s degree (any field) • TEFL certificate or teaching experience preferred but not required • Age 22–50 • Open-minded, adaptable, and culturally curious 📩 How to Apply Send your CV to: 📧 [email protected] Subject line: MAY 2026 APPLICATION-Chonburi/Rayong Or apply online: 🌐 mediakidsacademy.com/apply-now 🎬 Learn more about teaching with us Follow us on TikTok: 👉 tiktok.com/@mediakidsacademy 🎥 Hear directly from our teachers: ▶ https://youtu.be/9tbKWX6ZywY ▶ https://youtu.be/ZvkpOdo1TgI ▶ https://youtu.be/sdjmsPWYU38","🌏Native English Teachers Wanted – May 2026 Start!
📍Uttaradit, Thailand
MediaKids Academy is currently hiring native English-speaking teachers to join our Special Program starting May 2026.
If you’re passionate about teaching, eager to experience Thai culture, and looking for a supportive team, we would love to hear from you!
💼 Benefits Package
• Salary: 35,000–40,000 THB per month
• Housing allowance: 3,000 THB per month
• Free Work Permit provided
• Non-B visa reimbursement: 3,000 THB
• Accident insurance included
• Paid Thai public holidays
• Full curriculum and teaching materials provided
• Dedicated support team to assist with visas, documentation, and classroom needs
👩‍🏫 Requirements
• Native English speaker (UK, USA, Canada, Australia, New Zealand, Ireland)
• Bachelor’s degree (any field)
• TEFL certificate or teaching experience preferred but not required
• Age 22–50
• Open-minded, adaptable, and culturally curious
📩 How to Apply
Send your CV to:
📧
[email protected]
Subject line: MAY 2026 APPLICATION-Chonburi/Rayong
Or apply online:
🌐
mediakidsacademy.com/apply-now
🎬 Learn more about teaching with us
Follow us on TikTok:
👉
tiktok.com/@mediakidsacademy
🎥 Hear directly from our teachers:
▶
https://youtu.be/9tbKWX6ZywY
▶
https://youtu.be/ZvkpOdo1TgI
▶
https://youtu.be/sdjmsPWYU38"
eslcafe-modern,secondary-english-teacher-needed-in-nakhon-na-2,https://www.eslcafe.com/postajob-detail/secondary-english-teacher-needed-in-nakhon-na-2,"Secondary English Teacher Needed in Nakhon Nayok , Thailand",MediaKids Academy,Nakhon Nayok,Thailand,"35,000–43,000",THB,Bachelor,,,May 2026,,https://mediakidsacademy.com/apply-now,2026-05-14 11:19,"🌏Native English Teachers Wanted – May 2026 Start! 📍Nakhonnayok, Thailand MediaKids Academy is currently hiring native English-speaking teachers to join our Special Program starting May 2026. If you’re passionate about teaching, eager to experience Thai culture, and looking for a supportive team, we would love to hear from you! 💼 Benefits Package • Salary: 35,000–43,000 THB per month • Housing allowance: 3,000 THB per month • Free Work Permit provided • Non-B visa reimbursement: 3,000 THB • Accident insurance included • Paid Thai public holidays • Full curriculum and teaching materials provided • Dedicated support team to assist with visas, documentation, and classroom needs 👩‍🏫 Requirements • Native English speaker (UK, USA, Canada, Australia, New Zealand, Ireland) • Bachelor’s degree (any field) • TEFL certificate or teaching experience preferred but not required • Age 22–50 • Open-minded, adaptable, and culturally curious 📩 How to Apply Send your CV to: 📧 [email protected] Subject line: MAY 2026 APPLICATION-Chonburi/Rayong Or apply online: 🌐 mediakidsacademy.com/apply-now 🎬 Learn more about teaching with us Follow us on TikTok: 👉 tiktok.com/@mediakidsacademy 🎥 Hear directly from our teachers: ▶ https://youtu.be/9tbKWX6ZywY ▶ https://youtu.be/ZvkpOdo1TgI ▶ https://youtu.be/sdjmsPWYU38","🌏Native English Teachers Wanted – May 2026 Start!
📍Nakhonnayok, Thailand
MediaKids Academy is currently hiring native English-speaking teachers to join our Special Program starting May 2026.
If you’re passionate about teaching, eager to experience Thai culture, and looking for a supportive team, we would love to hear from you!
💼 Benefits Package
• Salary: 35,000–43,000 THB per month
• Housing allowance: 3,000 THB per month
• Free Work Permit provided
• Non-B visa reimbursement: 3,000 THB
• Accident insurance included
• Paid Thai public holidays
• Full curriculum and teaching materials provided
• Dedicated support team to assist with visas, documentation, and classroom needs
👩‍🏫 Requirements
• Native English speaker (UK, USA, Canada, Australia, New Zealand, Ireland)
• Bachelor’s degree (any field)
• TEFL certificate or teaching experience preferred but not required
• Age 22–50
• Open-minded, adaptable, and culturally curious
📩 How to Apply
Send your CV to:
📧
[email protected]
Subject line: MAY 2026 APPLICATION-Chonburi/Rayong
Or apply online:
🌐
mediakidsacademy.com/apply-now
🎬 Learn more about teaching with us
Follow us on TikTok:
👉
tiktok.com/@mediakidsacademy
🎥 Hear directly from our teachers:
▶
https://youtu.be/9tbKWX6ZywY
▶
https://youtu.be/ZvkpOdo1TgI
▶
https://youtu.be/sdjmsPWYU38"
eslcafe-modern,teach-in-thailand-with-bfits-46,https://www.eslcafe.com/postajob-detail/teach-in-thailand-with-bfits-46,Teach in Thailand with BFITS,BFITS,Thailand,Thailand,"42,300 THB per month plus 500 THB per hour overtime",THB,Bachelor,,12 months,,,https://www.facebook.com/BFITSThailandPage,2026-05-11,"BFITS is a leading education provider in Thailand, servicing 25+ schools nationwide. We offer a competitive package with a full support team. Get hired and trained to teach and thrive at one of our Thai schools. APPLY HERE: https://brightfutureinternationaltrainingservices.applytojob.com/apply/JNePdFIdRZ/English-Math-Science-Teachers-Thailand?source=https%3A%2F%2Fwww.eslcafe.com%2F BENEFITS: 42,300 THB (EP/Content) salary per month plus 500 THB per hour if overtime 12-month (EP/Content) academic year contract that can be extended for additional years and additional benefits. *No unpaid months or reduced pay due to school holidays or reduced teaching hours* Visa cost reimbursement up to 9,000 THB Work permit and teaching license waiver paid by BFITS Monthly supplemental attendance bonus of 750 THB per month End of Contract bonus up to 36,000 THB Guaranteed yearly 3% cost of living pay increase minimum Medical Insurance Dental Insurance 2-4 weeks paid vacation (an additional week for every additional year of employment) All Thai government holidays off with pay (13-15 days annually) *These are mandatory government holidays in addition to the paid vacation. 4-7 Paid personal/sick days (unused personal days reimbursed at 500 THB per day at the end of the contract). Assistance (if needed) in locating housing Airport pickup (if needed) Yearly professional development and training workshops 30% discount on teaching certifications and micro-credentials with Bridge TEFL Group Supporti","BFITS is a leading education provider in Thailand, servicing 25+ schools nationwide. We offer a competitive package with a full support team. Get hired and trained to teach and thrive at one of our Thai schools.
APPLY HERE:
https://brightfutureinternationaltrainingservices.applytojob.com/apply/JNePdFIdRZ/English-Math-Science-Teachers-Thailand?source=https%3A%2F%2Fwww.eslcafe.com%2F
BENEFITS:
42,300 THB (EP/Content) salary per month plus 500 THB per hour if overtime
12-month (EP/Content) academic year contract that can be extended for additional years and additional benefits. *No unpaid months or reduced pay due to school holidays or reduced teaching hours*
Visa cost reimbursement up to 9,000 THB
Work permit and teaching license waiver paid by BFITS
Monthly supplemental attendance bonus of 750 THB per month
End of Contract bonus up to 36,000 THB
Guaranteed yearly 3% cost of living pay increase minimum
Medical Insurance
Dental Insurance
2-4 weeks paid vacation (an additional week for every additional year of employment)
All Thai government holidays off with pay (13-15 days annually) *These are mandatory government holidays in addition to the paid vacation.
4-7 Paid personal/sick days (unused personal days reimbursed at 500 THB per day at the end of the contract).
Assistance (if needed) in locating housing
Airport pickup (if needed)
Yearly professional development and training workshops
30% discount on teaching certifications and micro-credentials with Bridge TEFL Group
Supportive and solution-oriented management
WORKING CONDITIONS:
Teaching hours range from 15-20 hours a week.
Class sizes range from 25-35 students per class with air-conditioned classrooms, LCD projectors, Apple TV.
School hours are approximately 07.30-16.30 Monday to Friday.
Curriculum and lesson breakdowns are already developed and provided to the teacher.
All teaching materials are supplied by BFITS in paper or digital format: Textbooks, Slides, Online Learning Platforms, etc; However, teachers MUST develop their engaging lessons using the material given
** All EP classrooms are equipped with LCD projectors so PowerPoint/Google Slides experience is needed **
RESPONSIBILITIES:
Teach subject content to assigned classes as per the schedule provided.
Adapt and deliver the teaching resources provided by BFITS to suit students' needs.
Build and maintain positive relationships with students and school staff.
Maintain student grading/assessment using the company's Learning Management System.
Attend office meetings or professional development held during office hours (if/when needed).
MINIMUM REQUIREMENTS:
Must be a Native English Speaker (i.e. Passport from the USA, CANADA, UK, IRELAND, AUSTRALIA, or NEW ZEALAND)
Bachelor's Degree
Police Clearance (local or national)
Basic Office/IT Skills
--> APPLY FOR AVAILABLE POSITIONS USING THE LINK BELOW <--
https://brightfutureinternationaltrainingservices.applytojob.com/apply/JNePdFIdRZ/English-Math-Science-Teachers-Thailand?source=https%3A%2F%2Fwww.eslcafe.com%2F
Instagram: BFITSThailand
LinkedIn:
https://www.linkedin.com/showcase/bfits-thailand/
Facebook:
https://www.facebook.com/BFITSThailandPage
Website:
https://www.BFITSthailand.com"
eslcafe-modern,fulltime-teacher-in-suratthani-thailand-4,https://www.eslcafe.com/postajob-detail/fulltime-teacher-in-suratthani-thailand-4,"Fulltime IB PYP Homeroom Teacher - Suratthani, Thailand",Suratthani International School,Suratthani,Thailand,"50,000+",THB,Bachelor,,,,opalzhang@yahoo.com,,2026-05-09,"Join a Community Where Global Standards Meet a Livable Lifestyle! ​ Suratthani International School ( stis.ac.th ) is proud to be the only globally accredited international school in Suratthani town offering the IB Primary Years Programme (PYP). We are a friendly, close-knit community that delivers world-class education while celebrating the unique spirit and culture of Southern Thailand. ​We are seeking passionate, forward-thinking educators to join our team for the upcoming academic year: ​Early Years Homeroom Teacher Lower Primary Homeroom Teacher Upper Primary Homeroom Teacher (Experience as a Science and Maths specialist is a significant advantage) PE specialist ​ Why Choose STIS? ​We offer a professional environment where your growth is a priority and your work-life balance is respected. ​Guaranteed 40+ Paid Holidays: Generous time to recharge and explore Competitive Compensation: Monthly package starting from ฿ 50,000+ (commensurate with experience) ​Comprehensive Health Insurance: Ensuring your well-being is covered IB Professional Development: Continuous opportunities to refine your craft through official IB training A Collaborative Culture: Join a dedicated faculty committed to agency, inquiry, and excellence ​ The Suratthani Lifestyle: ​Located in a charming, livable neighborhood, our campus offers the perfect blend of professional fulfillment and a relaxed, affordable lifestyle. Enjoy the comfort of a modern town with the beauty of Thailand’s world-famous islands","Join a Community Where Global Standards Meet a Livable Lifestyle!
​
Suratthani International School
(
stis.ac.th
) is proud to be the
only globally accredited
international school in Suratthani town offering the
IB Primary Years Programme (PYP).
We are a friendly, close-knit community that delivers world-class education while celebrating the unique spirit and culture of Southern Thailand.
​We are seeking passionate, forward-thinking educators to join our team for the upcoming academic year:
​Early Years Homeroom Teacher
Lower Primary Homeroom Teacher
Upper Primary Homeroom Teacher (Experience as a Science and Maths specialist is a significant advantage)
PE specialist
​
Why Choose STIS?
​We offer a professional environment where your growth is a priority and your work-life balance is respected.
​Guaranteed 40+ Paid Holidays: Generous time to recharge and explore
Competitive Compensation: Monthly package starting from
฿
50,000+ (commensurate with experience)
​Comprehensive Health Insurance: Ensuring your well-being is covered
IB Professional Development: Continuous opportunities to refine your craft through official IB training
A Collaborative Culture: Join a dedicated faculty committed to agency, inquiry, and excellence
​
The Suratthani Lifestyle:
​Located in a charming, livable neighborhood, our campus offers the perfect blend of professional fulfillment and a relaxed, affordable lifestyle. Enjoy the comfort of a modern town with the beauty of Thailand’s world-famous islands and beaches just a short journey away.
​
Requirements:
​A Bachelor’s degree in Education or a related field
​A student-centered mindset and a passion for inquiry-based
learning
​IB PYP experience is highly preferred and will be given first consideration
​Elevate your career in a school that is small in size but global in impact
​
How to Apply:
Please submit your CV and a brief cover letter outlining your teaching philosophy to
[email protected]
(please cc:
[email protected]
)
​STIS is an equal opportunity employer committed to safeguarding and promoting the welfare of students.
To apply, email
[email protected]"
eslcafe-modern,secondary-english-teacher-needed-in-nakhon-na-1,https://www.eslcafe.com/postajob-detail/secondary-english-teacher-needed-in-nakhon-na-1,"Secondary English Teacher Needed in Nakhon Nayok , Thailand",MediaKids Academy,Nakhon Nayok,Thailand,"35,000–43,000",THB,Bachelor,,,May 2026,,https://mediakidsacademy.com/apply-now,2026-05-08 08:27,"🌏 Native English Teachers Wanted – May 2026 Start! 📍Nakhonnayok, Thailand MediaKids Academy is currently hiring native English-speaking teachers to join our Special Program starting May 2026. If you’re passionate about teaching, eager to experience Thai culture, and looking for a supportive team, we would love to hear from you! 💼 Benefits Package • Salary: 35,000–43,000 THB per month • Housing allowance: 3,000 THB per month • Free Work Permit provided • Non-B visa reimbursement: 3,000 THB • Accident insurance included • Paid Thai public holidays • Full curriculum and teaching materials provided • Dedicated support team to assist with visas, documentation, and classroom needs 👩‍🏫 Requirements • Native English speaker (UK, USA, Canada, Australia, New Zealand, Ireland) • Bachelor’s degree (any field) • TEFL certificate or teaching experience preferred but not required • Age 22–50 • Open-minded, adaptable, and culturally curious 📩 How to Apply Send your CV to: 📧 [email protected] Subject line: MAY 2026 APPLICATION-Chonburi/Rayong Or apply online: 🌐 mediakidsacademy.com/apply-now 🎬 Learn more about teaching with us Follow us on TikTok: 👉 tiktok.com/@mediakidsacademy 🎥 Hear directly from our teachers: ▶ https://youtu.be/9tbKWX6ZywY ▶ https://youtu.be/ZvkpOdo1TgI ▶ https://youtu.be/sdjmsPWYU38","🌏 Native English Teachers Wanted – May 2026 Start!
📍Nakhonnayok, Thailand
MediaKids Academy is currently hiring native English-speaking teachers to join our Special Program starting May 2026.
If you’re passionate about teaching, eager to experience Thai culture, and looking for a supportive team, we would love to hear from you!
💼 Benefits Package
• Salary: 35,000–43,000 THB per month
• Housing allowance: 3,000 THB per month
• Free Work Permit provided
• Non-B visa reimbursement: 3,000 THB
• Accident insurance included
• Paid Thai public holidays
• Full curriculum and teaching materials provided
• Dedicated support team to assist with visas, documentation, and classroom needs
👩‍🏫 Requirements
• Native English speaker (UK, USA, Canada, Australia, New Zealand, Ireland)
• Bachelor’s degree (any field)
• TEFL certificate or teaching experience preferred but not required
• Age 22–50
• Open-minded, adaptable, and culturally curious
📩 How to Apply
Send your CV to:
📧
[email protected]
Subject line: MAY 2026 APPLICATION-Chonburi/Rayong
Or apply online:
🌐
mediakidsacademy.com/apply-now
🎬 Learn more about teaching with us
Follow us on TikTok:
👉
tiktok.com/@mediakidsacademy
🎥 Hear directly from our teachers:
▶
https://youtu.be/9tbKWX6ZywY
▶
https://youtu.be/ZvkpOdo1TgI
▶
https://youtu.be/sdjmsPWYU38"
eslcafe-modern,secondary-english-teacher-needed-in-uttaradit-1,https://www.eslcafe.com/postajob-detail/secondary-english-teacher-needed-in-uttaradit-1,"Secondary English Teacher Needed in Uttaradit, Thailand",MediaKids Academy,Uttaradit,Thailand,"35,000–37,000",THB,Bachelor,,,May 2026,,https://mediakidsacademy.com/apply-now,2026-05-08 08:27,"🌏 Native English Teachers Wanted – May 2026 Start! 📍Uttaradit, Thailand MediaKids Academy is currently hiring native English-speaking teachers to join our Special Program starting May 2026. If you’re passionate about teaching, eager to experience Thai culture, and looking for a supportive team, we would love to hear from you! 💼 Benefits Package • Salary: 35,000–37,000 THB per month • Housing allowance: 3,000 THB per month • Free Work Permit provided • Non-B visa reimbursement: 3,000 THB • Accident insurance included • Paid Thai public holidays • Full curriculum and teaching materials provided • Dedicated support team to assist with visas, documentation, and classroom needs 👩‍🏫 Requirements • Native English speaker (UK, USA, Canada, Australia, New Zealand, Ireland) • Bachelor’s degree (any field) • TEFL certificate or teaching experience preferred but not required • Age 22–50 • Open-minded, adaptable, and culturally curious 📩 How to Apply Send your CV to: 📧 [email protected] Subject line: MAY 2026 APPLICATION-Chonburi/Rayong Or apply online: 🌐 mediakidsacademy.com/apply-now 🎬 Learn more about teaching with us Follow us on TikTok: 👉 tiktok.com/@mediakidsacademy 🎥 Hear directly from our teachers: ▶ https://youtu.be/9tbKWX6ZywY ▶ https://youtu.be/ZvkpOdo1TgI ▶ https://youtu.be/sdjmsPWYU38","🌏 Native English Teachers Wanted – May 2026 Start!
📍Uttaradit, Thailand
MediaKids Academy is currently hiring native English-speaking teachers to join our Special Program starting May 2026.
If you’re passionate about teaching, eager to experience Thai culture, and looking for a supportive team, we would love to hear from you!
💼 Benefits Package
• Salary: 35,000–37,000 THB per month
• Housing allowance: 3,000 THB per month
• Free Work Permit provided
• Non-B visa reimbursement: 3,000 THB
• Accident insurance included
• Paid Thai public holidays
• Full curriculum and teaching materials provided
• Dedicated support team to assist with visas, documentation, and classroom needs
👩‍🏫 Requirements
• Native English speaker (UK, USA, Canada, Australia, New Zealand, Ireland)
• Bachelor’s degree (any field)
• TEFL certificate or teaching experience preferred but not required
• Age 22–50
• Open-minded, adaptable, and culturally curious
📩 How to Apply
Send your CV to:
📧
[email protected]
Subject line: MAY 2026 APPLICATION-Chonburi/Rayong
Or apply online:
🌐
mediakidsacademy.com/apply-now
🎬 Learn more about teaching with us
Follow us on TikTok:
👉
tiktok.com/@mediakidsacademy
🎥 Hear directly from our teachers:
▶
https://youtu.be/9tbKWX6ZywY
▶
https://youtu.be/ZvkpOdo1TgI
▶
https://youtu.be/sdjmsPWYU38"
eslcafe-modern,secondary-english-teachers---udon-thani-thail-3,https://www.eslcafe.com/postajob-detail/secondary-english-teachers---udon-thani-thail-3,"Secondary English Teachers - Udon Thani, Thailand",MediaKids Academy,Udon Thani,Thailand,"40,000-47,000",THB,Bachelor,,,May 2026,,https://mediakidsacademy.com/apply-now/,,"We're looking for passionate individuals with a Bachelor's degree in English language to join our team for May 2026 semester. 🌈 Requirements: • Native English speakers only (UK, USA, Canada, Australia, New Zealand, Ireland) • Bachelor's degree related to English or related field from an accredited university • Teaching experience and/or TEFL is an advantage (but not required) • Age: 24-45 • Positive attitude, passion for teaching, and a desire to immerse in Thai culture 💼 Benefits: • Competitive salary: 40,000- 47,000THB • 3,000 THB accommodation allowance • Support from an experienced international team • Non-B work visa reimbursement: 3,000 THB • Free Work Permit • Hassle-free paperwork • Free accident insurance • Paid Thai public holidays • Full curriculum and textbooks provided ✉️ To Apply: Email [email protected] with the subject ""Udon Application"" or apply online at mediakidsacademy.com/apply-now/ 🎬 Check out more details and experiences on our TikTok: 👉 tiktok.com/@mediakidsacademy 🎥 Explore our YouTube channel for teacher videos and testimonials: https://youtu.be/9tbKWX6ZywY https://youtu.be/ZvkpOdo1TgI https://youtu.be/sdjmsPWYU38 We're eager to hear from you and make a positive impact together! 🌟","We're looking for passionate individuals with a Bachelor's degree in  English language to join our team for May 2026 semester.
🌈 Requirements:
• Native English speakers only (UK, USA, Canada, Australia, New Zealand, Ireland)
• Bachelor's degree related to English or related field from an accredited university
• Teaching experience and/or TEFL is an advantage (but not required)
• Age: 24-45
• Positive attitude, passion for teaching, and a desire to immerse in Thai culture
💼 Benefits:
• Competitive salary: 40,000- 47,000THB
• 3,000 THB accommodation allowance
• Support from an experienced international team
• Non-B work visa reimbursement: 3,000 THB
• Free Work Permit
• Hassle-free paperwork
• Free accident insurance
• Paid Thai public holidays
• Full curriculum and textbooks provided
✉️ To Apply:
Email
[email protected]
with the subject ""Udon Application"" or apply online at
mediakidsacademy.com/apply-now/
🎬 Check out more details and experiences on our TikTok: 👉
tiktok.com/@mediakidsacademy
🎥 Explore our YouTube channel for teacher videos and testimonials:
https://youtu.be/9tbKWX6ZywY
https://youtu.be/ZvkpOdo1TgI
https://youtu.be/sdjmsPWYU38
We're eager to hear from you and make a positive impact together! 🌟"
eslcafe-modern,nes-teacher-1,https://www.eslcafe.com/postajob-detail/nes-teacher-1,"NES teacher - Bangkok, Thailand",,"Bangkok / Nonthaburi, Thailand",Thailand,"36,000-42,000",THB,Bachelor,,12 months,11 May,praponb27@gmail.com,,2026-05-07 09:56,"Urgentl!!! Looking for NES teachers for Kindergarten and primary school in 2 areas, Bangkok and Nontaburi, the details as below; 1. Bangna, Bangkok, Thailand Needs 2 NES teachers for Kindergarten and primary, 1 European for primary. Salary is 36-42k, 12 months contract, 20 periods per week. Working hours from 7.30am-4.45pm. 2 Saturdays working for open house per year. Immediately demo and Start( on 11May) 2.Nontaburi(next to Bangkok), Thailand Nursery to Kindergarten 2-6 year)(star)Bilingual Program (English, Math, Weekly theme) 1. Nursery & K1 B and P 2. K2 B and P 3. K3 B and P (star)Inter Program ( English, math, science, life skills) 4. K2 Lion 5.. K2 Reindeer 6.. K3 Lion 7.. K3 Reindeer The salary is around 38-42k, 12 months contract, 20 periods per week, working hours from 7.30am-3.30pm. We will provide visa and work permit, accommodation helping. The applicants should graduated in Bachelor degree in any fields, at least 1 yr teaching experience in those positions. Please send yr CV, passport, degree, transcript and introduction clip. [email protected] To apply, email [email protected]","Urgentl!!! Looking for NES teachers for Kindergarten and primary school in 2 areas, Bangkok and Nontaburi,  the details as below;
1. Bangna, Bangkok, Thailand
Needs 2 NES teachers for Kindergarten and primary, 1 European for primary.
Salary is 36-42k, 12 months contract, 20 periods per week. Working hours from 7.30am-4.45pm. 2 Saturdays working for open house per year. Immediately demo and Start( on 11May)
2.Nontaburi(next to Bangkok), Thailand
Nursery to Kindergarten 2-6 year)(star)Bilingual Program (English, Math, Weekly theme)
1. Nursery & K1 B and P
2. K2 B and P
3. K3 B and P
(star)Inter Program ( English, math, science, life skills)
4. K2 Lion
5.. K2 Reindeer
6.. K3 Lion
7.. K3 Reindeer
The salary is around 38-42k, 12 months contract, 20 periods per week, working hours from 7.30am-3.30pm.
We will provide visa and work permit, accommodation helping.
The applicants should graduated in Bachelor degree in any fields,  at least 1 yr teaching experience in those positions.
Please send yr CV, passport, degree, transcript and introduction clip.
[email protected]
To apply, email
[email protected]"
ajarn,157901,https://www.ajarn.com/recruitment/jobs/157901/female-pe-teacher-in-bangkok,Female PE Teacher,,Bangkok,Thailand,20K-24K,THB,Bachelor,,2-year,3 August 2026,isteacherthailand@gmail.com,,16 hours ago,"Female PE Teacher Posted 16 hours ago This positions is open to Teachers who hold a degree in PE, teachers with other qualifications need not apply. Position: PE Teacher ( 3 August 2026 start date) Location: Bangkok, Thailand Requirements: Non-Native English Speakers with TOEIC score over 750. Start Date: 3 August 2026 Qualifications: Minimum Bachelor's Degree in Sports/PE. Compensation: 20K-24K depending on experience and qualifications Duties: Teaching PE teaching and, non-teaching periods support homeroom teachers Work days: Mon-Fri - with an occasional weekend for school activities, as mentioned above Working hours: 7:00 am - 4:00 pm Incentives/Benefits: - 2-year contract, renewed annually. - All Thai public holidays and up to 4 weeks holiday during out-of-school sessions - Group Insurance Our school: - We are currently a small, but rapidly growing school situated just outside of Bangkok city centre - Very manageable class sizes with no more than 15 pupils per class - Packed with wonderful teaching facilities and resources, and spacious rooms for the school pupils to thrive in - Opportunity to teach in our Afterschool Programme - Convenient location with 2 large shopping centres, and transportation to the city centre or nearby beach If you feel that you would be the right fit for us, then please send an email to [email protected] with the subject ""PE Teacher"" to learn more about the school and the position. We look forward to hearing from you. Send Resume You can either s","Female PE Teacher Posted 16 hours ago This positions is open to Teachers who hold a degree in PE, teachers with other qualifications need not apply. Position: PE Teacher ( 3 August 2026 start date) Location: Bangkok, Thailand Requirements: Non-Native English Speakers with TOEIC score over 750. Start Date: 3 August 2026 Qualifications: Minimum Bachelor's Degree in Sports/PE. Compensation: 20K-24K depending on experience and qualifications Duties: Teaching PE teaching and, non-teaching periods support homeroom teachers Work days: Mon-Fri - with an occasional weekend for school activities, as mentioned above Working hours: 7:00 am - 4:00 pm Incentives/Benefits: - 2-year contract, renewed annually. - All Thai public holidays and up to 4 weeks holiday during out-of-school sessions - Group Insurance Our school: - We are currently a small, but rapidly growing school situated just outside of Bangkok city centre - Very manageable class sizes with no more than 15 pupils per class - Packed with wonderful teaching facilities and resources, and spacious rooms for the school pupils to thrive in - Opportunity to teach in our Afterschool Programme - Convenient location with 2 large shopping centres, and transportation to the city centre or nearby beach If you feel that you would be the right fit for us, then please send an email to [email protected] with the subject ""PE Teacher"" to learn more about the school and the position. We look forward to hearing from you. Send Resume You can either send your resume to the employer yourself at the email address above, or you can create a resume on ajarn.com to easily send to employers at any time with just a few clicks! Create a resume on ajarn.com"
ajarn,157808,https://www.ajarn.com/recruitment/jobs/157808/nes-kindergarten-teacher-in-nonthaburi,NES Kindergarten Teacher,EP Plus Learning,Nonthaburi,Thailand,"From 45,000",THB,Bachelor,,,Immediate,jobepplus@gmail.com,,16 hours ago,"NES Kindergarten Teacher Posted 16 hours ago Kindergarten Teacher (Nonthaburi) EP Plus Learning, a well-established educational company with over 28 years of experience, is looking for passionate Kindergarten Teachers to join our growing team! We’re dedicated to inspiring young learners and creating a fun, engaging environment where children love to learn and grow. 💼 Position Details Level: Kindergarten (Pre-K to K3) Salary: From 45,000 THB/month (for teachers with at least 1 year of experience) Curriculum & materials provided Co-teaching with Thai and foreign assistant teachers Long-term position with professional growth opportunities Start Date: Immediate start 📍 School Location 1. Nakhon In Frontage Rd, Bang Kruai District, Nonthaburi 11130 ✅ Qualifications: Passport holder from UK, US, Ireland, New Zealand, Australia, or Canada (NES Teacher) Bachelor’s degree from an accredited university At least 1 year of teaching experience (preferred but not required) Creative, caring, and committed to helping students thrive Able to start immediately 🎁 Benefits Health insurance Work permit and visa support Free seminars and professional development Attendance and performance incentives Supportive and friendly work environment 📧 Apply now! Send your 1. Updated CV with a recent professional photo 2. Passport bio page 3. Degree/diploma & University transcripts 4. 1-2 minute short video introduction and other documents TO: [email protected] . NOTE: Only shortlisted applicants will be con","NES Kindergarten Teacher Posted 16 hours ago Kindergarten Teacher (Nonthaburi) EP Plus Learning, a well-established educational company with over 28 years of experience, is looking for passionate Kindergarten Teachers to join our growing team! We’re dedicated to inspiring young learners and creating a fun, engaging environment where children love to learn and grow. 💼 Position Details Level: Kindergarten (Pre-K to K3) Salary: From 45,000 THB/month (for teachers with at least 1 year of experience) Curriculum & materials provided Co-teaching with Thai and foreign assistant teachers Long-term position with professional growth opportunities Start Date: Immediate start 📍 School Location 1. Nakhon In Frontage Rd, Bang Kruai District, Nonthaburi 11130 ✅ Qualifications: Passport holder from UK, US, Ireland, New Zealand, Australia, or Canada (NES Teacher) Bachelor’s degree from an accredited university At least 1 year of teaching experience (preferred but not required) Creative, caring, and committed to helping students thrive Able to start immediately 🎁 Benefits Health insurance Work permit and visa support Free seminars and professional development Attendance and performance incentives Supportive and friendly work environment 📧 Apply now! Send your 1. Updated CV with a recent professional photo 2. Passport bio page 3. Degree/diploma & University transcripts 4. 1-2 minute short video introduction and other documents TO: [email protected] . NOTE: Only shortlisted applicants will be contacted through email. Please ensure that all required documents are submitted and clearly readable. Join us and make learning joyful every day! 🌟 Send Resume You can either send your resume to the employer yourself at the email address above, or you can create a resume on ajarn.com to easily send to employers at any time with just a few clicks! Create a resume on ajarn.com"
ajarn,157888,https://www.ajarn.com/recruitment/jobs/157888/qualified-female-nes-kindergarten-teacher-in-prachuap-khiri-khan,Qualified Female NES Kindergarten Teacher,Beaconhouse Yamsaard School Huahin Campus,Huahin,Thailand,"38,000-42,000",THB,Bachelor,,,June 2026,bellebysthailand@gmail.com,,21 hours ago,"Qualified Female NES Kindergarten Teacher Posted 21 hours ago Beaconhouse Yamsaard School Huahin campus is seeking dedicated and energetic Female Native English Speaking Teachers to join our Kindergarten this school year. We are looking for educators who are passionate about early childhood development and creating a vibrant learning environment. Start Date: June 2026 Location: Huahin Rolling admission Key responsibilities: Curriculum Delivery Student Reports and Assessments Parent Communication School Events Homeroom duties Requirements: Education: Bachelor’s Degree in Education (Priority) OR a General Bachelor's Degree with a TEFL/CELTA certificate. Experience: Minimum of 2 years of teaching experience in a Kindergarten setting. Documentation: * Authenticated Degree and Transcripts. Police Clearance from your country of origin. 2–3 Reference Letters from previous employers (including valid contact info) Benefits: 38,000-42,000 THB (commensurate with experience and degree, teachers with a Bachelor's degree in Education are prioritized) Paid annual leave and sick leave (available upon successful completion of the probationary period). Assistance with visa and work permit documentation SSO social security insurance, once the work permit is issued Please send your CV and application to: [email protected] [email protected] [email protected] Send Resume You can either send your resume to the employer yourself at the email address above, or you can create a resume on ajarn.com to","Qualified Female NES Kindergarten Teacher Posted 21 hours ago Beaconhouse Yamsaard School Huahin campus is seeking dedicated and energetic Female Native English Speaking Teachers to join our Kindergarten this school year. We are looking for educators who are passionate about early childhood development and creating a vibrant learning environment. Start Date: June 2026 Location: Huahin Rolling admission Key responsibilities: Curriculum Delivery Student Reports and Assessments Parent Communication School Events Homeroom duties Requirements: Education: Bachelor’s Degree in Education (Priority) OR a General Bachelor's Degree with a TEFL/CELTA certificate. Experience: Minimum of 2 years of teaching experience in a Kindergarten setting. Documentation: * Authenticated Degree and Transcripts. Police Clearance from your country of origin. 2–3 Reference Letters from previous employers (including valid contact info) Benefits: 38,000-42,000 THB (commensurate with experience and degree, teachers with a Bachelor's degree in Education are prioritized) Paid annual leave and sick leave (available upon successful completion of the probationary period). Assistance with visa and work permit documentation SSO social security insurance, once the work permit is issued Please send your CV and application to: [email protected] [email protected] [email protected] Send Resume You can either send your resume to the employer yourself at the email address above, or you can create a resume on ajarn.com to easily send to employers at any time with just a few clicks! Create a resume on ajarn.com"
ajarn,157898,https://www.ajarn.com/recruitment/jobs/157898/high-school-science-teacher-in-bangkok,High School Science Teacher,Assumption College (Secondary Section),Bangkok,Thailand,"60,000 Baht/month plus 15,000 Baht/month housing allowance",THB,Bachelor,,,Immediate / Negotiable,epacpersonnel@gmail.com,,21 hours ago,"High School Science Teacher Posted 21 hours ago ASSUMPTION COLLEGE (Secondary Section) Location: 26 Soi Charoenkrung 40, Bangrak, Bangkok 10500, Thailand Inspiring academic excellence since 1885, Assumption College is one of Thailand’s oldest and most prestigious all-boys schools, located in the heart of Bangkok. We are currently seeking dedicated and qualified teachers at the secondary level to join our English Program (EP) for the 2026 academic year. Vacant Position: Science Teacher Secondary Grades: 7–12 (M1–M6 | KS3–KS4) Anticipated Start Date: Immediate / Negotiable Application Deadline: Open Until Filled General Responsibilities: • Deliver English-medium instruction aligned with the school curriculum • Promote student development, well-being, and positive learning behaviours • Apply modern pedagogy, assessment methods, and educational technology • Maintain professional ethics in accordance with Teachers' Council of Thailand (Khurusapha) standards • Collaborate effectively with colleagues, parents, and the wider school community Minimum Requirements: • Bachelor’s degree or higher in a relevant field • Eligibility for Khurusapha professional licensing or a temporary teaching permit Desired Qualifications and Experience: • At least one (1) year of recent teaching experience, preferably at the secondary level • Demonstrated cultural awareness, respect for, and ability to work effectively within Thai cultural norms and practices • Secondary-level teaching experience preferre","High School Science Teacher Posted 21 hours ago ASSUMPTION COLLEGE (Secondary Section) Location: 26 Soi Charoenkrung 40, Bangrak, Bangkok 10500, Thailand Inspiring academic excellence since 1885, Assumption College is one of Thailand’s oldest and most prestigious all-boys schools, located in the heart of Bangkok. We are currently seeking dedicated and qualified teachers at the secondary level to join our English Program (EP) for the 2026 academic year. Vacant Position: Science Teacher Secondary Grades: 7–12 (M1–M6 | KS3–KS4) Anticipated Start Date: Immediate / Negotiable Application Deadline: Open Until Filled General Responsibilities: • Deliver English-medium instruction aligned with the school curriculum • Promote student development, well-being, and positive learning behaviours • Apply modern pedagogy, assessment methods, and educational technology • Maintain professional ethics in accordance with Teachers' Council of Thailand (Khurusapha) standards • Collaborate effectively with colleagues, parents, and the wider school community Minimum Requirements: • Bachelor’s degree or higher in a relevant field • Eligibility for Khurusapha professional licensing or a temporary teaching permit Desired Qualifications and Experience: • At least one (1) year of recent teaching experience, preferably at the secondary level • Demonstrated cultural awareness, respect for, and ability to work effectively within Thai cultural norms and practices • Secondary-level teaching experience preferred • Strong classroom management and communication skills • At least one verifiable professional reference, preferably from a direct supervisor • Computer literate, with familiarity in Microsoft Word, PowerPoint, file-sharing platforms, interactive whiteboards, Google for Education applications (e.g., Google Classroom), and Apple devices and educational technologies (e.g., iPad, MacBook). Experience integrating technology effectively into teaching and learning is highly desirable, as the school is actively developing toward Apple Distinguished School recognition. • Experience preparing students for international examinations (e.g., SAT) is an advantage • Familiarity with English Programs in Thailand and the Thai curriculum is desirable • Preference may be given to Native English Speakers (NES), particularly those holding citizenship from Australia, Canada, New Zealand, the United Kingdom, or the United States. However, all suitably qualified applicants with strong English-language proficiency and relevant teaching experience are encouraged to apply. Non-NES applicants should include evidence of English proficiency with their application, such as TOEIC, TOEFL, IELTS, or equivalent standardized test results. Additional / Specific Preferences: For Science Teacher Applicants- • Knowledge of and experience teaching General Science at the lower secondary level • Knowledge of and experience teaching Biology • Ability to teach additional science-related subjects is an advantage Other: • Shortlisted applicants must be available to participate in an interview and provide a live demonstration lesson at the school in Bangkok, Thailand What We Offer: • Competitive salary: 60,000 Baht/month plus 15,000 Baht/month housing allowance (before tax) • Convenient location: approximately a 10-minute walk from BTS Saphan Taksin Station • Free school lunch on working days • On-site parking available • Visa and work permit support • Assistance with opening a Thai bank account and payroll setup • End-of-contract bonus and consideration for performance-based salary increases • Paid leave, including personal leave, vacation leave, sick leave, national holidays, and semester breaks • Group health insurance (subject to insurer eligibility requirements) • Professional development and training opportunities • Opportunity to be part of a vibrant school community with cultural and festive events throughout the year How to Apply: Interested applicants should submit the following- • Detailed résumé/CV • Cover letter (optional but encouraged) • Relevant supporting documents (e.g., degree certificate, transcript, teaching licence, professional certificates, or other evidence of qualifications and subject-matter expertise relevant to the position) Please email applications to: [email protected] Please include the position title in the email subject line (e.g., Application for Science Teacher Position) Notes: • If you have applied within the last 12 months, your application is already on file; however, you may submit an updated application if desired • Due to the high volume of applications received, only shortlisted candidates will be contacted. We appreciate your interest and thank you for your understanding. Send Resume You can either send your resume to the employer yourself at the email address above, or you can create a resume on ajarn.com to easily send to employers at any time with just a few clicks! Create a resume on ajarn.com"
ajarn,157897,https://www.ajarn.com/recruitment/jobs/157897/nes-and-european-teachers-for-immediate-start-in-thailand,NES and European Teachers,"Bizznet International Co.,Ltd.","Saraburi, Mahasarakam, Samutprakarn and Bangkok",Thailand,competitive rates depending on experience,,,,,immediate,edutrain1@hotmail.com,,22 hours ago,"NES and European Teachers Posted 22 hours ago Our email for your application is [email protected] . We are currently recruiting for NES or European full time teaching positions in Saraburi, Mahasarakam, Samutprakarn and Bangkok for immediate start. We are looking for enthusiastic, highly motivated, active, responsible and adaptable native speakers to join our already well-established team of foreign teachers. Applicants must be culturally aware and willing to adapt to bring the best possible learning experience to our students. Friendly character and smart appearance a must! We offer competitive rates depending on experience. We have various positions available all over Thailand. Please send your resume including a recent photograph and scans of qualifications to [email protected] . Only shortlisted candidates will be contacted. Send Resume You can either send your resume to the employer yourself at the email address above, or you can create a resume on ajarn.com to easily send to employers at any time with just a few clicks! Create a resume on ajarn.com","NES and European Teachers Posted 22 hours ago Our email for your application is [email protected] . We are currently recruiting for NES or European full time teaching positions in Saraburi, Mahasarakam, Samutprakarn and Bangkok for immediate start. We are looking for enthusiastic, highly motivated, active, responsible and adaptable native speakers to join our already well-established team of foreign teachers. Applicants must be culturally aware and willing to adapt to bring the best possible learning experience to our students. Friendly character and smart appearance a must! We offer competitive rates depending on experience. We have various positions available all over Thailand. Please send your resume including a recent photograph and scans of qualifications to [email protected] . Only shortlisted candidates will be contacted. Send Resume You can either send your resume to the employer yourself at the email address above, or you can create a resume on ajarn.com to easily send to employers at any time with just a few clicks! Create a resume on ajarn.com"
ajarn,157896,https://www.ajarn.com/recruitment/jobs/157896/nes-primary-math-english-teacher-in-bangkok,NES Primary Math & English Teacher,Saint Dominic School,Bangkok,Thailand,"40,000-50,000",THB,Bachelor,,12 months,Immediate / As Soon As Possible,ajarn_mieder@hotmail.com,,1 day ago,"NES Primary Math & English Teacher Posted 1 day ago NES Primary Math & English Teacher (Thailand-Based Only) 📍 Saint Dominic School (Bangkok) — Direct Hire 📅 Start Date: Immediate / As Soon As Possible 📍 Central Bangkok (Makkasan) — walking distance from MRT Phetchaburi ⭐ This position is open to Native English Speakers only: USA, UK, Canada, Ireland, Australia, New Zealand, or South Africa. Applications from non-native speakers will not be considered. ⭐ Applicants must currently reside in Thailand and meet all minimum requirements. Applications that do not meet the criteria will not be considered. Saint Dominic School is a well-established Catholic (Salesian) institution with a strong academic reputation and over 1,300 students from Grades 1–12. We are seeking an experienced and professional teacher who can teach Primary Mathematics and English and contribute positively to our structured academic environment. ✅ AVAILABLE POSITION • Primary Mathematics & English Teacher (1 position) 📧 Submit applications to: [email protected] Class Structure • Typical class size: 20–30 students ⭐ PROFESSIONAL ROLE OVERVIEW Teachers at Saint Dominic School are expected to deliver consistent, well-planned instruction that supports measurable student progress and upholds clearly defined academic standards. We particularly welcome experienced, reliable classroom practitioners who can create engaging and age-appropriate learning experiences while maintaining strong classroom routines and a respect","NES Primary Math & English Teacher Posted 1 day ago NES Primary Math & English Teacher (Thailand-Based Only) 📍 Saint Dominic School (Bangkok) — Direct Hire 📅 Start Date: Immediate / As Soon As Possible 📍 Central Bangkok (Makkasan) — walking distance from MRT Phetchaburi ⭐ This position is open to Native English Speakers only: USA, UK, Canada, Ireland, Australia, New Zealand, or South Africa. Applications from non-native speakers will not be considered. ⭐ Applicants must currently reside in Thailand and meet all minimum requirements. Applications that do not meet the criteria will not be considered. Saint Dominic School is a well-established Catholic (Salesian) institution with a strong academic reputation and over 1,300 students from Grades 1–12. We are seeking an experienced and professional teacher who can teach Primary Mathematics and English and contribute positively to our structured academic environment. ✅ AVAILABLE POSITION • Primary Mathematics & English Teacher (1 position) 📧 Submit applications to: [email protected] Class Structure • Typical class size: 20–30 students ⭐ PROFESSIONAL ROLE OVERVIEW Teachers at Saint Dominic School are expected to deliver consistent, well-planned instruction that supports measurable student progress and upholds clearly defined academic standards. We particularly welcome experienced, reliable classroom practitioners who can create engaging and age-appropriate learning experiences while maintaining strong classroom routines and a respectful, culturally sensitive approach toward Thai traditions, the school community, and student development. 💼 SALARY & BENEFITS • 12-month contract • Salary range: 40,000–50,000 THB per month, based on qualifications and relevant experience; negotiable for exceptional candidates • Native English-speaking candidates with a Master’s degree in Education and a recognized teaching license may be offered a higher salary • Approximately 5 weeks paid school holidays plus Thai public holidays • 40 THB per workday coffee allowance • 12-month accident and emergency insurance • Work permit and visa assistance provided • Optional after-school teaching opportunities may be available for additional income • Modern air-conditioned classrooms with projector-equipped teaching spaces 🧾 KEY RESPONSIBILITIES • Teach both English and Mathematics at Primary level • Deliver structured, high-quality lessons aligned with school expectations and curriculum standards • Prepare semester course outlines and weekly lesson plans • Differentiate instruction for mixed-ability classes • Support the development of literacy and foundational numeracy skills • Prepare and administer assessments, including midterm and final examinations • Monitor student progress through regular grading and feedback • Ensure textbooks and worksheets are reviewed and graded regularly • Maintain accurate student records and submit grades following examination periods • Contribute to academic events, departmental collaboration, and school activities • Maintain a safe, organized, and disciplined classroom environment 🕒 WORKING SCHEDULE • Monday–Friday • 07:40–16:45 • Teaching load: approximately 20 periods per week 🎓 MINIMUM REQUIREMENTS Applicants must meet the following criteria: • Native English speaker only: USA, UK, Canada, Ireland, Australia, New Zealand, or South Africa • Bachelor’s degree or higher • Previous Primary teaching experience strongly preferred • Experience teaching Mathematics and/or English at Primary level preferred • Familiarity with phonics, literacy development, and foundational numeracy is an advantage • Teaching qualifications are strongly preferred, such as PGCE/PGCEi, BEd, MEd, CELTA, TEFL/TESOL, or equivalent • Experience teaching in Thailand is an advantage • Strong classroom management, professional reliability, and a collaborative work ethic • Must currently reside in Thailand • Must be available to begin immediately or as soon as possible 🎤 RECRUITMENT PROCESS & APPLICATION PROCEDURE — STRICTLY EMAIL ONLY Selection is competitive due to the high volume of qualified applicants. • Online interviews begin immediately • Applicants must currently reside in Thailand • Shortlisted candidates may be asked to complete a teaching demonstration 🚫 Walk-in applications cannot be accommodated. Candidates without a confirmed appointment will not be permitted to attend interviews or enter the recruitment process. 📌 ONLY CANDIDATES WHO MEET ALL STATED CRITERIA WILL BE CONTACTED. 📧 Submit applications to: [email protected] 📧 Email subject line: Teacher Application – Primary Mathematics & English Teacher 📝 REQUIRED DOCUMENTS 👉 IMPORTANT: Incomplete applications will not be shortlisted or processed. Your CV must clearly state: • Position title • School name and location • Grade level and subject(s) taught • Duration of employment Example format: Primary Math Teacher | Saint Dominic School, Bangkok, Thailand Grade 1 – Math | May 2021 – April 2026 (5 years) REQUIRED SUBMISSION: • CV / Resume • Degree certificate and academic transcripts • Degree attestation / authentication evidence, if available • Passport ID page and current visa pages • Recent professional photo, within 6 months • Two professional references • Thai contact number, email address, and LINE contact • Introduction video recorded specifically for Saint Dominic School 🎬 INTRODUCTION VIDEO REQUIREMENTS Your video must clearly include the following information: • Full name, nationality, and age • The position you are applying for • A brief summary of your academic qualifications • A concise overview of your Primary teaching experience, including school type, grade level, subject taught, and duration • Your current visa status and location in Thailand • Your key teaching strengths and classroom management approach • Your experience teaching English and Mathematics • Your reason for applying specifically to Saint Dominic School • Your availability to start and your long-term teaching plans in Thailand • Your expected monthly salary range Video guidelines: • Accepted formats: .mp4 / .avi / .mov • May be sent via attachment, Google Drive link, or YouTube link • Video must be prepared specifically for this application • Generic introduction videos will not be considered 📝 SHORTLISTING • Due to the high number of applications, only shortlisted candidates will be contacted • Qualified applicants who can start immediately are encouraged to apply early ✨ Join a structured and professionally led academic environment in central Bangkok and contribute to the continued advancement of a respected English Program. Send Resume You can either send your resume to the employer yourself at the email address above, or you can create a resume on ajarn.com to easily send to employers at any time with just a few clicks! Create a resume on ajarn.com"
ajarn,157894,https://www.ajarn.com/recruitment/jobs/157894/female-early-years-teacher-in-bangkok,Female Early Years Teacher,,Bangkok,Thailand,"50,000",THB,Bachelor,,1 year,"20th July, 2026",isteacherthailand@gmail.com,,1 day ago,"Female Early Years Teacher Posted 1 day ago We are currently recruiting a homeroom teacher for Early years in an International school in Bangkok. The positions starts on 20th July, 2026 and the school is located in Bangkok. The school details shall be shared with the shortlisted candidates. Responsibilities: As an Early Years Teacher, you will be responsible for nurturing students' academic development and overall well-being. You will also be a teacher for subjects taught under an International Curriculum. Requirements: - Female Native English speakers from the UK, Canada, Ireland, the US and South Africa - Minimum Bachelor's degree in any field with degree and transcripts on hand. - Classroom teaching experience in Thailand is a preferred. - References from previous employers are required. - Must respect Thai culture and values. The recruitment process shall consist of the following steps: 1. Initial Zoom Interview: Shortlisted candidates will be invited to participate in an initial Zoom interview with the recruitment team. 2. Verify References with the Current and Past Employers. 3. Face-to-Face Interview and Demo Class: Candidates who pass the initial interview will be invited to attend a face-to-face interview at the school. During this stage, candidates will be required to conduct a 45-minute demo class, which includes lesson plan submission prior to the school visit. Candidates will also be asked to verify their documents. 4. Contract Signing and Relocation: If selected","Female Early Years Teacher Posted 1 day ago We are currently recruiting a homeroom teacher for Early years in an International school in Bangkok. The positions starts on 20th July, 2026 and the school is located in Bangkok. The school details shall be shared with the shortlisted candidates. Responsibilities: As an Early Years Teacher, you will be responsible for nurturing students' academic development and overall well-being. You will also be a teacher for subjects taught under an International Curriculum. Requirements: - Female Native English speakers from the UK, Canada, Ireland, the US and South Africa - Minimum Bachelor's degree in any field with degree and transcripts on hand. - Classroom teaching experience in Thailand is a preferred. - References from previous employers are required. - Must respect Thai culture and values. The recruitment process shall consist of the following steps: 1. Initial Zoom Interview: Shortlisted candidates will be invited to participate in an initial Zoom interview with the recruitment team. 2. Verify References with the Current and Past Employers. 3. Face-to-Face Interview and Demo Class: Candidates who pass the initial interview will be invited to attend a face-to-face interview at the school. During this stage, candidates will be required to conduct a 45-minute demo class, which includes lesson plan submission prior to the school visit. Candidates will also be asked to verify their documents. 4. Contract Signing and Relocation: If selected, the candidate will be required to sign a contract and prepare to relocate near the school. We believe that this recruitment process will help us identify the most qualified and passionate candidates who can contribute to our school's mission and provide our students with the best education possible. Benefits: - 1st contract ends on June 19, 2027 the future contracts are for one or two year/s - Paid holidays, National Holidays, Paid days for Visa, Paid Preparation days, Work Permit, etc. - Social security or insurance - Non-B Visa renewal and work permit paid for and arranged by the School - Salary: Starting gross salary for this position is THB 50,000 Monday - Friday working days. If you are passionate about 21st Century Education and are willing to learn and explore new methods and ideas used in the classroom, we encourage you to apply by sending an email comprising of your resume along with a recent photo to [email protected] Only shortlisted candidates shall be contacted. Send Resume You can either send your resume to the employer yourself at the email address above, or you can create a resume on ajarn.com to easily send to employers at any time with just a few clicks! Create a resume on ajarn.com"
ajarn,157895,https://www.ajarn.com/recruitment/jobs/157895/female-primary-teacher-in-bangkok,Female Primary Teacher,,Bangkok,Thailand,"50,000",THB,Bachelor,,1 year,"20th July, 2026",isteacherthailand@gmail.com,,1 day ago,"Female Primary Teacher Posted 1 day ago We are currently seeking a Female Native English-Speaking Homeroom Teacher for the Early Primary Years (Student age 6-11) at an International school in Bangkok, Thailand. This position starts on 20th July, 2026. School details will be shared with shortlisted candidates. Responsibilities: As a Teacher, you will play a crucial role in nurturing students' academic growth and overall well-being. You will be responsible for teaching various subjects under an International Curriculum. Requirements: - Native English speaker from the UK, Canada, Ireland, South Africa or the US. (SA Teachers must score 950+ in TOEIC Test) - Bachelor's degree in any field (degree and transcripts must be on hand, notarized, and legalized, prior to the start of the job). - Classroom teaching experience in Thailand is beneficial.. - References from previous employers. - Must respect Thai culture and values. - Confident in teaching Grammar, Phonics, and Reading to Primary Year students. Recruitment Process: - Initial Zoom Interview – Shortlisted candidates will be invited for an online interview with the recruitment team. - Reference Check – We will verify references with current and past employers. - Face-to-Face Interview & Demo Class – Candidates who pass the initial interview will be invited to the school for an in-person interview and a 45-minute demo class, including lesson plan submission before the visit. Document verification will also take place at this sta","Female Primary Teacher Posted 1 day ago We are currently seeking a Female Native English-Speaking Homeroom Teacher for the Early Primary Years (Student age 6-11) at an International school in Bangkok, Thailand. This position starts on 20th July, 2026. School details will be shared with shortlisted candidates. Responsibilities: As a Teacher, you will play a crucial role in nurturing students' academic growth and overall well-being. You will be responsible for teaching various subjects under an International Curriculum. Requirements: - Native English speaker from the UK, Canada, Ireland, South Africa or the US. (SA Teachers must score 950+ in TOEIC Test) - Bachelor's degree in any field (degree and transcripts must be on hand, notarized, and legalized, prior to the start of the job). - Classroom teaching experience in Thailand is beneficial.. - References from previous employers. - Must respect Thai culture and values. - Confident in teaching Grammar, Phonics, and Reading to Primary Year students. Recruitment Process: - Initial Zoom Interview – Shortlisted candidates will be invited for an online interview with the recruitment team. - Reference Check – We will verify references with current and past employers. - Face-to-Face Interview & Demo Class – Candidates who pass the initial interview will be invited to the school for an in-person interview and a 45-minute demo class, including lesson plan submission before the visit. Document verification will also take place at this stage. - Teachers who are currently residing abroad shall have an online demo class. - Contract Signing & Relocation – Selected candidates will sign a contract and prepare for relocation near the school. We are committed to finding highly qualified, passionate educators who will contribute to our school's mission and provide exceptional learning experiences for our students. Benefits: - First contract finishes on 19th July , 2027; Second contract can be renewed for 1 year after that - Paid Holidays, National Holidays, and Paid Preparation Days. - Secure Temporary Teacher's License. - Registration with the Revenue Department. - Insurance coverage. - Non-B Visa & Work Permit: Paid for and arranged by the school. - Salary: Starting gross salary of THB 50,000 - Monday to Friday work days If you are passionate about 21st-century education, eager to explore innovative teaching methods, and ready to make a meaningful impact, we encourage you to apply! To apply, please send your resume along with a recent photo to [email protected] Only shortlisted candidates will be contacted. Send Resume You can either send your resume to the employer yourself at the email address above, or you can create a resume on ajarn.com to easily send to employers at any time with just a few clicks! Create a resume on ajarn.com"
ajarn,157890,https://www.ajarn.com/recruitment/jobs/157890/nes-kindergarten-teachers-in-nonthaburi,NES Kindergarten Teachers,EP Plus Learning,Bangkok,Thailand,"50,000 - 55,000",THB,Bachelor,,12 months,Immediately,jobepplus@gmail.com,,1 day ago,"NES Kindergarten Teachers Posted 1 day ago 🌈 Kindergarten Teachers – Bangkok EP Plus Learning, a well-established educational company with over 29 years of experience, is looking for a passionate and experienced Kindergarten Teacher to join our growing team! We’re dedicated to inspiring young learners and creating a fun, engaging environment where children love to learn and grow. APPLICANTS MUST ALREADY BE IN THAILAND & ABLE TO DO AN ON-SITE DEMO (REQUIRED) 💼 Position Details 1. NES Kindergarten Teacher (UK, US, Canada, Australia, Ireland, New Zealand, & South Africa only) 💰Salary: Starts 50,000 - 55,000 THB/month (depending on qualifications & teaching experience) 📍Location: Khwaeng Arun Amarin, Khet Bangkok Noi, Bangkok 10700 🚀Start Date: Immediately 2. NES Kindergarten Teacher (UK, US, Canada, Australia, Ireland, New Zealand, & South Africa only) 💰Salary: Starts 50,000 - 55,000 THB/month (depending on qualifications & teaching experience) 📍Location: Pradit Manutham Rd, Lat Phrao, Bangkok 10230 🚀Start Date: Immediately Curriculum & materials provided Co-teaching with Thai and foreign assistant teachers Long-term position with growth opportunities 🎁 Package & Benefits 🩺 Basic health and group insurance 📄 12-months contract; Renewable yearly contract depending on performance 🏥 Social Security 📅 Paid public holidays 🏖️ 4 weeks of paid vacation (2 weeks in December + 2 weeks in April) 🍽️ Free school lunch on working days 👕 Free school uniforms 🛂 Work permit & visa support ✅ Qua","NES Kindergarten Teachers Posted 1 day ago 🌈 Kindergarten Teachers – Bangkok EP Plus Learning, a well-established educational company with over 29 years of experience, is looking for a passionate and experienced Kindergarten Teacher to join our growing team! We’re dedicated to inspiring young learners and creating a fun, engaging environment where children love to learn and grow. APPLICANTS MUST ALREADY BE IN THAILAND & ABLE TO DO AN ON-SITE DEMO (REQUIRED) 💼 Position Details 1. NES Kindergarten Teacher (UK, US, Canada, Australia, Ireland, New Zealand, & South Africa only) 💰Salary: Starts 50,000 - 55,000 THB/month (depending on qualifications & teaching experience) 📍Location: Khwaeng Arun Amarin, Khet Bangkok Noi, Bangkok 10700 🚀Start Date: Immediately 2. NES Kindergarten Teacher (UK, US, Canada, Australia, Ireland, New Zealand, & South Africa only) 💰Salary: Starts 50,000 - 55,000 THB/month (depending on qualifications & teaching experience) 📍Location: Pradit Manutham Rd, Lat Phrao, Bangkok 10230 🚀Start Date: Immediately Curriculum & materials provided Co-teaching with Thai and foreign assistant teachers Long-term position with growth opportunities 🎁 Package & Benefits 🩺 Basic health and group insurance 📄 12-months contract; Renewable yearly contract depending on performance 🏥 Social Security 📅 Paid public holidays 🏖️ 4 weeks of paid vacation (2 weeks in December + 2 weeks in April) 🍽️ Free school lunch on working days 👕 Free school uniforms 🛂 Work permit & visa support ✅ Qualifications Bachelor’s degree in Early Childhood Education or a related field Minimum 1 year of teaching experience in a preschool or kindergarten At least 1 reference letter from previous employment No prior criminal record Kind, friendly, and energetic; a positive role model for students and peers Highly organized, efficient, and an excellent communicator Motivated to support each child’s development and work well in a team setting 📧 How to Apply Send your updated CV, recent professional photo, passport biopage, degree, transcripts, reference letter, and a short video introduction to: 📩 [email protected] Follow the format for subject title: Name - Position - Location: Pradit Manutham Rd or Bangkok Noi 📌 Only shortlisted candidates will be contacted via email. No walk-ins. Send Resume You can either send your resume to the employer yourself at the email address above, or you can create a resume on ajarn.com to easily send to employers at any time with just a few clicks! Create a resume on ajarn.com"
ajarn,157850,https://www.ajarn.com/recruitment/jobs/157850/filipino-science-math-teacher-in-thailand,Filipino Science / Math Teacher,MediaKids Academy,Chonburi and Buriram,Thailand,"25,000",THB,Bachelor,,,,hr@mediakidsacademy.com,,1 day ago,"Filipino Science / Math Teacher Posted 1 day ago 📍 Chonburi and Buriram, Thailand MediaKids Academy is currently looking for a passionate and experienced Filipino Secondary/Primary Science or Math Teacher currently located in Thailand to join our team. This role is ideal for teachers who enjoy teaching mathematics or science to students and creating an engaging and supportive classroom environment. 🧑‍🏫 Position Details - Teach Secondary Level Mathematics (all levels) or Primary Level - Monday–Friday schedule (07:30 AM – 04:30 PM) - Supportive school environment - Curriculum and teaching support provided - Maximum 24 teaching periods per week 🎁 Benefits - Salary: 25,000 THB/month - Housing allowance: 3,000 THB/month - Free work permit & document support - Free accident insurance - Paid Thai public holidays - Full curriculum & textbooks provided - Free orientation & training ✅ Requirements - Filipino national currently located in Thailand - Experience teaching is advantage - Bachelor’s Degree, ideally with a Math or Science major or relate filed - TEFL/TESOL is an advantage (not required) - Positive attitude and professional classroom management skills - Passion for teaching and supporting students - Willingness to adapt and learn - Interest in Thai culture and working in Thailand 📩 Interested applicants are encouraged to apply with: Updated CV/Resume Short self-introduction video Degree certificate & transcripts Relevant teaching documents 📨 How to Apply Email: [email protecte","Filipino Science / Math Teacher Posted 1 day ago 📍 Chonburi and Buriram, Thailand MediaKids Academy is currently looking for a passionate and experienced Filipino Secondary/Primary Science or Math Teacher currently located in Thailand to join our team. This role is ideal for teachers who enjoy teaching mathematics or science to students and creating an engaging and supportive classroom environment. 🧑‍🏫 Position Details - Teach Secondary Level Mathematics (all levels) or Primary Level - Monday–Friday schedule (07:30 AM – 04:30 PM) - Supportive school environment - Curriculum and teaching support provided - Maximum 24 teaching periods per week 🎁 Benefits - Salary: 25,000 THB/month - Housing allowance: 3,000 THB/month - Free work permit & document support - Free accident insurance - Paid Thai public holidays - Full curriculum & textbooks provided - Free orientation & training ✅ Requirements - Filipino national currently located in Thailand - Experience teaching is advantage - Bachelor’s Degree, ideally with a Math or Science major or relate filed - TEFL/TESOL is an advantage (not required) - Positive attitude and professional classroom management skills - Passion for teaching and supporting students - Willingness to adapt and learn - Interest in Thai culture and working in Thailand 📩 Interested applicants are encouraged to apply with: Updated CV/Resume Short self-introduction video Degree certificate & transcripts Relevant teaching documents 📨 How to Apply Email: [email protected] Subject: Science/ Math Teacher Application Apply online: mediakidsacademy.com/apply-now/ Join MediaKids Academy and become part of a supportive teaching community in Thailand! ✨ Send Resume You can either send your resume to the employer yourself at the email address above, or you can create a resume on ajarn.com to easily send to employers at any time with just a few clicks! Create a resume on ajarn.com"
ajarn,157891,https://www.ajarn.com/recruitment/jobs/157891/secondary-english-social-studies-teachers-in-udon-thani,Secondary English / Social Studies Teachers,MediaKids Academy Thailand,Udon Thani,Thailand,"45,000 – 47,000",THB,Bachelor,,,May 2026,hr@mediakidsacademy.com,https://youtu.be/9tbKWX6ZywY,1 day ago,"Secondary English / Social Studies Teachers Posted 1 day ago 📢 Native English-Speaking Teachers Needed (English / Social Studies) 📍 Udon Thani | Start Date: May 2026 We are currently seeking enthusiastic and dedicated native English-speaking teachers for English and Social Studies positions starting in May 2026. Join our supportive team and enjoy teaching in a welcoming Thai school environment. 🌈 Requirements: •Native English speakers (UK, USA, Canada, Australia, New Zealand, Ireland) •Bachelor’s degree in English, Social Studies, or a related field from an accredited university •Teaching experience and/or TEFL certification is an advantage (not required) •Age: 24–45 •Positive attitude, adaptability, and a genuine passion for teaching •Willingness to embrace Thai culture and work collaboratively 💼 Salary & Benefits: •Competitive salary: 45,000 – 47,000 THB/month •Accommodation allowance: 3,000 THB/month •Non-B visa reimbursement: 3,000 THB •Free Work Permit •Comprehensive support from an experienced international team •Assistance with all visa and documentation processes •Free accident insurance •Paid Thai public holidays •Curriculum and teaching materials provided ⏰ Working Hours: Monday – Friday 7:30 AM – 4:30 PM ✉️ How to Apply: Please send your CV to [email protected] with the subject: ""Udon Application"" Or apply online at: mediakidsacademy.com/apply-now/ 🎬 Learn more about us: TikTok: tiktok.com/@mediakidsacademy 🎥 YouTube: https://youtu.be/9tbKWX6ZywY https://youtu.be/Z","Secondary English / Social Studies Teachers Posted 1 day ago 📢 Native English-Speaking Teachers Needed (English / Social Studies) 📍 Udon Thani | Start Date: May 2026 We are currently seeking enthusiastic and dedicated native English-speaking teachers for English and Social Studies positions starting in May 2026. Join our supportive team and enjoy teaching in a welcoming Thai school environment. 🌈 Requirements: •Native English speakers (UK, USA, Canada, Australia, New Zealand, Ireland) •Bachelor’s degree in English, Social Studies, or a related field from an accredited university •Teaching experience and/or TEFL certification is an advantage (not required) •Age: 24–45 •Positive attitude, adaptability, and a genuine passion for teaching •Willingness to embrace Thai culture and work collaboratively 💼 Salary & Benefits: •Competitive salary: 45,000 – 47,000 THB/month •Accommodation allowance: 3,000 THB/month •Non-B visa reimbursement: 3,000 THB •Free Work Permit •Comprehensive support from an experienced international team •Assistance with all visa and documentation processes •Free accident insurance •Paid Thai public holidays •Curriculum and teaching materials provided ⏰ Working Hours: Monday – Friday 7:30 AM – 4:30 PM ✉️ How to Apply: Please send your CV to [email protected] with the subject: ""Udon Application"" Or apply online at: mediakidsacademy.com/apply-now/ 🎬 Learn more about us: TikTok: tiktok.com/@mediakidsacademy 🎥 YouTube: https://youtu.be/9tbKWX6ZywY https://youtu.be/ZvkpOdo1TgI https://youtu.be/sdjmsPWYU38 We look forward to welcoming passionate teachers to our team and making a positive impact together! Send Resume You can either send your resume to the employer yourself at the email address above, or you can create a resume on ajarn.com to easily send to employers at any time with just a few clicks! Create a resume on ajarn.com"
ajarn,157892,https://www.ajarn.com/recruitment/jobs/157892/non-nes-english-teacher-in-nong-khai,Non-NES English Teacher,MediaKids Academy,Nong Khai,Thailand,"37,000 - 40,000",THB,,,,June 2026,hr@mediakidsacademy.com,,1 day ago,"Non-NES English Teacher Posted 1 day ago 📍 Immediate Teaching Opportunity in Nong Khai City, Thailand 🇹🇭 MediaKids Academy is currently seeking enthusiastic and adaptable foreign teachers for an immediate teaching position starting on June 2026 at the Nongkhai Provincial English Center in Nong Khai City. This is a unique center-based teaching role supporting two partner schools within the city area. ✨ Why Nong Khai? Nong Khai is a welcoming city along the Mekong River near the Laos border, known for its relaxed lifestyle, affordable living, and strong expat community. Unlike more rural areas, Nong Khai offers convenient city living while still providing an authentic Thai cultural experience. Currently, MediaKids Academy supports over 16 foreign teachers in the Nong Khai area, with many teachers renewing for multiple semesters due to the supportive environment and positive school community. 📚 Position Details • Program: ECDMM Program • Student Level: High School Students • Maximum Teaching Load: 24 classes per week • Team Environment: Work alongside 3 foreign teachers at the learning center and a larger international team in the area 🗓 Schedule Information • Flexible rotating schedule arranged by the Learning Center Director • Students may be grouped from different schools • Classes may include after-school programs and occasional weekend sessions • Rotating days off among teachers • No fixed weekly schedule due to student enrollment arrangements 💰 Employment Package • Salary:","Non-NES English Teacher Posted 1 day ago 📍 Immediate Teaching Opportunity in Nong Khai City, Thailand 🇹🇭 MediaKids Academy is currently seeking enthusiastic and adaptable foreign teachers for an immediate teaching position starting on June 2026 at the Nongkhai Provincial English Center in Nong Khai City. This is a unique center-based teaching role supporting two partner schools within the city area. ✨ Why Nong Khai? Nong Khai is a welcoming city along the Mekong River near the Laos border, known for its relaxed lifestyle, affordable living, and strong expat community. Unlike more rural areas, Nong Khai offers convenient city living while still providing an authentic Thai cultural experience. Currently, MediaKids Academy supports over 16 foreign teachers in the Nong Khai area, with many teachers renewing for multiple semesters due to the supportive environment and positive school community. 📚 Position Details • Program: ECDMM Program • Student Level: High School Students • Maximum Teaching Load: 24 classes per week • Team Environment: Work alongside 3 foreign teachers at the learning center and a larger international team in the area 🗓 Schedule Information • Flexible rotating schedule arranged by the Learning Center Director • Students may be grouped from different schools • Classes may include after-school programs and occasional weekend sessions • Rotating days off among teachers • No fixed weekly schedule due to student enrollment arrangements 💰 Employment Package • Salary: 37,000 - 40,000 THB/month • Housing Allowance: 3,000 THB/month • Free Work Permit provided • Non-B visa reimbursement: 3,000 THB • Accident insurance included • Paid Thai public holidays • Full curriculum and teaching materials provided • Dedicated support team to assist with visas, documentation, and classroom needs 🌏 Our teaching team includes educators from: Canada 🇨🇦 | Ireland 🇮🇪 | UK 🇬🇧 | Philippines 🇵🇭 | Turkey 🇹🇷 | USA 🇺🇸 We are looking for teachers who are: ✅ Flexible and adaptable ✅ Comfortable working in a dynamic learning environment ✅ Interested in long-term teaching opportunities in Thailand ✅ Passionate about supporting students in meaningful ways If you are interested in learning more about this opportunity, please send your: 📄 CV/Resume 🎥 Short introduction video 📘 Relevant teaching documents to MediaKids Academy Recruitment Team. "" Nongkhai Provincial English Center Application"" via https://mediakidsacademy.com/apply-now/ or This email address is being protected from spambots. You need JavaScript enabled to view it. Join a supportive international teaching community and experience life in one of Thailand’s most unique riverside cities! ✨ Send Resume You can either send your resume to the employer yourself at the email address above, or you can create a resume on ajarn.com to easily send to employers at any time with just a few clicks! Create a resume on ajarn.com"
ajarn,157893,https://www.ajarn.com/recruitment/jobs/157893/secondary-english-teacher-in-chon-buri,Secondary English Teacher,MediaKids Academy,Si Sa Ket & Sakonnakhon,Thailand,"33,000-35,000",THB,Bachelor,,,June 2026,hr@mediakidsacademy.com,https://youtu.be/9tbKWX6ZywY,1 day ago,"Secondary English Teacher Posted 1 day ago 🌏 Native English Teachers Wanted – June 2026 Start! 📍 Si Sa Ket & Sakonnakhon, Thailand MediaKids Academy is currently hiring native English-speaking teachers to join our ECD (English for Communication Development) Program starting June 2026. If you’re passionate about teaching, eager to experience Thai culture, and looking for a supportive team, we would love to hear from you! 💼 Benefits Package • Salary: 33,000–35,000 THB per month • Housing allowance: 3,000 THB per month • Free Work Permit provided • Non-B visa reimbursement: 3,000 THB • Accident insurance included • Paid Thai public holidays • Full curriculum and teaching materials provided • Dedicated support team to assist with visas, documentation, and classroom needs 👩‍🏫 Requirements • Native English speaker (UK, USA, Canada, Australia, New Zealand, Ireland) • Bachelor’s degree (any field) • TEFL certificate or teaching experience preferred but not required • Age 22–50 • Open-minded, adaptable, and culturally curious 📩 How to Apply Send your CV to: 📧 [email protected] Subject line: MAY 2026 APPLICATION-Si Sa Ket & Sakonnakhon Or apply online: 🌐 mediakidsacademy.com/apply-now 🎬 Learn more about teaching with us Follow us on TikTok: 👉 tiktok.com/@mediakidsacademy 🎥 Hear directly from our teachers: ▶ https://youtu.be/9tbKWX6ZywY ▶ https://youtu.be/ZvkpOdo1TgI ▶ https://youtu.be/sdjmsPWYU38 Send Resume You can either send your resume to the employer yourself at the email address","Secondary English Teacher Posted 1 day ago 🌏 Native English Teachers Wanted – June 2026 Start! 📍 Si Sa Ket & Sakonnakhon, Thailand MediaKids Academy is currently hiring native English-speaking teachers to join our ECD (English for Communication Development) Program starting June 2026. If you’re passionate about teaching, eager to experience Thai culture, and looking for a supportive team, we would love to hear from you! 💼 Benefits Package • Salary: 33,000–35,000 THB per month • Housing allowance: 3,000 THB per month • Free Work Permit provided • Non-B visa reimbursement: 3,000 THB • Accident insurance included • Paid Thai public holidays • Full curriculum and teaching materials provided • Dedicated support team to assist with visas, documentation, and classroom needs 👩‍🏫 Requirements • Native English speaker (UK, USA, Canada, Australia, New Zealand, Ireland) • Bachelor’s degree (any field) • TEFL certificate or teaching experience preferred but not required • Age 22–50 • Open-minded, adaptable, and culturally curious 📩 How to Apply Send your CV to: 📧 [email protected] Subject line: MAY 2026 APPLICATION-Si Sa Ket & Sakonnakhon Or apply online: 🌐 mediakidsacademy.com/apply-now 🎬 Learn more about teaching with us Follow us on TikTok: 👉 tiktok.com/@mediakidsacademy 🎥 Hear directly from our teachers: ▶ https://youtu.be/9tbKWX6ZywY ▶ https://youtu.be/ZvkpOdo1TgI ▶ https://youtu.be/sdjmsPWYU38 Send Resume You can either send your resume to the employer yourself at the email address above, or you can create a resume on ajarn.com to easily send to employers at any time with just a few clicks! Create a resume on ajarn.com"
ajarn,157880,https://www.ajarn.com/recruitment/jobs/157880/part-time-english-teacher-in,Part-time English Teacher,Phasorn Language School,Bangkok,Thailand,,,BA,,,,samsii09@hotmail.com,,1 day ago,"Part-time English Teacher Posted 1 day ago Part Time English Teacher from Monday to Sunday at Phasorn Language School 4, 4/5 Central Tower 15th Floor @Central World, Rajdamri Road, Pathumwan, Pathumwan, Bangkok 10300. We are looking for experienced native English speakers (UK., US, Australia, Canada and New Zealand), who can teach a variety of English classes including General Conversation, Business English, Grammar, Writing and preparation for TOEIC. Requirements are BA and a TOEFL certificate of at least 120 hours. be able to speak Japanese is a plus. If you are able to teach any levels of student, Please apply now and send resume at, [email protected] Send Resume You can either send your resume to the employer yourself at the email address above, or you can create a resume on ajarn.com to easily send to employers at any time with just a few clicks! Create a resume on ajarn.com","Part-time English Teacher Posted 1 day ago Part Time English Teacher from Monday to Sunday at Phasorn Language School 4, 4/5 Central Tower 15th Floor @Central World, Rajdamri Road, Pathumwan, Pathumwan, Bangkok 10300. We are looking for experienced native English speakers (UK., US, Australia, Canada and New Zealand), who can teach a variety of English classes including General Conversation, Business English, Grammar, Writing and preparation for TOEIC. Requirements are BA and a TOEFL certificate of at least 120 hours. be able to speak Japanese is a plus. If you are able to teach any levels of student, Please apply now and send resume at, [email protected] Send Resume You can either send your resume to the employer yourself at the email address above, or you can create a resume on ajarn.com to easily send to employers at any time with just a few clicks! Create a resume on ajarn.com"
ajarn,157886,https://www.ajarn.com/recruitment/jobs/157886/teacher-of-business-studies-in-bangkok,Teacher of Business Studies,Westminster College Bangkok,Bangkok,Thailand,"92,500 - 100,000 baht per month",THB,Bachelor,,12 months,September 2026,career@westminster.co.th,,2 days ago,"Teacher of Business Studies Posted 2 days ago About us Westminster College Bangkok is a private independent college close to BTS On Nut offering programmes for upper-secondary and sixth form students (equivalent M4+). Our current offering includes university preparation pathways, BTEC, GCSE, and A-level subjects. We strive for quality in our service and work hard to create a collegial and professional atmosphere where teachers can learn from our training team and from each other. We are currently looking for both Full time and Part time Teachers of Business Studies You should be able to teach: BTEC, GCSE & A-level Business Studies Starting date: September 2026 Employment requirements You will: Be a native English speaker from the United Kingdom, South Africa, United States, Canada, Ireland, Australia, or New Zealand or you must have equivalent IELTS 7.5 Hold a bachelor’s degree or higher in a relevant subject area. You will preferably: Have a minimum 2 years of experience in a similar role Hold an Internationally recognized teaching qualification (e.g., US teaching license, PGCE, QTS) Hold a TEFL certificate and have experience of teaching non-native speaker students Working requirements: In addition to your teaching, you will: participate in teacher CPD observations and training have an exceptionally professional attitude to teaching & other duties Benefits: Salary: 92,500 -100,000 baht per month full time (dependant on qualifications and experience) Health insurance Work pe","Teacher of Business Studies Posted 2 days ago About us Westminster College Bangkok is a private independent college close to BTS On Nut offering programmes for upper-secondary and sixth form students (equivalent M4+). Our current offering includes university preparation pathways, BTEC, GCSE, and A-level subjects. We strive for quality in our service and work hard to create a collegial and professional atmosphere where teachers can learn from our training team and from each other. We are currently looking for both Full time and Part time Teachers of Business Studies You should be able to teach: BTEC, GCSE & A-level Business Studies Starting date: September 2026 Employment requirements You will: Be a native English speaker from the United Kingdom, South Africa, United States, Canada, Ireland, Australia, or New Zealand or you must have equivalent IELTS 7.5 Hold a bachelor’s degree or higher in a relevant subject area. You will preferably: Have a minimum 2 years of experience in a similar role Hold an Internationally recognized teaching qualification (e.g., US teaching license, PGCE, QTS) Hold a TEFL certificate and have experience of teaching non-native speaker students Working requirements: In addition to your teaching, you will: participate in teacher CPD observations and training have an exceptionally professional attitude to teaching & other duties Benefits: Salary: 92,500 -100,000 baht per month full time (dependant on qualifications and experience) Health insurance Work permits and visa extensions will be provided Paid holiday 12-month contract renewable Annual bonus How to Apply: Please send your application materials to [email protected] Be sure to include the following in your email: 1. Subject Line: Clearly state BUSINESS 2. Cover Letter 3. Detailed Resume/CV: Include your name, nationality, phone number, educational background, relevant teaching experience and any relevant industry experience 4. Scan of passport photo page, degree/diploma, transcripts, and relevant certifications 5. Video Introduction: a short video file introducing yourself, stating the position you are applying for, and saying a little about your approach to teaching Due to the high number of applications we receive, only short-listed applicants will be contacted. You will be required to provide at least two professional references. We look forward to hearing from you! Westminster College Bangkok Send Resume You can either send your resume to the employer yourself at the email address above, or you can create a resume on ajarn.com to easily send to employers at any time with just a few clicks! Create a resume on ajarn.com"
ajarn,157885,https://www.ajarn.com/recruitment/jobs/157885/ict-teacher-native-non-native-teacher-in-chon-buri,NES / Non-NES ICT Teacher,Hastin International School,Pattaya,Thailand,"30,000-55,000",THB,Bachelor,,,,oranat@hastin.ac.th,,2 days ago,"NES / Non-NES ICT Teacher Posted 2 days ago -Teach ICT to Primary and Secondary students - Have a Bachelor's degree from an accredited university majoring in related fields -Have few years of experience working in a school environment -Able to work in Pattaya -Responsible and Teamwork -Please visit our website www.hastin.ac.th -Please email to [email protected] -Native teacher' s salary starts at 55,000 bath. Non-Native Teacher starts at 30,000 baht with TOEIC 700 Send Resume You can either send your resume to the employer yourself at the email address above, or you can create a resume on ajarn.com to easily send to employers at any time with just a few clicks! Create a resume on ajarn.com","NES / Non-NES ICT Teacher Posted 2 days ago -Teach ICT to Primary and Secondary students - Have a Bachelor's degree from an accredited university majoring in related fields -Have few years of experience working in a school environment -Able to work in Pattaya -Responsible and Teamwork -Please visit our website www.hastin.ac.th -Please email to [email protected] -Native teacher' s salary starts at 55,000 bath. Non-Native Teacher starts at 30,000 baht with TOEIC 700 Send Resume You can either send your resume to the employer yourself at the email address above, or you can create a resume on ajarn.com to easily send to employers at any time with just a few clicks! Create a resume on ajarn.com"
ajarn,157884,https://www.ajarn.com/recruitment/jobs/157884/secondary-math-teacher-in-chon-buri,Secondary Math Teacher,Hastin International School,Pattaya,Thailand,,,Bachelor,,,,oranat@hastin.ac.th,,2 days ago,"Secondary Math Teacher Posted 2 days ago -Teach Math to Secondary students aligned with Oxford International Curriculum -The candidate should have the following qualifications: -Have a Bachelor Degree majoring in Maths Teaching from an accredited university -Able to work in Pattaya -Have a few years of teaching experience in Maths -Team work and responsible -Toeic at least 700 -Please visit our website www.hastin.ac.th for location -Please send your resume to [email protected] . Send Resume You can either send your resume to the employer yourself at the email address above, or you can create a resume on ajarn.com to easily send to employers at any time with just a few clicks! Create a resume on ajarn.com","Secondary Math Teacher Posted 2 days ago -Teach Math to Secondary students aligned with Oxford International Curriculum -The candidate should have the following qualifications: -Have a Bachelor Degree majoring in Maths Teaching from an accredited university -Able to work in Pattaya -Have a few years of teaching experience in Maths -Team work and responsible -Toeic at least 700 -Please visit our website www.hastin.ac.th for location -Please send your resume to [email protected] . Send Resume You can either send your resume to the employer yourself at the email address above, or you can create a resume on ajarn.com to easily send to employers at any time with just a few clicks! Create a resume on ajarn.com"
ajarn,157883,https://www.ajarn.com/recruitment/jobs/157883/nes-grade-2-homeroom-teacher-cambridge-curriculum-in-nonthaburi,NES Grade 2 Homeroom Teacher (Cambridge Curriculum),Kasintorn Saint Peter School,Nonthaburi,Thailand,"47,000 – 52,000",THB,Bachelor,,1 year,June,ksp.hrd092023@gmail.com,,2 days ago,"NES Grade 2 Homeroom Teacher (Cambridge Curriculum) Posted 2 days ago Kasintorn Saint Peter School is seeking a dedicated and enthusiastic Native English-Speaking teacher to join our Primary Department for June start. We are looking for a professional educator who is passionate about student-centered learning and committed to creating a positive and engaging classroom environment. Available Position: - Grade 2 Homeroom Teacher Subjects include English, Mathematics, and Science (Cambridge Curriculum) Location: Nonthaburi, Thailand Conveniently located near the MRT Purple Line and one of the largest shopping malls in the area, with many modern condominiums, cafés, restaurants, gyms, and accommodation options. Free transportation is provided between the MRT station and the school. Qualifications: -Bachelor’s degree -Native English Speaker from USA, UK, Ireland, Canada, Australia, or New Zealand -Experience teaching primary students preferred -Positive attitude with passion for supporting young learners academically and socially Salary & Benefits: -Salary: 47,000 – 52,000 THB/month -Contract completion bonus -Visa and work permit provided and supported by the school -Renewable yearly contract -Paid school holidays, sick leave, and personal business leave -Curriculum, textbooks, and lesson plans provided -Thai teacher assistance in the classroom -Accident insurance coverage -Free daily lunch -Assistance with finding accommodation near the school Working Hours: Monday–Friday 8:00 A","NES Grade 2 Homeroom Teacher (Cambridge Curriculum) Posted 2 days ago Kasintorn Saint Peter School is seeking a dedicated and enthusiastic Native English-Speaking teacher to join our Primary Department for June start. We are looking for a professional educator who is passionate about student-centered learning and committed to creating a positive and engaging classroom environment. Available Position: - Grade 2 Homeroom Teacher Subjects include English, Mathematics, and Science (Cambridge Curriculum) Location: Nonthaburi, Thailand Conveniently located near the MRT Purple Line and one of the largest shopping malls in the area, with many modern condominiums, cafés, restaurants, gyms, and accommodation options. Free transportation is provided between the MRT station and the school. Qualifications: -Bachelor’s degree -Native English Speaker from USA, UK, Ireland, Canada, Australia, or New Zealand -Experience teaching primary students preferred -Positive attitude with passion for supporting young learners academically and socially Salary & Benefits: -Salary: 47,000 – 52,000 THB/month -Contract completion bonus -Visa and work permit provided and supported by the school -Renewable yearly contract -Paid school holidays, sick leave, and personal business leave -Curriculum, textbooks, and lesson plans provided -Thai teacher assistance in the classroom -Accident insurance coverage -Free daily lunch -Assistance with finding accommodation near the school Working Hours: Monday–Friday 8:00 AM – 4:40 PM (Fridays finish at 1:00 PM) How to Apply: Interested applicants are invited to send the following documents to: [email protected] Required Documents: -Updated CV/resume with recent photo -Copy of degree certificate and transcripts -Copy of passport and current visa page Only shortlisted candidates will be contacted for an interview Send Resume You can either send your resume to the employer yourself at the email address above, or you can create a resume on ajarn.com to easily send to employers at any time with just a few clicks! Create a resume on ajarn.com"
ajarn,157881,https://www.ajarn.com/recruitment/jobs/157881/school-liaison-officer-in-chiang-mai,School Liaison Officer,Kasintorn Saint James Chiang Mai School,Chiang Mai,Thailand,"Starting ฿18,000/month or more",THB,Bachelor,,12 months,,kasintorn.recruitment@gmail.com,,3 days ago,"School Liaison Officer Posted 3 days ago Location: Chiang Mai, Thailand Type: Full-time (On-site) Contract Duration: 12 months Salary: Starting ฿18,000/month or more based on applicant qualifications and work experience About Our School Kasintorn Saint James Chiang Mai School offers a dynamic trilingual education for students from Kindergarten up to Secondary, integrating the Thai national curriculum with international approaches. With a focus on moral integrity, innovative thinking and multilingual education, our school aims to deliver a global learning experience, as well as foster positive attitudes towards education, careers, and lifelong learning. About the Role The School Liaison Officer serves as a key link between foreign teacher staff and school management. The role focuses on supporting teachers, facilitating clear communication, and helping to ensure the smooth day-to-day operation of the school. Responsibilities include coordinating with various departments, assisting with administrative and staff-related processes, and helping to address questions, concerns, and requests from teaching staff. This position is ideal for someone who enjoys working with people, solving problems, and helping different teams work together effectively. The successful candidate will be a strong communicator who can work effectively with individuals from diverse backgrounds, manage multiple responsibilities, and remain organized in a fast-paced school environment. Key Responsibilities - A","School Liaison Officer Posted 3 days ago Location: Chiang Mai, Thailand Type: Full-time (On-site) Contract Duration: 12 months Salary: Starting ฿18,000/month or more based on applicant qualifications and work experience About Our School Kasintorn Saint James Chiang Mai School offers a dynamic trilingual education for students from Kindergarten up to Secondary, integrating the Thai national curriculum with international approaches. With a focus on moral integrity, innovative thinking and multilingual education, our school aims to deliver a global learning experience, as well as foster positive attitudes towards education, careers, and lifelong learning. About the Role The School Liaison Officer serves as a key link between foreign teacher staff and school management. The role focuses on supporting teachers, facilitating clear communication, and helping to ensure the smooth day-to-day operation of the school. Responsibilities include coordinating with various departments, assisting with administrative and staff-related processes, and helping to address questions, concerns, and requests from teaching staff. This position is ideal for someone who enjoys working with people, solving problems, and helping different teams work together effectively. The successful candidate will be a strong communicator who can work effectively with individuals from diverse backgrounds, manage multiple responsibilities, and remain organized in a fast-paced school environment. Key Responsibilities - Act as the primary liaison between teaching staff and school management. - Communicate school policies, procedures, announcements, and operational updates to staff. - Gather feedback, concerns, and requests from teachers and communicate them to the appropriate departments. - Follow up with teachers and staff to ensure timely resolution of staff-related requests or issues. - Coordinate communication and collaboration between academic, administrative, and support departments. - Support the onboarding and orientation of new teachers. - Assist with staff records, documentation and other administrative tasks. - Organize meetings, staff briefings, and internal communications. - Maintain accurate records and prepare reports as required. Skills and Qualifications - Ability to communicate professionally in English - Bachelor’s degree or higher, preferably in Education, Human Resources, Business Administration, or a related field - Previous experience in administration, human resources, education, or a related role is preferred - Strong communication and interpersonal skills - Ability to work effectively with people from diverse backgrounds - Strong organizational and time management skills - Ability to manage multiple tasks and priorities in a fast-paced environment - Strong problem-solving skills and attention to detail - Experience in a school or educational setting is an advantage - Knowledge of Thai labour regulations, visa/work permit processes, or education-related administration is an advantage Benefits include: - Paid holidays and leave in accordance with school policy - Opportunity for annual salary increase based on performance - Visa and work permit sponsorship - Free daily lunch - Accident insurance coverage Application Process Please send the following documents to [email protected] - Updated CV/Resume, including a recent, professional photograph - Copy of degree certificate(s) and academic transcript(s) - Copy of passport information page and current visa page (if applicable) Shortlisted candidates will be contacted for an interview. Should you have any further questions please feel free to contact us at [email protected] . Safe Guarding & Welfare Kasintorn Saint James Chiang Mai School is committed to safeguarding and promoting the welfare of children and maintaining a safe environment for all members of the school community. All appointments may be subject to verification of qualifications and relevant background checks. Send Resume You can either send your resume to the employer yourself at the email address above, or you can create a resume on ajarn.com to easily send to employers at any time with just a few clicks! Create a resume on ajarn.com"
ajarn,157879,https://www.ajarn.com/recruitment/jobs/157879/full-time-nes-teacher-in-nonthaburi,Full-time NES Teacher,Curiookids,Central Westgate,Thailand,"46,000",THB,TEFL,,,,thamonwan.k@curiookids.in.th,https://maps.app.goo.gl/PTohkWyfDvZHHr1a9,3 days ago,"Full-time NES Teacher Posted 3 days ago Are you passionate about teaching and looking for a flexible schedule? Join our dynamic team at Curiookids! Workplace : Curiookids, Central Westgate Location : https://maps.app.goo.gl/PTohkWyfDvZHHr1a9 ✨ Position: Full-Time Foreign English Teacher ✨ Rate: 46,000 THB ✨ Class Size: Maximum of 4–6 students ✨Aged : 3-12 years old ✨Working on weekends is required, with days off on weekdays 📌 Key Responsibilities: • Teach English to young learners in a fun and engaging way • Prepare and deliver lessons aligned with Curiookids’ curriculum • Monitor and report on students' progress • Participate in school events and activities 📌 Requirements: • Native English speaker or near-native proficiency • TEFL/TESOL/CELTA certification preferred • Experience teaching young children is a plus • Flexible and committed to delivering high-quality education ☎️ To Apply: Please send your resume and a self-introduction video to [email protected] or Line: 0858532021 Send Resume You can either send your resume to the employer yourself at the email address above, or you can create a resume on ajarn.com to easily send to employers at any time with just a few clicks! Create a resume on ajarn.com","Full-time NES Teacher Posted 3 days ago Are you passionate about teaching and looking for a flexible schedule? Join our dynamic team at Curiookids! Workplace : Curiookids, Central Westgate Location : https://maps.app.goo.gl/PTohkWyfDvZHHr1a9 ✨ Position: Full-Time Foreign English Teacher ✨ Rate: 46,000 THB ✨ Class Size: Maximum of 4–6 students ✨Aged : 3-12 years old ✨Working on weekends is required, with days off on weekdays 📌 Key Responsibilities: • Teach English to young learners in a fun and engaging way • Prepare and deliver lessons aligned with Curiookids’ curriculum • Monitor and report on students' progress • Participate in school events and activities 📌 Requirements: • Native English speaker or near-native proficiency • TEFL/TESOL/CELTA certification preferred • Experience teaching young children is a plus • Flexible and committed to delivering high-quality education ☎️ To Apply: Please send your resume and a self-introduction video to [email protected] or Line: 0858532021 Send Resume You can either send your resume to the employer yourself at the email address above, or you can create a resume on ajarn.com to easily send to employers at any time with just a few clicks! Create a resume on ajarn.com"
ajarn,157878,https://www.ajarn.com/recruitment/jobs/157878/pre-school-teacher-in,Nursery Teacher,Suratsawadee Phairoj School / TonKid House,Roi-Et / Khon Kaen,Thailand,"23,000 - 25,000",THB,Bachelor,,1 year,,sd.school.hrm@gmail.com,,3 days ago,"Nursery Teacher Posted 3 days ago Further information can be obtained by emailing: [email protected] Homeroom Teacher for Nursery (Nursery teacher for new classroom.) Initial monthly salary is 23,000 - 25,000THB. (Without accommodation) and depend on the experience (Excluded extra class) We looking for Teacher for 1. Suratsawadee Phairoj School (Roi-Et province) 2. TonKId House (KhonKaen province) Required qualifications - Bachelor's degree - Non-Native English Speaker or Native English Speaker - Currently in Thailand - Be positive thinking, enthusiastic, and able to work as a team. - Be passionate about teaching and child development. - If there are TOEIC scores and Certificate of TEFL, we will highly considerate. Responsibilities Nursery Teacher(female) : - Homeroom teacher for a bilingual class of Nursery (2-3 years old) - Teaching Phonics, Math, Science, Arts, conversation, and other related activities. - Teach with fun and play-based curriculum alongside learning by doing (We will provide training for you.) - Have Nursery teaching experience. (high considering) - Prepare lesson plans, Progress reports, and Teaching material. - Assisting class with Thai colleagues. - Do assign duties (the school’s duties). Working hours: Monday-Friday 7:30-17:00 Benefits - 12-month salary. (1-year contract) - Salary increases depending on performance. - Visa and work permit yearly processed and paid by the school. - Being part of an expanding school with a growing salary and growing caree","Nursery Teacher Posted 3 days ago Further information can be obtained by emailing: [email protected] Homeroom Teacher for Nursery (Nursery teacher for new classroom.) Initial monthly salary is 23,000 - 25,000THB. (Without accommodation) and depend on the experience (Excluded extra class) We looking for Teacher for 1. Suratsawadee Phairoj School (Roi-Et province) 2. TonKId House (KhonKaen province) Required qualifications - Bachelor's degree - Non-Native English Speaker or Native English Speaker - Currently in Thailand - Be positive thinking, enthusiastic, and able to work as a team. - Be passionate about teaching and child development. - If there are TOEIC scores and Certificate of TEFL, we will highly considerate. Responsibilities Nursery Teacher(female) : - Homeroom teacher for a bilingual class of Nursery (2-3 years old) - Teaching Phonics, Math, Science, Arts, conversation, and other related activities. - Teach with fun and play-based curriculum alongside learning by doing (We will provide training for you.) - Have Nursery teaching experience. (high considering) - Prepare lesson plans, Progress reports, and Teaching material. - Assisting class with Thai colleagues. - Do assign duties (the school’s duties). Working hours: Monday-Friday 7:30-17:00 Benefits - 12-month salary. (1-year contract) - Salary increases depending on performance. - Visa and work permit yearly processed and paid by the school. - Being part of an expanding school with a growing salary and growing career path. - 10 days Vacation days with paid during school holiday, 10 personal leaves and other Thai public holiday. - Monthly tuition fees paid as an extra on top of salary (teach during working hours 15.30-16.30). (Number of students depending on the performance of teaching) - Initial monthly salary is 23,000 - 25,000THB. (Without accommodation) and depend on the experience As a lead teacher in your classroom, you bring energy, fun, caring disposition, and follow the curriculum in place. You will have your own classroom to personalize and decorate with student creations creating an engaging environment the students feel comfortable and thrive. Classroom materials are provided to aid your own ideas and imagination. Story-telling and singing are a staple throughout the week along with lots of laughs as we learn. Please providing your resume or CV to our email : [email protected] Topic : ""Application for Nursery Teacher (Suratsawadee Phairoj School School/TonKid House School"" Send Resume You can either send your resume to the employer yourself at the email address above, or you can create a resume on ajarn.com to easily send to employers at any time with just a few clicks! Create a resume on ajarn.com"
ajarn,157877,https://www.ajarn.com/recruitment/jobs/157877/academic-mentor-english-foundations-specialist-in-bangkok,Academic Mentor & English Foundations Specialist,,Bangkok (BTS Ari),Thailand,800/hour,THB,,,,,advancedlearningbkk@gmail.com,,3 days ago,"Academic Mentor & English Foundations Specialist Posted 3 days ago Short Description: Work with Some of Thailand’s Most Exceptional Young Students near BTS Ari We are seeking a highly capable, energetic, and intellectually curious native English-speaking mentor to work closely with ambitious young students from some of Bangkok’s leading international schools. This is not a traditional tutoring position. Our students are part of a long-term Academic Foundations & Self-Discovery mentorship program designed to help highly capable children grow into future leaders, innovators, and globally competitive students. Sessions go far beyond grammar exercises or worksheets. The goal is to build strong reading, writing, communication, curiosity, and thinking skills through engaging discussions and carefully designed learning experiences. You will have the opportunity to become an important mentor figure in the lives of students during some of their most formative years. What Makes This Role Different - Work with highly motivated students and sophisticated families - Teach students who already attend some of Thailand’s top international schools - Help shape intellectual curiosity, confidence, communication, and long-term academic direction - Design engaging sessions using topics across science, business, psychology, world affairs, culture, technology, social issues, and more - Build real mentor relationships with students rather than simply “teaching English” Responsibilities - Mentor and","Academic Mentor & English Foundations Specialist Posted 3 days ago Short Description: Work with Some of Thailand’s Most Exceptional Young Students near BTS Ari We are seeking a highly capable, energetic, and intellectually curious native English-speaking mentor to work closely with ambitious young students from some of Bangkok’s leading international schools. This is not a traditional tutoring position. Our students are part of a long-term Academic Foundations & Self-Discovery mentorship program designed to help highly capable children grow into future leaders, innovators, and globally competitive students. Sessions go far beyond grammar exercises or worksheets. The goal is to build strong reading, writing, communication, curiosity, and thinking skills through engaging discussions and carefully designed learning experiences. You will have the opportunity to become an important mentor figure in the lives of students during some of their most formative years. What Makes This Role Different - Work with highly motivated students and sophisticated families - Teach students who already attend some of Thailand’s top international schools - Help shape intellectual curiosity, confidence, communication, and long-term academic direction - Design engaging sessions using topics across science, business, psychology, world affairs, culture, technology, social issues, and more - Build real mentor relationships with students rather than simply “teaching English” Responsibilities - Mentor and teach elementary and early middle school students - Teach English reading, writing, vocabulary, and communication skills through intellectually engaging content - Create customized lesson plans based on each student’s personality, strengths, and interests - Keep sessions positive, dynamic, and engaging for younger children who may become restless - Encourage curiosity, discussion, confidence, and critical thinking - Provide short progress updates after each session - Coordinate with senior mentors regarding student growth and development Ideal Candidate - Native English speaker from: USA UK Canada Australia New Zealand - Already based full-time in Thailand - Excellent English writing and communication skills - Warm, energetic, and highly engaging personality - Comfortable working with younger children and high-expectation families - Able to balance structure with creativity and adaptability - International school teaching or mentoring experience preferred Compensation - THB 800/hour - Minimum 1.5 hours per session - Long-term mentorship opportunities available for strong candidates Location - Conveniently located in central Bangkok, only a few minutes’ walk from BTS Ari. To Apply - Please send all the information below to [email protected] : CV / Resume Brief introduction Nationality Current location in Thailand Relevant teaching or mentoring experience Availability Send Resume You can either send your resume to the employer yourself at the email address above, or you can create a resume on ajarn.com to easily send to employers at any time with just a few clicks! Create a resume on ajarn.com"
ajarn,157869,https://www.ajarn.com/recruitment/jobs/157869/english-science-and-math-teachers-in-thailand,"English, Science, and Math Teachers",BFITS Thailand,Thailand,Thailand,"42,300",THB,Bachelor,,12 months,,teachenglish@bfitsthailand.com,https://brightfutureinternationaltrainingservices.applytojob.com/apply/vv8lHCUSCt/English-Math-Science-Teachers-Thailand?source=https%3A%2F%2Fwww.ajarn.com%2F,4 days ago,"English, Science, and Math Teachers Posted 4 days ago APPLY HERE: https://brightfutureinternationaltrainingservices.applytojob.com/apply/vv8lHCUSCt/English-Math-Science-Teachers-Thailand?source=https%3A%2F%2Fwww.ajarn.com%2F BENEFITS: -42,300 THB (EP/Content) salary per month plus 500 THB per hour if overtime -12-month (EP/Content) academic year contract that can be extended for additional years and additional benefits. *No unpaid months or reduced pay due to school holidays or reduced teaching hours* -Visa cost reimbursement up to 9,000 THB -Work permit and teaching license waiver paid by BFITS -Monthly supplemental attendance bonus of 750 THB per month -End of Contract bonus up to 36,000 THB -Guaranteed yearly 3% cost of living pay increase minimum -Medical Insurance -Dental Insurance -2-4 weeks paid vacation (an additional week for every additional year of employment) -All Thai government holidays off with pay (13-15 days annually) *These are mandatory government holidays in addition to the paid vacation. -4-7 Paid personal/sick days (unused personal days reimbursed at 500 THB per day at the end of the contract). -Assistance (if needed) in locating housing -Airport pickup (if needed) -Yearly professional development training is provided for free during school breaks -30% discount on teaching certifications and micro-credentials with Bridge TEFL Group -Supportive and solution-oriented management WORKING CONDITIONS: -Teaching hours range from 15-20 hours a week. -Class sizes","English, Science, and Math Teachers Posted 4 days ago APPLY HERE: https://brightfutureinternationaltrainingservices.applytojob.com/apply/vv8lHCUSCt/English-Math-Science-Teachers-Thailand?source=https%3A%2F%2Fwww.ajarn.com%2F BENEFITS: -42,300 THB (EP/Content) salary per month plus 500 THB per hour if overtime -12-month (EP/Content) academic year contract that can be extended for additional years and additional benefits. *No unpaid months or reduced pay due to school holidays or reduced teaching hours* -Visa cost reimbursement up to 9,000 THB -Work permit and teaching license waiver paid by BFITS -Monthly supplemental attendance bonus of 750 THB per month -End of Contract bonus up to 36,000 THB -Guaranteed yearly 3% cost of living pay increase minimum -Medical Insurance -Dental Insurance -2-4 weeks paid vacation (an additional week for every additional year of employment) -All Thai government holidays off with pay (13-15 days annually) *These are mandatory government holidays in addition to the paid vacation. -4-7 Paid personal/sick days (unused personal days reimbursed at 500 THB per day at the end of the contract). -Assistance (if needed) in locating housing -Airport pickup (if needed) -Yearly professional development training is provided for free during school breaks -30% discount on teaching certifications and micro-credentials with Bridge TEFL Group -Supportive and solution-oriented management WORKING CONDITIONS: -Teaching hours range from 15-20 hours a week. -Class sizes range from 25-35 students per class with air-conditioned classrooms, LCD projectors, Apple TV. -School hours are approximately 07.30-16.30 Monday to Friday. -Curriculum and lesson breakdowns are already developed and provided to the teacher. -All teaching materials are supplied by BFITS in paper or digital format: Textbooks, Slides, -Online Learning Platforms, etc; However, teachers MUST develop their engaging lessons using the material given ** All EP classrooms are equipped with LCD projectors so PowerPoint/Google Slides experience is needed ** RESPONSIBILITIES: -Teach subject content to assigned classes as per the schedule provided. -Adapt and deliver the teaching resources provided by BFITS to suit students' needs. -Build and maintain positive relationships with students and school staff. -Maintain student grading/assessment using the company's Learning Management System. -Attend office meetings or professional development held during office hours (if/when needed). MINIMUM REQUIREMENTS: Bachelor's Degree Police Clearance (can be local or national) Basic Office/IT Skills --> APPLY FOR AVAILABLE POSITIONS USING THE LINK BELOW <-- https://brightfutureinternationaltrainingservices.applytojob.com/apply/vv8lHCUSCt/English-Math-Science-Teachers-Thailand?source=https%3A%2F%2Fwww.ajarn.com%2F LinkedIn: https://www.linkedin.com/showcase/bfits-thailand/ Facebook: https://www.facebook.com/BFITSThailandPage Instagram: BFITSThailand​​​​​​​ Website: https://www.BFITSthailand.com Send Resume You can either send your resume to the employer yourself at the email address above, or you can create a resume on ajarn.com to easily send to employers at any time with just a few clicks! Create a resume on ajarn.com"
ajarn,157867,https://www.ajarn.com/recruitment/jobs/157867/chinese-teacher-in-nonthaburi,Chinese Teacher,International Christian School Nonthaburi,Nonthaburi,Thailand,,,Bachelor,,1 year,August,arthit.ektrakul@icsn.ac.th,,6 days ago,"Chinese Teacher Posted 6 days ago What you will find at ICSN - Ability to touch the lives of children and families who do not know Christ - Committed foreign staff team who sees the school as a ministry to the Thai community - Mix of Thai and North American staff - Great benefits - Opportunity to gain valuable experience living and working in South East Asia Full time staff benefits - Round trip airfare - Room and board - Health benefits - Paid holidays - PD Opportunity Full time staff requirements - Committed born again Christian, living a Christ-like life in both word and action - Heart for the nations and children - Bachelor’s degree in Education or related teaching field - Teaching license is highly recommended - 1 year commitment (August – May) How to apply: Please send CV/Resume and short introduction video Email to: [email protected] . Send Resume You can either send your resume to the employer yourself at the email address above, or you can create a resume on ajarn.com to easily send to employers at any time with just a few clicks! Create a resume on ajarn.com","Chinese Teacher Posted 6 days ago What you will find at ICSN - Ability to touch the lives of children and families who do not know Christ - Committed foreign staff team who sees the school as a ministry to the Thai community - Mix of Thai and North American staff - Great benefits - Opportunity to gain valuable experience living and working in South East Asia Full time staff benefits - Round trip airfare - Room and board - Health benefits - Paid holidays - PD Opportunity Full time staff requirements - Committed born again Christian, living a Christ-like life in both word and action - Heart for the nations and children - Bachelor’s degree in Education or related teaching field - Teaching license is highly recommended - 1 year commitment (August – May) How to apply: Please send CV/Resume and short introduction video Email to: [email protected] . Send Resume You can either send your resume to the employer yourself at the email address above, or you can create a resume on ajarn.com to easily send to employers at any time with just a few clicks! Create a resume on ajarn.com"
ajarn,157866,https://www.ajarn.com/recruitment/jobs/157866/primary-and-kindergarten-teachers-in-pathum-thani,Primary and Kindergarten Teachers,Ek Nar Nar School,"Rangsit, Pathumthani",Thailand,"45,750",THB,Bachelor,,12 months,,eknarnar@gmail.com,,6 days ago,"Primary and Kindergarten Teachers Posted 6 days ago PRIMARY AND KINDERGARTEN TEACHERS 45,750 Baht/month after probationary period Employment continuity 1,250 Baht/month (Direct hire, no agency involved) Bachelor's degree holders native speaker wanted at Ek Nar Nar School in Rangsit, Pathumthani. We are a private, IEP school. All classrooms are fitted with air conditioners, computers, air purifiers and projectors. Working hours are 7:30 am - 4:30 pm, Monday to Friday. Applicants will preferably already be located within Thailand. Applications will only be considered if the following application conditions are met: CV Copy of degree and transcripts Copy of passport ID and current visa pages Package includes: - 12 month contract - Employment continuity 1,250 Bath/month - Annual salary increase, base on service and performance - Free 12 month health insurance - Free breakfast and lunch - Free Microsoft 356 suit - VISA and work permit documentation organised our HR department Send Resume You can either send your resume to the employer yourself at the email address above, or you can create a resume on ajarn.com to easily send to employers at any time with just a few clicks! Create a resume on ajarn.com","Primary and Kindergarten Teachers Posted 6 days ago PRIMARY AND KINDERGARTEN TEACHERS 45,750 Baht/month after probationary period Employment continuity 1,250 Baht/month (Direct hire, no agency involved) Bachelor's degree holders native speaker wanted at Ek Nar Nar School in Rangsit, Pathumthani. We are a private, IEP school. All classrooms are fitted with air conditioners, computers, air purifiers and projectors. Working hours are 7:30 am - 4:30 pm, Monday to Friday. Applicants will preferably already be located within Thailand. Applications will only be considered if the following application conditions are met: CV Copy of degree and transcripts Copy of passport ID and current visa pages Package includes: - 12 month contract - Employment continuity 1,250 Bath/month - Annual salary increase, base on service and performance - Free 12 month health insurance - Free breakfast and lunch - Free Microsoft 356 suit - VISA and work permit documentation organised our HR department Send Resume You can either send your resume to the employer yourself at the email address above, or you can create a resume on ajarn.com to easily send to employers at any time with just a few clicks! Create a resume on ajarn.com"
ajarn,157865,https://www.ajarn.com/recruitment/jobs/157865/teacher-in-nakhon-si-thammarat,Female NES Kindergarten Teacher,Kiddy Brain Kindergarten,"Mueang District, Nakhon Si Thammarat",Thailand,"35,000-40,000",THB,,,,Immediate,mydna.nakhonsri@gmail.com,,6 days ago,"Female NES Kindergarten Teacher Posted 6 days ago 🌟 URGENT HIRING 🌟 Female Native English Kindergarten Teacher Kiddy Brain Kindergarten is looking for a Female Native English Speaker to teach a small group of children aged 2–3 years old. 📍 Location: Mueang District, Nakhon Si Thammarat, Southern Thailand About Our School: Kiddy Brain Kindergarten is a small, family-oriented kindergarten with fewer than 50 students in total. We provide a warm, supportive, and child-centered learning environment where children learn through play, exploration, and hands-on activities. Position: • Kindergarten Teacher • Teaching children aged 2–3 years old • Full-time position • Immediate start available Requirements: • Female Native English Speaker • Passionate about working with young children • Friendly, energetic, and caring personality • Kindergarten or Early Childhood teaching experience preferred • Able to work well as part of a team Benefits: • Salary: 35,000–40,000 THB per month • Free accommodation provided • Non-B Visa provided • Work Permit provided • Friendly and supportive working environment • Small class size Application Requirements: • CV/Resume • Recent photo • Introduction video • Teaching demonstration video (if available) Please send your application to the Kiddy Brain School Facebook Page. Send Resume You can either send your resume to the employer yourself at the email address above, or you can create a resume on ajarn.com to easily send to employers at any time with just a","Female NES Kindergarten Teacher Posted 6 days ago 🌟 URGENT HIRING 🌟 Female Native English Kindergarten Teacher Kiddy Brain Kindergarten is looking for a Female Native English Speaker to teach a small group of children aged 2–3 years old. 📍 Location: Mueang District, Nakhon Si Thammarat, Southern Thailand About Our School: Kiddy Brain Kindergarten is a small, family-oriented kindergarten with fewer than 50 students in total. We provide a warm, supportive, and child-centered learning environment where children learn through play, exploration, and hands-on activities. Position: • Kindergarten Teacher • Teaching children aged 2–3 years old • Full-time position • Immediate start available Requirements: • Female Native English Speaker • Passionate about working with young children • Friendly, energetic, and caring personality • Kindergarten or Early Childhood teaching experience preferred • Able to work well as part of a team Benefits: • Salary: 35,000–40,000 THB per month • Free accommodation provided • Non-B Visa provided • Work Permit provided • Friendly and supportive working environment • Small class size Application Requirements: • CV/Resume • Recent photo • Introduction video • Teaching demonstration video (if available) Please send your application to the Kiddy Brain School Facebook Page. Send Resume You can either send your resume to the employer yourself at the email address above, or you can create a resume on ajarn.com to easily send to employers at any time with just a few clicks! Create a resume on ajarn.com"
ajarn,157863,https://www.ajarn.com/recruitment/jobs/157863/subject-specific-teachers-for-secondary-in-bangkok,Subject Specific Teachers for Secondary,The Newton Group,Bangkok,Thailand,"50,000 per month",THB,Bachelor,,12 months,August 1st 2026,joshua.e@newton.ac.th,https://newton.ac.th/en,1 week ago,"Subject Specific Teachers for Secondary Posted 1 week ago The Newton Sixth Form School Background: The Newton Group was established in 2019 and is located in central Bangkok, a few minutes’ walk from Siam BTS. The schools are open for students in years 2-7 in the primary section and years 8-13 in the senior sections, focusing primarily on IGCSE, IAL (International A-Level), and BTEC curricula under Pearson Edexcel. The current teaching team is a mix of international teachers and Thai teachers with native-level English proficiency. For more information on the school and the programmes we offer, please visit our website at https://newton.ac.th/en Due to school growth and current teachers taking on new roles within the organisation, we are currently recruiting for next academic year starting in August 2026 with a preferred start date of August the 1st 2026. Details of the positions: Position 1: Physics Teacher for IGCSE (Years 10/11) and if qualified to also support with IAL (Years 12/13). Position 2: Lower Secondary General Science Teacher (Years 8/9). Position 3: Mathematics Teacher for IGCSE (Years 10/11) and if qualified to also support with IAL (Years 12/13). Position 4: Mathematics Teacher for primary level (Years 2-7) Position 5: IELTS Teacher (Years 11-13) Position 6: English Teacher for IGCSE and IELTS (Years 10-13) for our Creative Arts and Design School. *A background in literature and/or performing arts would be an advantage. Position 7: English/Humanities Teacher (Y","Subject Specific Teachers for Secondary Posted 1 week ago The Newton Sixth Form School Background: The Newton Group was established in 2019 and is located in central Bangkok, a few minutes’ walk from Siam BTS. The schools are open for students in years 2-7 in the primary section and years 8-13 in the senior sections, focusing primarily on IGCSE, IAL (International A-Level), and BTEC curricula under Pearson Edexcel. The current teaching team is a mix of international teachers and Thai teachers with native-level English proficiency. For more information on the school and the programmes we offer, please visit our website at https://newton.ac.th/en Due to school growth and current teachers taking on new roles within the organisation, we are currently recruiting for next academic year starting in August 2026 with a preferred start date of August the 1st 2026. Details of the positions: Position 1: Physics Teacher for IGCSE (Years 10/11) and if qualified to also support with IAL (Years 12/13). Position 2: Lower Secondary General Science Teacher (Years 8/9). Position 3: Mathematics Teacher for IGCSE (Years 10/11) and if qualified to also support with IAL (Years 12/13). Position 4: Mathematics Teacher for primary level (Years 2-7) Position 5: IELTS Teacher (Years 11-13) Position 6: English Teacher for IGCSE and IELTS (Years 10-13) for our Creative Arts and Design School. *A background in literature and/or performing arts would be an advantage. Position 7: English/Humanities Teacher (Years 10-13). The ability to support in one or more of the following humanities subjects would be preferred: Business, Psychology, Politics and/or History. Qualifications and experience: -Candidates should hold a bachelor’s degree or above in the relevant field and preferably a teaching qualification such as TEFL, CELTA or equivalent however this is not essential. -Candidates should have a minimum of one year’s experience delivering in-class teaching of their specialist subject with the relevant age group. -An understanding of the Pearson IGCSE and IAL programmes would be beneficial but not essential. -Preference will be given to native English speakers, especially those currently residing in Thailand and Thai nationals with native-level proficiency in English. Benefits: -Working hours: 08.30-17:30 Monday-Friday inclusive of a lunch break from 12:00-13:00. -Salary: Starting salary from 50,000 THB per month, depending on qualifications and experience, which will be reviewed after the probation period of 119 days. -Private health insurance is provided after passing probation. -Renewable 12-month contract. -Annual bonus equivalent to one month’s salary -All visa and work permit costs are fully covered by the school. - A return flight to your home country will be provided upon successful completion of the one-year contract. For those interested, please send a copy of your CV with a recent photo stating which position you are applying for and a short email introduction to [email protected] . Additionally, if you have any questions about the school or position please include these in your email. Due to the high number of applicants only shortlisted candidates will be contacted. Send Resume You can either send your resume to the employer yourself at the email address above, or you can create a resume on ajarn.com to easily send to employers at any time with just a few clicks! Create a resume on ajarn.com"
ajarn,157862,https://www.ajarn.com/recruitment/jobs/157862/native-english-speaking-teachers-in-bangkok,Native English-Speaking Teachers,Assumption College Primary Section,Bangkok,Thailand,"48,000",THB,Bachelor,,,Immediately,ensandeml_dpm@acp.ac.th,,1 week ago,"Native English-Speaking Teachers Posted 1 week ago 📢 Job Opportunity: English Native Speaker - Teacher (ENS) 1 Position Start Immediately Assumption College Primary Section, located in the central area of Bangkok, is seeking a dedicated and passionate Native English-Speaking Teacher (ENS) to join our team. 🔹 Position Summary Teach English to Grade 4-5 students, focusing on developing writing, speaking, reading, and listening skills. Deliver engaging and interactive lessons, maintain effective classroom management, and support students’ overall language development in a fun and positive learning environment. 🔹 Key Responsibilities Teach English to Grades 4-5 (20–25 periods per week) Develop students’ writing, speaking, reading, and listening skills Plan and deliver engaging, age-appropriate lessons Manage the classroom effectively and support student learning Collaborate with Thai and foreign teachers Participate in school activities, events, and meetings 🔹 Qualifications Bachelor’s degree in education or a related field Native English speaker (preferably from Canada, Ireland, New Zealand, the United Kingdom, Australia or the United States) Minimum of 1 year teaching experience (young learners preferred) Passionate, professional, and student-centered Able to engage in school activities such as dancing, singing, sports, and other events Energetic and capable of creating a fun and interactive classroom environment 🔹 Salary & Benefits Salary: 48,000 THB/month Annual increment of","Native English-Speaking Teachers Posted 1 week ago 📢 Job Opportunity: English Native Speaker - Teacher (ENS) 1 Position Start Immediately Assumption College Primary Section, located in the central area of Bangkok, is seeking a dedicated and passionate Native English-Speaking Teacher (ENS) to join our team. 🔹 Position Summary Teach English to Grade 4-5 students, focusing on developing writing, speaking, reading, and listening skills. Deliver engaging and interactive lessons, maintain effective classroom management, and support students’ overall language development in a fun and positive learning environment. 🔹 Key Responsibilities Teach English to Grades 4-5 (20–25 periods per week) Develop students’ writing, speaking, reading, and listening skills Plan and deliver engaging, age-appropriate lessons Manage the classroom effectively and support student learning Collaborate with Thai and foreign teachers Participate in school activities, events, and meetings 🔹 Qualifications Bachelor’s degree in education or a related field Native English speaker (preferably from Canada, Ireland, New Zealand, the United Kingdom, Australia or the United States) Minimum of 1 year teaching experience (young learners preferred) Passionate, professional, and student-centered Able to engage in school activities such as dancing, singing, sports, and other events Energetic and capable of creating a fun and interactive classroom environment 🔹 Salary & Benefits Salary: 48,000 THB/month Annual increment of 2,000 THB upon contract renewal Yearly Bonus Work permit and visa assistance provided Health insurance Paid holidays Supportive and collaborative working environment 🔹 How to Apply Please send your CV, cover letter, and a recent photo to: 📧 [email protected] Send Resume You can either send your resume to the employer yourself at the email address above, or you can create a resume on ajarn.com to easily send to employers at any time with just a few clicks! Create a resume on ajarn.com"
ajarn,157856,https://www.ajarn.com/recruitment/jobs/157856/music-and-pe-teacher-in-chiang-mai,Music and P.E Teacher,Bright Seeds International Kindergarten,,Thailand,,,,,,August 2026,info@brightseeds.ac.th,,1 week ago,"Music and P.E Teacher Posted 1 week ago Music & P.E. Teacher Position (Start August 2026) *Special Consideration for Teachers with Qualifications in MAPEH - Music, Arts, Physical Education, and Health* Qualifications & Experience - Experience in leading Music ,Drama and P.E. Class for young children (Aged 2-5) - Can play guitar / other musical instruments - Able to create lesson plans on Creative Play / Drama Play / Sports& Gym - Provides appropriate feedback on student progress. Guides student behavior. Maintains a climate conducive to learning. Communicates effectively with parents and/or community - Performs such other tasks and assumes such other duties as may from time to time be assigned by the administrator. Personal Qualities • Ability to inspire children with a love of learning • Ability to develop and challenge all children so that each child can achieve their best in the kindergarten • Willingness to contribute to all aspects of school life • Strong interpersonal-relations and team working skills • Ability to use ICT to enhance learning • Good administrative and organisational abilities • Good communication skills • Ability to understand the needs, challenges, and opportunities of an international school community • Rigorous can-do attitude and flexible approach How to Apply: • Apply Here or Email your cover letter, resume and 2 or more recent referees to [email protected] Our Vision: 'Nurturing young minds to become kind and happy lifelong learners' We aim to do t","Music and P.E Teacher Posted 1 week ago Music & P.E. Teacher Position (Start August 2026) *Special Consideration for Teachers with Qualifications in MAPEH - Music, Arts, Physical Education, and Health* Qualifications & Experience - Experience in leading Music ,Drama and P.E. Class for young children (Aged 2-5) - Can play guitar / other musical instruments - Able to create lesson plans on Creative Play / Drama Play / Sports& Gym - Provides appropriate feedback on student progress. Guides student behavior. Maintains a climate conducive to learning. Communicates effectively with parents and/or community - Performs such other tasks and assumes such other duties as may from time to time be assigned by the administrator. Personal Qualities • Ability to inspire children with a love of learning • Ability to develop and challenge all children so that each child can achieve their best in the kindergarten • Willingness to contribute to all aspects of school life • Strong interpersonal-relations and team working skills • Ability to use ICT to enhance learning • Good administrative and organisational abilities • Good communication skills • Ability to understand the needs, challenges, and opportunities of an international school community • Rigorous can-do attitude and flexible approach How to Apply: • Apply Here or Email your cover letter, resume and 2 or more recent referees to [email protected] Our Vision: 'Nurturing young minds to become kind and happy lifelong learners' We aim to do this by implementing the inspiring child-led Reggio Emilia approach as a platform for delivering the International Preschool Curriculum (IPC), the most internationally accepted early childhood education (ECE) curriculum in the world. Our Goal is for each child to develop a love for learning, to be well-rounded and equipped with the skills needed to be a responsible Global citizen. We are looking for a passionate, caring and creative Music & P.E. teacher to join our friendly founding team at Bright Seeds International Kindergarten. This is an exciting opportunity for a candidate who is adaptable and ready to build strong bonds with students, parents, and the community, while delivering high quality education that caters to every child’s needs. Send Resume You can either send your resume to the employer yourself at the email address above, or you can create a resume on ajarn.com to easily send to employers at any time with just a few clicks! Create a resume on ajarn.com"
ajarn,157855,https://www.ajarn.com/recruitment/jobs/157855/esl-teachers-in-surat-thani,ESL Teachers,The Language School,Surat Thani,Thailand,"400B per contact hour (minimum 32,000 Baht a month)",THB,Bachelor,,6 months,,dos@thelanguage.online,,1 week ago,"ESL Teachers Posted 1 week ago ESL Teachers - Nursery & Kindergarten Committed ESL Teacher Role: 20+ Hours with growth Teach in Surat Thani, Thailand The Language School We invite you to join our dream of educating and providing a better future for the children of Surat Thani. This is a great opportunity for someone to enjoy Thai culture and give back to the community. General Details Location: Surat Thani Level: Nursery, Kindergarten, Primary Work Days: Mon - Fri ( Sat – Sun classes also available) Contact Time: An average of 20 teaching hours per week during the semester, with opportunities for additional hours Class size: 16 students – 30 students General Job Description To teach in a primary school and private language school. Plan & teach lessons using the lesson plan guidelines and materials provided. Complete speaking and written assessments with the children using the test material provided. • 400B per contact hour (minimum 32,000 Baht a month) • Insurance provided, if needed • All 6 month work visa and permits paid • Semesterly contracts, renewable by mutual agreement based on satisfactory performance and operational needs Professional - Structured induction - Regular observations and constructive teaching feedback Key requirements to take this opportunity; • A native speaker from the U.S., U.K., Ireland, Canada, Australia, South Africa or New Zealand with a Degree. Fluent Non-Native speaking teachers with an Education Degree and TOEIC certification, may apply. • TEF","ESL Teachers Posted 1 week ago ESL Teachers - Nursery & Kindergarten Committed ESL Teacher Role: 20+ Hours with growth Teach in Surat Thani, Thailand The Language School We invite you to join our dream of educating and providing a better future for the children of Surat Thani. This is a great opportunity for someone to enjoy Thai culture and give back to the community. General Details Location: Surat Thani Level: Nursery, Kindergarten, Primary Work Days: Mon - Fri ( Sat – Sun classes also available) Contact Time: An average of 20 teaching hours per week during the semester, with opportunities for additional hours Class size: 16 students – 30 students General Job Description To teach in a primary school and private language school. Plan & teach lessons using the lesson plan guidelines and materials provided. Complete speaking and written assessments with the children using the test material provided. • 400B per contact hour (minimum 32,000 Baht a month) • Insurance provided, if needed • All 6 month work visa and permits paid • Semesterly contracts, renewable by mutual agreement based on satisfactory performance and operational needs Professional - Structured induction - Regular observations and constructive teaching feedback Key requirements to take this opportunity; • A native speaker from the U.S., U.K., Ireland, Canada, Australia, South Africa or New Zealand with a Degree. Fluent Non-Native speaking teachers with an Education Degree and TOEIC certification, may apply. • TEFL/TESOL certification • Enthusiastic with a can-do attitude. • Reliable and great with children • A desire and passion to make a difference! Application Process To apply, please email the following to [email protected] -A cover letter -A 1- 2 minute introduction video -Your CV/resume with a recent photograph -Teaching demonstration video (if available) Only shortlisted candidates will be contacted. Send Resume You can either send your resume to the employer yourself at the email address above, or you can create a resume on ajarn.com to easily send to employers at any time with just a few clicks! Create a resume on ajarn.com"
ajarn,157852,https://www.ajarn.com/recruitment/jobs/157852/nes-homeroom-teacher-in-pathum-thani,NES Homeroom Teacher,Saint Joseph Muang Ake,Rangsit,Thailand,"48,000",THB,Bachelor,,12 months,,kidsanookplaza@gmail.com,,1 week ago,"NES Homeroom Teacher Posted 1 week ago Native English Teachers for Native Kindergarten and Global Programs Saint Joseph Muang Ake (Rangsit Area) Saint Joseph Muang Ake is hiring Native English-Speaking Homeroom Teachers for Kindergarten 1–3 and Primary 1. This is a direct-hire position with the school. Our Native (Kindergarten) and Global (Primary 1) program focuses on providing young learners with daily, meaningful exposure to native English, building pronunciation, listening skills, and confidence through consistent interaction. Eligibility Requirement: • Native English Speakers ONLY • Applicants must hold a passport from: USA • UK • Ireland • Canada • Australia • New Zealand Applications that do not meet both requirements will not be considered or responded to. Salary, Bonuses & Financial Benefits • Base Salary: 48,000 THB A small, refundable security deposit is deducted during the 90-day probation period • 12-month contract (paid for all months) • Employment Continuity Bonus: 1,250 THB/month, accumulated and paid in full at contract completion • End-of-Contract Bonus: 10,000 – 40,000 THB, based on service and performance • Work Permit — fully covered by the school • Annual Salary Increase: Guaranteed 2–3%, performance-based • Paid School Breaks (after probation): April: 14-30 paid days (Based on Years) October: 2 paid weeks Christmas: Approximately 9 paid Days All Thai public holidays paid • Health & accident insurance (after probation) • Housing assistance (service only","NES Homeroom Teacher Posted 1 week ago Native English Teachers for Native Kindergarten and Global Programs Saint Joseph Muang Ake (Rangsit Area) Saint Joseph Muang Ake is hiring Native English-Speaking Homeroom Teachers for Kindergarten 1–3 and Primary 1. This is a direct-hire position with the school. Our Native (Kindergarten) and Global (Primary 1) program focuses on providing young learners with daily, meaningful exposure to native English, building pronunciation, listening skills, and confidence through consistent interaction. Eligibility Requirement: • Native English Speakers ONLY • Applicants must hold a passport from: USA • UK • Ireland • Canada • Australia • New Zealand Applications that do not meet both requirements will not be considered or responded to. Salary, Bonuses & Financial Benefits • Base Salary: 48,000 THB A small, refundable security deposit is deducted during the 90-day probation period • 12-month contract (paid for all months) • Employment Continuity Bonus: 1,250 THB/month, accumulated and paid in full at contract completion • End-of-Contract Bonus: 10,000 – 40,000 THB, based on service and performance • Work Permit — fully covered by the school • Annual Salary Increase: Guaranteed 2–3%, performance-based • Paid School Breaks (after probation): April: 14-30 paid days (Based on Years) October: 2 paid weeks Christmas: Approximately 9 paid Days All Thai public holidays paid • Health & accident insurance (after probation) • Housing assistance (service only not funding) available near a university area (only teachers coming directly from abroad) • Airport Pickup (service only not funding) (only teachers coming directly from abroad) Position Details • Level: Kindergarten K1–K3 and Grade 1 (Primary) • Schedule: Monday–Friday | 07:15–16:15 • Teaching Load: Normal: 13–18 periods/week Maximum cap: 20 periods/week • Homeroom-based: One assigned classroom • Co-teaching with a Thai teacher • Teaching is limited to your assigned class only • Opportunities to teach extra classes for additional income Key Responsibilities • Serve as the homeroom teacher for a Kindergarten class • Teach core subjects in English • Work collaboratively with a Thai co-teacher • Maintain a safe and nurturing classroom environment • Support student routines, behavior, and emotional development • Participate in meetings, school activities, and assigned duties Required Qualifications • Female Native English Speaker Preferred (eligible passport required) • Kindergarten teaching experience required • Experience teaching multiple subjects in English • Bachelor’s degree (any field) • TEFL, TESOL, CELTA, PGCE, PGCEi, or an equivalent recognized teaching qualification. • Patient, caring, and professional Additional Notes • 60-90 day probation period • Participation in up to 5 school events per year (may include weekends) • Visa & work permit support provided (details explained during hiring) How to Apply Email: [email protected] and include the following documents: • detailed Resume / CV • short introduction video • copy of a passport photo page • copy of a degree diploma with transcript • short covering email explaining why you are interested in the post Positions are limited. School Location : https://maps.app.goo.gl/UZ3pxbQ4CqTj3Nkg7 Send Resume You can either send your resume to the employer yourself at the email address above, or you can create a resume on ajarn.com to easily send to employers at any time with just a few clicks! Create a resume on ajarn.com"
ajarn,157851,https://www.ajarn.com/recruitment/jobs/157851/primary-eal-department-teaching-assistant-in-bangkok,Primary EAL Department Teaching Assistant,Regent's International School Bangkok,Bangkok,Thailand,,,,,,,jobs@regents.ac.th,,1 week ago,"Primary EAL Department Teaching Assistant Posted 1 week ago About the role We are seeking an experienced Primary EAL Department Teaching Assistant to join our dedicated and passionate team at Regent's International School Bangkok, based in the vibrant district of Wang Thonglang, Bangkok. This is a full-time position that will see you play a crucial role in supporting the delivery of high-quality English as an Additional Language (EAL) education to our primary school students. What you'll be doing Support Learning Assist the class teacher in delivering engaging lessons by supporting EAL learners in accessing the curriculum Provide targeted support for students developing English proficiency in speaking, listening, reading and writing Help the teacher to scaffold learning tasks to ensure students can participate fully in classroom activities Language Development Assist the teacher with students acquiring English through structured activities and guided practice Reinforce key vocabulary and language structures across subjects, as appropriate Assist with the delivery of EAL interventions and small group sessions Promote Inclusive Learning Provide differentiated support for students at varying levels of English proficiency Help ensure all learners can access learning and feel confident participating in lessons Support new arrivals in settling into the school environment and routines Monitor Progress Observe and document student progress in English language acquisition and engageme","Primary EAL Department Teaching Assistant Posted 1 week ago About the role We are seeking an experienced Primary EAL Department Teaching Assistant to join our dedicated and passionate team at Regent's International School Bangkok, based in the vibrant district of Wang Thonglang, Bangkok. This is a full-time position that will see you play a crucial role in supporting the delivery of high-quality English as an Additional Language (EAL) education to our primary school students. What you'll be doing Support Learning Assist the class teacher in delivering engaging lessons by supporting EAL learners in accessing the curriculum Provide targeted support for students developing English proficiency in speaking, listening, reading and writing Help the teacher to scaffold learning tasks to ensure students can participate fully in classroom activities Language Development Assist the teacher with students acquiring English through structured activities and guided practice Reinforce key vocabulary and language structures across subjects, as appropriate Assist with the delivery of EAL interventions and small group sessions Promote Inclusive Learning Provide differentiated support for students at varying levels of English proficiency Help ensure all learners can access learning and feel confident participating in lessons Support new arrivals in settling into the school environment and routines Monitor Progress Observe and document student progress in English language acquisition and engagement Share observations with teachers and contribute to planning next steps or support strategies Assist in maintaining accurate records of EAL learners Classroom Management Assist in maintaining a respectful and focused learning environment Support behaviour management in line with school expectations Encourage independence and confidence in learners Health and Safety Ensure students are supervised appropriately during lessons and school activities Follow all school health and safety procedures Parent Communication Support communication between school and families, particularly where language may be a barrier Help share information about student progress and school life where appropriate What we're looking for Relevant experience in a teaching assistant or similar role, preferably within a primary school setting Strong knowledge and understanding of effective EAL teaching methodologies and strategies Excellent communication and interpersonal skills, with the ability to build positive relationships with students, staff and parents A passion for supporting the academic and personal development of young learners Flexibility, creativity and a collaborative approach to problem-solving Proficiency in English, both written and spoken Relevant qualifications in education, EAL or a related field would be highly desirable If you are passionate about making a difference in the lives of young learners and are ready to take the next step in your career, we encourage you to apply for this exciting opportunity. Please submit your CV to [email protected] by 20th June. Send Resume You can either send your resume to the employer yourself at the email address above, or you can create a resume on ajarn.com to easily send to employers at any time with just a few clicks! Create a resume on ajarn.com"
ajarn,157849,https://www.ajarn.com/recruitment/jobs/157849/social-emotional-counsellor-in-bangkok,Social-Emotional Counsellor,Regent's International School Bangkok,"Wang Thonglang, Bangkok",Thailand,,,,,,,jobs@regents.ac.th,,1 week ago,"Social-Emotional Counsellor Posted 1 week ago The role As a Social-Emotional Counsellor at Regent's International School Bangkok, you will play a vital role in supporting the wellbeing and personal development of our students. Based in Wang Thonglang, Bangkok, this full-time position will see you providing confidential counselling and guidance to help our students navigate personal and professional challenges. What you'll be doing Student Counselling and Support Provide confidential short-term, individual and small group counselling for students experiencing emotional, behavioural or mental health challenges Support students in developing coping strategies, emotional regulation, and resilience Deliver developmentally appropriate interventions, particularly in the early years and primary settings (including play-based approaches, where appropriate) Provide crisis support and immediate intervention when required Maintain clear professional boundaries, recognising when to refer students for longer-term or external specialist support Maintain accurate, confidential records in line with safeguarding and data protection expectations Early Intervention and Wellbeing Promotion Develop and deliver structured Learning for Life programmes across primary and secondary, as appropriate Lead workshops for students, staff, and parents to promote mental health awareness and resilience Support key transition points (e.g. Early Years to Primary, Primary to Secondary) Contribute to preventative","Social-Emotional Counsellor Posted 1 week ago The role As a Social-Emotional Counsellor at Regent's International School Bangkok, you will play a vital role in supporting the wellbeing and personal development of our students. Based in Wang Thonglang, Bangkok, this full-time position will see you providing confidential counselling and guidance to help our students navigate personal and professional challenges. What you'll be doing Student Counselling and Support Provide confidential short-term, individual and small group counselling for students experiencing emotional, behavioural or mental health challenges Support students in developing coping strategies, emotional regulation, and resilience Deliver developmentally appropriate interventions, particularly in the early years and primary settings (including play-based approaches, where appropriate) Provide crisis support and immediate intervention when required Maintain clear professional boundaries, recognising when to refer students for longer-term or external specialist support Maintain accurate, confidential records in line with safeguarding and data protection expectations Early Intervention and Wellbeing Promotion Develop and deliver structured Learning for Life programmes across primary and secondary, as appropriate Lead workshops for students, staff, and parents to promote mental health awareness and resilience Support key transition points (e.g. Early Years to Primary, Primary to Secondary) Contribute to preventative strategies that reduce barriers to learning and wellbeing Act as a visible advocate for wellbeing across the school community Safeguarding and Student Welfare Act as an integral part of the school’s safeguarding system Work closely with the Designated Safeguarding Lead (DSL) on child protection concerns Recognise and respond appropriately to safeguarding issues in line with school procedures Provide appropriate support within safeguarding cases, including completion of Suicide Risk Assessments and Safety Plans Support behaviour and emotional responses linked to underlying wellbeing needs Collaboration with Colleagues and Parents Work closely with teachers, pastoral leaders, and school leadership to support student wellbeing Act as a consultant to staff, providing strategies to support students in the classroom Communicate sensitively with parents, including sharing insights and listening to family perspectives Participate in Team Around the Child (TAC) meetings Contribute to a consistent, whole-school approach to student wellbeing External Liaison and Referral Pathways Contribute to the development and maintenance of a referral network of external professionals (e.g. psychologists, therapists, psychiatrists) Liaise with external agencies to support student assessments and ongoing care Support the collection and sharing of information for external referrals (with appropriate consent) Guide parents in accessing appropriate external support when needed Monitoring, Reporting and Development Track student wellbeing trends and report appropriately to school leadership Maintain professional, accurate records and ensure confidentiality is upheld Contribute to the ongoing development of the school’s counselling and wellbeing provision Engage in ongoing professional development and remain informed of best practice Attend regular external clinical supervision with a qualified mental health professional Please forward your CV to [email protected] by Thursday 15th June. Send Resume You can either send your resume to the employer yourself at the email address above, or you can create a resume on ajarn.com to easily send to employers at any time with just a few clicks! Create a resume on ajarn.com"
ajarn,157845,https://www.ajarn.com/recruitment/jobs/157845/full-time-native-english-teacher-in-bangkok,Full-time Native English Teacher,Modulo Language School,Bangkok,Thailand,45000+,THB,Bachelor,,1 year,,hr@modulo.school,,1 week ago,"Full-time Native English Teacher Posted 1 week ago Native English Teacher Wanted for Bangkok Language School - Full-Time Position (includes evenings & weekends) - Location: Icom Siam branch Join the fastest-growing language school in Bangkok! Modulo Language School is seeking a full-time native English-speaking teacher who is available to teach evenings and weekends. Our ideal candidate is a personable, knowledgeable, friendly and effective teacher who is dedicated to both help their students learn and improve their teaching skills. As a qualified English teacher, you will be teaching a mix of adult learners (70%+), children, and teenagers of all levels. At Modulo Language School, we offer a wide range of courses, including general English, business English, and academic test preparation (IELTS, TOEFL, TOEIC, etc.), as well as phonics and more. Most of our lessons are private, with a maximum of 8 students in small groups. Additionally, we work with corporations, and sometimes these classes can be larger. What makes Modulo a great place to work? - Modulo Language School offers competitive rates for teachers: 410 baht per 50-minute private lesson (Monday to Friday), with a 15% increase on Saturdays and 10% on Sundays. Small group classes pay up to 600 baht per lesson. First-year teachers can expect to earn over 45,000 baht per month on average, with the rate increasing to 430 baht per lesson for teachers on their second contract. - Modulo offers limited paid leave for all full-","Full-time Native English Teacher Posted 1 week ago Native English Teacher Wanted for Bangkok Language School - Full-Time Position (includes evenings & weekends) - Location: Icom Siam branch Join the fastest-growing language school in Bangkok! Modulo Language School is seeking a full-time native English-speaking teacher who is available to teach evenings and weekends. Our ideal candidate is a personable, knowledgeable, friendly and effective teacher who is dedicated to both help their students learn and improve their teaching skills. As a qualified English teacher, you will be teaching a mix of adult learners (70%+), children, and teenagers of all levels. At Modulo Language School, we offer a wide range of courses, including general English, business English, and academic test preparation (IELTS, TOEFL, TOEIC, etc.), as well as phonics and more. Most of our lessons are private, with a maximum of 8 students in small groups. Additionally, we work with corporations, and sometimes these classes can be larger. What makes Modulo a great place to work? - Modulo Language School offers competitive rates for teachers: 410 baht per 50-minute private lesson (Monday to Friday), with a 15% increase on Saturdays and 10% on Sundays. Small group classes pay up to 600 baht per lesson. First-year teachers can expect to earn over 45,000 baht per month on average, with the rate increasing to 430 baht per lesson for teachers on their second contract. - Modulo offers limited paid leave for all full-time teachers, and up-to 34 days of unpaid leave for holidays and vacations. This means that teachers can take the time they need to see all that Thailand and Asia have to offer. - Modulo is committed to helping its teachers improve their skills and knowledge. The company has high standards but provides all the support necessary to achieve them. Modulo provides its teachers with ample coaching and training, and it's all paid for. * - Modulo has four schools, all conveniently located on Bangkok's BTS and MRT systems. One at Siam Paragon, Central World, Central Rama IX, and Icon Siam. - Modulo makes it easy for its teachers to obtain visas and work permits. The company organizes visas and work permits for all employees and covers the cost of the latter. - Modulo offers great benefits, including health insurance, yearly raises, internal promotions, huge course discounts, and many more. - Modulo provides one-year contracts for 5-day or 6-day weeks, allowing teachers to choose how much they want to work. - Modulo hosts quarterly team building events, such as river cruises, charitable work, and delicious meals at top hotels and restaurants. If you're still unsure about whether Modulo Language School is the right fit for you, we have a guide that provides more information on what it's like to work with us. The guide covers everything from the job responsibilities to the benefits and compensation that we offer. You can access the guide at https://www.modulolearning.com/docs/guide-for-candidates.pdf If you have any specific questions about the position or about Modulo in general, please don't hesitate to reach out to us via email. We're always happy to provide more information and answer any questions you may have. If this sounds like a position you’re interested in, please make sure you meet the following requirements: - Hold a bachelor's degree - Hold an English teaching certificate (CELTA, TEFL, TESOL) - Currently reside in Thailand, or are willing to relocate - Be available on evenings and weekends - Be a native English speaker from Canada, the US, the UK, Ireland or Australia - Be willing to make a one-year commitment If you meet these requirements, we would love to hear from you! Please complete the application form via the following link: https://docs.google.com/forms/d/e/1FAIpQLSeFtys5dFRgM_i88Agcgi5_QP5Wmi5h1cieE3-NViVN9miooA/viewform Send Resume You can either send your resume to the employer yourself at the email address above, or you can create a resume on ajarn.com to easily send to employers at any time with just a few clicks! Create a resume on ajarn.com"
ajarn,157841,https://www.ajarn.com/recruitment/jobs/157841/nes-english-teacher-in-bangkok,NES English Teacher,SIAM Computer & Language School,Minburi / Rom Klao,Thailand,"43,000+",THB,Bachelor,,two-semester,,applications2siam@gmail.com,,1 week ago,"NES English Teacher Posted 1 week ago SIAM Computer & Language School is currently accepting applications from qualified and experienced English teachers (NES) for a new teaching position currently available in the Minburi / Rom Klao area of the city. Due to client demand, we are seeking an enthusiastic, reliable and professional teacher to join our established team at one of our flagship client schools near Rom Klao Rd. Founded in 1979, SIAM has been a trusted name in education in Thailand for over 40 years. Many of our teachers have remained with us for 10+ years, reflecting the supportive working environment and stability we aim to provide. ________________________________________ Currently hiring for: Modern, Co-ed Secondary School The school provides a new, well-equipped campus, featuring air-conditioned classrooms, smart boards, and smaller class sizes. Students, in general, possess a good level of English and are well behaved. Position: • NES English Teacher – Secondary levels (up to M6) Must be confident teaching writing and IELTS preparation in addition to 4-skills English - Should be dynamic and possess strong student-centered teaching skills - Strong package for the right candidate Minimum Requirements: • Bachelor’s Degree (original copies and transcripts required for visa/work permit processing) • 120-hour TEFL / TESOL / CELTA certification • Prior teaching experience in Thailand (preferred) or relevant teaching experience abroad • Professional, reliable and well-","NES English Teacher Posted 1 week ago SIAM Computer & Language School is currently accepting applications from qualified and experienced English teachers (NES) for a new teaching position currently available in the Minburi / Rom Klao area of the city. Due to client demand, we are seeking an enthusiastic, reliable and professional teacher to join our established team at one of our flagship client schools near Rom Klao Rd. Founded in 1979, SIAM has been a trusted name in education in Thailand for over 40 years. Many of our teachers have remained with us for 10+ years, reflecting the supportive working environment and stability we aim to provide. ________________________________________ Currently hiring for: Modern, Co-ed Secondary School The school provides a new, well-equipped campus, featuring air-conditioned classrooms, smart boards, and smaller class sizes. Students, in general, possess a good level of English and are well behaved. Position: • NES English Teacher – Secondary levels (up to M6) Must be confident teaching writing and IELTS preparation in addition to 4-skills English - Should be dynamic and possess strong student-centered teaching skills - Strong package for the right candidate Minimum Requirements: • Bachelor’s Degree (original copies and transcripts required for visa/work permit processing) • 120-hour TEFL / TESOL / CELTA certification • Prior teaching experience in Thailand (preferred) or relevant teaching experience abroad • Professional, reliable and well-prepared classroom approach • Age guideline: 24 – 55 (client-specified) • Currently located in Thailand with a valid visa • Familiarity with online teaching platforms ________________________________________ Additional Advantages: • Understanding of Thai culture and Thai school environments • Experience working with multilingual classrooms • Ability to adapt lessons for mixed-ability learners • Willingness to develop professionally with support from the SIAM team ________________________________________ What We Offer: • Competitive salary package with extras were deemed applicable: 43,000+ THB • Immediate start potential with paid national holidays • Longer two-semester contract with annual review • Performance bonuses (up to 20,000 THB per academic year) • Subsidized group health insurance • Work permit and visa assistance • Paid business leave (up to 5 days for visa/work permit processing) • Paid sick leave (up to 4 days per contract) • Overtime opportunities where available • Supportive Western management team • Curriculum and teaching materials provided • Orientation, training and ongoing professional support ________________________________________ How to Apply: Interested applicants should submit the following via the listing on Ajarn.com: • Resume / CV • Brief cover letter • Supporting documents Due to the volume of applications we typically receive, only shortlisted candidates will be contacted directly (by email only). In-person interviews are ongoing at our head offices. Send Resume You can either send your resume to the employer yourself at the email address above, or you can create a resume on ajarn.com to easily send to employers at any time with just a few clicks! Create a resume on ajarn.com"
ajarn,157840,https://www.ajarn.com/recruitment/jobs/157840/nes-primary-teachers-in-bangkok,NES Primary Teacher,EP Plus Learning,Bangkok,Thailand,"45,000 THB/month",THB,Bachelor,,,June 2026,jobepplus@gmail.com,,1 week ago,"NES Primary Teacher Posted 1 week ago 📢 Primary Teacher – Bangkok 🌟 We Have a Wonderful Opportunity for You! EP Plus Learning is a well-established educational company based in Bangkok with almost 30 years of experience in education, training, and academic management. We are dedicated to empowering students to acquire, demonstrate, and value knowledge and skills that support them as lifelong learners and responsible global citizens. We are currently seeking a committed and enthusiastic Primary Teacher to join our partner school in Bangkok for the June 2026 academic term. 📚 Subjects & Teaching Details Grade Levels: P1–P6 (6 - 12 years old) Subjects: English, Mathematics, and Science Teachers must be able to teach all core subjects across different grade levels Teaching Load: 20 - 25.5 periods per week (depending on school schedule) Schedule: Monday–Friday | 7:30 AM – 4:30 PM 💼 Salary & Benefits Starting salary from 45,000 THB/month (for teachers with at least 1 year of experience) Attendance and performance-based incentives Work permit and visa support Health insurance coverage Curriculum and teaching materials provided Supportive and professional working environment Long-term employment opportunity Thai teachers/School Coordinator support Convenient access to public transportation (near MRT Bang Phai; about 6-minute walk from the station) 📍 School Locations 1. Pak Khlong Phasi Charoen, Phasi Charoen, Bangkok 10160 (Near MRT Bang Phai) 🗓 Start Date June 2026 📋 Qualifications &","NES Primary Teacher Posted 1 week ago 📢 Primary Teacher – Bangkok 🌟 We Have a Wonderful Opportunity for You! EP Plus Learning is a well-established educational company based in Bangkok with almost 30 years of experience in education, training, and academic management. We are dedicated to empowering students to acquire, demonstrate, and value knowledge and skills that support them as lifelong learners and responsible global citizens. We are currently seeking a committed and enthusiastic Primary Teacher to join our partner school in Bangkok for the June 2026 academic term. 📚 Subjects & Teaching Details Grade Levels: P1–P6 (6 - 12 years old) Subjects: English, Mathematics, and Science Teachers must be able to teach all core subjects across different grade levels Teaching Load: 20 - 25.5 periods per week (depending on school schedule) Schedule: Monday–Friday | 7:30 AM – 4:30 PM 💼 Salary & Benefits Starting salary from 45,000 THB/month (for teachers with at least 1 year of experience) Attendance and performance-based incentives Work permit and visa support Health insurance coverage Curriculum and teaching materials provided Supportive and professional working environment Long-term employment opportunity Thai teachers/School Coordinator support Convenient access to public transportation (near MRT Bang Phai; about 6-minute walk from the station) 📍 School Locations 1. Pak Khlong Phasi Charoen, Phasi Charoen, Bangkok 10160 (Near MRT Bang Phai) 🗓 Start Date June 2026 📋 Qualifications & Requirements Bachelor’s degree from an accredited university Preferably at least 1 year of primary teaching experience or Math/Science teaching experience Strong English communication skills Effective classroom management skills Professional, cooperative, and classroom-ready 📩 How to Apply Interested candidates are invited to send the following documents to: 📧 [email protected] Curriculum Vitae (CV) with professional photo Passport bio page Bachelor’s degree and transcript Other relevant supporting documents NO WALK-INS ACCEPTED. Online interviews are scheduled Monday to Friday, from 9:00 AM to 4:00 PM Thailand Time only. Send Resume You can either send your resume to the employer yourself at the email address above, or you can create a resume on ajarn.com to easily send to employers at any time with just a few clicks! Create a resume on ajarn.com"
ajarn,157837,https://www.ajarn.com/recruitment/jobs/157837/nes-kindergarten-primary-and-secondary-teachers-in-bangkok,"NES Kindergarten, Primary and Secondary Teachers",Interkids Bilingual School,Bangkok,Thailand,"40,000-50,000",THB,Bachelor,,,,job@ibs.ac.th,https://goo.gl/maps/gtQZPiJwquiGLM139,1 week ago,"NES Kindergarten, Primary and Secondary Teachers Posted 1 week ago Join Our Team of Inspiring Educators at Interkids Bilingual School Interkids Bilingual School (IBS), a well-established institution recognized for its commitment to academic excellence, is currently seeking passionate and qualified Native English-Speaking Teachers to join our vibrant teaching community. With two dynamic campuses—Nimitmai Campus and Seri Thai Campus—IBS offers an enriching trilingual curriculum (English-Thai-Chinese) to students from pre-kindergarten through secondary levels. ________________________________________ Positions Available: Two Native English-Speaking Positions for Primary at Seri Thai Campus One Native English-Speaking Teacher for both Kindergarten, Primary and Secondary at Nimitmai Campus ________________________________________ Campus Locations: Nimitmai Campus: 99 Pracha Ruamjai, Nimitmai Road, Minburi, Bangkok, Thailand 10510 Google Map: https://goo.gl/maps/gtQZPiJwquiGLM139 Seri Thai Campus: 137 Seri Thai Road Soi 21-23, Khlong Kum, Bueng Kum, Bangkok, Thailand 10240 Google Map: https://goo.gl/maps/2AaeD25C9JsALuZu6 ________________________________________ Job Details: We are seeking enthusiastic and dedicated Native English-Speaking Teachers to join our teaching team. The successful candidates will be responsible for delivering high-quality English instruction to students across Kindergarten, Primary, and Secondary levels. Teachers are expected to create engaging lessons, fo","NES Kindergarten, Primary and Secondary Teachers Posted 1 week ago Join Our Team of Inspiring Educators at Interkids Bilingual School Interkids Bilingual School (IBS), a well-established institution recognized for its commitment to academic excellence, is currently seeking passionate and qualified Native English-Speaking Teachers to join our vibrant teaching community. With two dynamic campuses—Nimitmai Campus and Seri Thai Campus—IBS offers an enriching trilingual curriculum (English-Thai-Chinese) to students from pre-kindergarten through secondary levels. ________________________________________ Positions Available: Two Native English-Speaking Positions for Primary at Seri Thai Campus One Native English-Speaking Teacher for both Kindergarten, Primary and Secondary at Nimitmai Campus ________________________________________ Campus Locations: Nimitmai Campus: 99 Pracha Ruamjai, Nimitmai Road, Minburi, Bangkok, Thailand 10510 Google Map: https://goo.gl/maps/gtQZPiJwquiGLM139 Seri Thai Campus: 137 Seri Thai Road Soi 21-23, Khlong Kum, Bueng Kum, Bangkok, Thailand 10240 Google Map: https://goo.gl/maps/2AaeD25C9JsALuZu6 ________________________________________ Job Details: We are seeking enthusiastic and dedicated Native English-Speaking Teachers to join our teaching team. The successful candidates will be responsible for delivering high-quality English instruction to students across Kindergarten, Primary, and Secondary levels. Teachers are expected to create engaging lessons, foster a positive learning environment, and support students in developing their English language skills. Key Responsibilities: Plan and deliver effective, age-appropriate English lessons. Manage classroom behavior and maintain a supportive learning environment. Prepare teaching materials and use a variety of instructional strategies. Assess student progress and provide regular feedback. Participate in school events, activities, and meetings as required. Collaborate with colleagues and contribute to the development of the school’s academic programmes. ________________________________________ Qualifications: • Must be a native English speaker (UK, USA, Canada, Australia, New Zealand, South Africa) • Bachelor’s or Master’s Degree (preferably in Education) • TEFL, CELTA, or TESOL certification (preferred but not required) • Enthusiastic, responsible, professional, and committed to student learning • Available to begin teaching and contribute to a supportive school community ________________________________________ Compensation Package: • Salary: 40,000–50,000 Baht/ month based on your experience and qualifications • Career Growth: Opportunities to develop professionally in a dynamic educational environment • Innovative Curriculum: Be part of our unique English-Thai-Chinese teaching model • Supportive Benefits: Annual salary increments, work permit assistance, and performance-based incentives ________________________________________ Application Process: Please email the following documents to [email protected] : 1. Updated resume (include nationality, contact details, and a recent photo) 2. Scan of passport photo page 3. Diploma and transcript (Bachelor’s or Master’s) 4. TEFL/CELTA/TESOL certificate (if available) 5. Brief cover letter introducing yourself and expressing your interest 6. Specify the subject line: ""Native English-Speaking Teacher"" Important: Please attach documents directly to your email. Do not send links to external resumes or file drives. Send Resume You can either send your resume to the employer yourself at the email address above, or you can create a resume on ajarn.com to easily send to employers at any time with just a few clicks! Create a resume on ajarn.com"
ajarn,157836,https://www.ajarn.com/recruitment/jobs/157836/kindergarten-teacher-nes-in-lopburi,NES Kindergarten Teacher,,Lopburi,Thailand,"48,000",THB,Bachelor,,,,schooldirector@mail.crestview.ac.th,,1 week ago,"NES Kindergarten Teacher Posted 1 week ago We are looking for a passionate and dedicated Native English Speaker (NES) Kindergarten Teacher to join our team in Lopburi, Thailand Position: Kindergarten Teacher Location: Lopburi, Thailand Salary: 48,000 THB/month Housing Allowance: 1,500 THB/month Qualifications: • Native English Speaker (NES) • Bachelor’s Degree in Education or related field • Teaching license or teaching qualification preferred • Experience teaching Kindergarten or early years students • Passionate, creative, patient, and energetic • Strong classroom management and communication skills • Able to work collaboratively in an international school environment Benefits & Work Environment: • Small class size (maximum of 20 students) • Assistant teacher support in the classroom • Supportive and growing school community • Opportunity to inspire and nurture young learners every day 📩 Interested applicants may send their CV and introduction letter to HR: [email protected] Send Resume You can either send your resume to the employer yourself at the email address above, or you can create a resume on ajarn.com to easily send to employers at any time with just a few clicks! Create a resume on ajarn.com","NES Kindergarten Teacher Posted 1 week ago We are looking for a passionate and dedicated Native English Speaker (NES) Kindergarten Teacher to join our team in Lopburi, Thailand Position: Kindergarten Teacher Location: Lopburi, Thailand Salary: 48,000 THB/month Housing Allowance: 1,500 THB/month Qualifications: • Native English Speaker (NES) • Bachelor’s Degree in Education or related field • Teaching license or teaching qualification preferred • Experience teaching Kindergarten or early years students • Passionate, creative, patient, and energetic • Strong classroom management and communication skills • Able to work collaboratively in an international school environment Benefits & Work Environment: • Small class size (maximum of 20 students) • Assistant teacher support in the classroom • Supportive and growing school community • Opportunity to inspire and nurture young learners every day 📩 Interested applicants may send their CV and introduction letter to HR: [email protected] Send Resume You can either send your resume to the employer yourself at the email address above, or you can create a resume on ajarn.com to easily send to employers at any time with just a few clicks! Create a resume on ajarn.com"
ajarn,157831,https://www.ajarn.com/recruitment/jobs/157831/non-nes-english-teacher-in-nong-khai,Non-NES English Teacher,MediaKids Academy,Nong Khai,Thailand,"37,000 - 40,000",THB,,,,June 2026,hr@mediakidsacademy.com,,1 week ago,"Non-NES English Teacher Posted 1 week ago 📍 Immediate Teaching Opportunity in Nong Khai City, Thailand 🇹🇭 MediaKids Academy is currently seeking enthusiastic and adaptable foreign teachers for an immediate teaching position starting on June 2026 at the Nongkhai English Center in Nong Khai City. This is a unique center-based teaching role supporting two partner schools within the city area. ✨ Why Nong Khai? Nong Khai is a welcoming city along the Mekong River near the Laos border, known for its relaxed lifestyle, affordable living, and strong expat community. Unlike more rural areas, Nong Khai offers convenient city living while still providing an authentic Thai cultural experience. Currently, MediaKids Academy supports over 16 foreign teachers in the Nong Khai area, with many teachers renewing for multiple semesters due to the supportive environment and positive school community. 📚 Position Details • Program: ECDMM Program • Student Level: High School Students • Maximum Teaching Load: 24 classes per week • Team Environment: Work alongside 3 foreign teachers at the learning center and a larger international team in the area 🗓 Schedule Information • Flexible rotating schedule arranged by the Learning Center Director • Students may be grouped from different schools • Classes may include after-school programs and occasional weekend sessions • Rotating days off among teachers • No fixed weekly schedule due to student enrollment arrangements 💰 Employment Package • Salary: 37,000 -","Non-NES English Teacher Posted 1 week ago 📍 Immediate Teaching Opportunity in Nong Khai City, Thailand 🇹🇭 MediaKids Academy is currently seeking enthusiastic and adaptable foreign teachers for an immediate teaching position starting on June 2026 at the Nongkhai English Center in Nong Khai City. This is a unique center-based teaching role supporting two partner schools within the city area. ✨ Why Nong Khai? Nong Khai is a welcoming city along the Mekong River near the Laos border, known for its relaxed lifestyle, affordable living, and strong expat community. Unlike more rural areas, Nong Khai offers convenient city living while still providing an authentic Thai cultural experience. Currently, MediaKids Academy supports over 16 foreign teachers in the Nong Khai area, with many teachers renewing for multiple semesters due to the supportive environment and positive school community. 📚 Position Details • Program: ECDMM Program • Student Level: High School Students • Maximum Teaching Load: 24 classes per week • Team Environment: Work alongside 3 foreign teachers at the learning center and a larger international team in the area 🗓 Schedule Information • Flexible rotating schedule arranged by the Learning Center Director • Students may be grouped from different schools • Classes may include after-school programs and occasional weekend sessions • Rotating days off among teachers • No fixed weekly schedule due to student enrollment arrangements 💰 Employment Package • Salary: 37,000 - 40,000 THB/month • Housing Allowance: 3,000 THB/month • Free Work Permit provided • Non-B visa reimbursement: 3,000 THB • Accident insurance included • Paid Thai public holidays • Full curriculum and teaching materials provided • Dedicated support team to assist with visas, documentation, and classroom needs 🌏 Our teaching team includes educators from: Canada 🇨🇦 | Ireland 🇮🇪 | UK 🇬🇧 | Philippines 🇵🇭 | Turkey 🇹🇷 | USA 🇺🇸 We are looking for teachers who are: ✅ Flexible and adaptable ✅ Comfortable working in a dynamic learning environment ✅ Interested in long-term teaching opportunities in Thailand ✅ Passionate about supporting students in meaningful ways If you are interested in learning more about this opportunity, please send your: 📄 CV/Resume 🎥 Short introduction video 📘 Relevant teaching documents to MediaKids Academy Recruitment Team. "" Nongkhai English Center Application"" via https://mediakidsacademy.com/apply-now/ or This email address is being protected from spambots. You need JavaScript enabled to view it. Join a supportive international teaching community and experience life in one of Thailand’s most unique riverside cities! ✨ Send Resume You can either send your resume to the employer yourself at the email address above, or you can create a resume on ajarn.com to easily send to employers at any time with just a few clicks! Create a resume on ajarn.com"
ajarn,157832,https://www.ajarn.com/recruitment/jobs/157832/part-time-teachers-in-thailand,Part-time Teachers,MediaKids Academy,Thailand,Thailand,"25,000 Baht monthly",THB,,,1-2 months,May 2026,hr@mediakidsacademy.com,,1 week ago,"Part-time Teachers Posted 1 week ago MediaKids Academy is looking for a part-time teacher to teach our primary and secondary students in Thailand. Contract Duration: 1-2 months Start Date: May 2026 Compensation: - 25,000 Baht monthly salary - Free accommodation during the employment contract - 1,000 THB one-time transportation reimbursement - 1,000 THB for utilities - The curriculum is fully provided by our Curriculum team. Requirements • English Teacher – from the Philippines, UK, USA, Canada, Australia, New Zealand, Ireland • We prefer teachers who are already in Thailand. • Teaching experience and/or TEFL preferred, but not required • 21-50 years old • A positive attitude • A desire to learn more about and immerse in the Thai culture • Passion for teaching Please email [email protected] with the subject ""Part-Time Teacher"" to apply. Kindly attach your resume, recent photo, and short introduction video. Send Resume You can either send your resume to the employer yourself at the email address above, or you can create a resume on ajarn.com to easily send to employers at any time with just a few clicks! Create a resume on ajarn.com","Part-time Teachers Posted 1 week ago MediaKids Academy is looking for a part-time teacher to teach our primary and secondary students in Thailand. Contract Duration: 1-2 months Start Date: May 2026 Compensation: - 25,000 Baht monthly salary - Free accommodation during the employment contract - 1,000 THB one-time transportation reimbursement - 1,000 THB for utilities - The curriculum is fully provided by our Curriculum team. Requirements • English Teacher – from the Philippines, UK, USA, Canada, Australia, New Zealand, Ireland • We prefer teachers who are already in Thailand. • Teaching experience and/or TEFL preferred, but not required • 21-50 years old • A positive attitude • A desire to learn more about and immerse in the Thai culture • Passion for teaching Please email [email protected] with the subject ""Part-Time Teacher"" to apply. Kindly attach your resume, recent photo, and short introduction video. Send Resume You can either send your resume to the employer yourself at the email address above, or you can create a resume on ajarn.com to easily send to employers at any time with just a few clicks! Create a resume on ajarn.com"
ajarn,157833,https://www.ajarn.com/recruitment/jobs/157833/secondary-english-teacher-in-chon-buri,Secondary English Teacher,MediaKids Academy,Chonburi & Rayong,Thailand,"33,000-35,000",THB,Bachelor,,,May 2026,hr@mediakidsacademy.com,https://youtu.be/9tbKWX6ZywY,1 week ago,"Secondary English Teacher Posted 1 week ago 🌏 Native English Teachers Wanted – May 2026 Start! 📍 Chonburi & Rayong, Thailand MediaKids Academy is currently hiring native English-speaking teachers to join our ECD (English for Communication Development) Program starting May 2026. If you’re passionate about teaching, eager to experience Thai culture, and looking for a supportive team, we would love to hear from you! 💼 Benefits Package • Salary: 33,000–35,000 THB per month • Housing allowance: 3,000 THB per month • Free Work Permit provided • Non-B visa reimbursement: 3,000 THB • Accident insurance included • Paid Thai public holidays • Full curriculum and teaching materials provided • Dedicated support team to assist with visas, documentation, and classroom needs 👩‍🏫 Requirements • Native English speaker (UK, USA, Canada, Australia, New Zealand, Ireland) • Bachelor’s degree (any field) • TEFL certificate or teaching experience preferred but not required • Age 22–50 • Open-minded, adaptable, and culturally curious 📩 How to Apply Send your CV to: 📧 [email protected] Subject line: MAY 2026 APPLICATION-Chonburi/Rayong Or apply online: 🌐 mediakidsacademy.com/apply-now 🎬 Learn more about teaching with us Follow us on TikTok: 👉 tiktok.com/@mediakidsacademy 🎥 Hear directly from our teachers: ▶ https://youtu.be/9tbKWX6ZywY ▶ https://youtu.be/ZvkpOdo1TgI ▶ https://youtu.be/sdjmsPWYU38 Send Resume You can either send your resume to the employer yourself at the email address above, or you c","Secondary English Teacher Posted 1 week ago 🌏 Native English Teachers Wanted – May 2026 Start! 📍 Chonburi & Rayong, Thailand MediaKids Academy is currently hiring native English-speaking teachers to join our ECD (English for Communication Development) Program starting May 2026. If you’re passionate about teaching, eager to experience Thai culture, and looking for a supportive team, we would love to hear from you! 💼 Benefits Package • Salary: 33,000–35,000 THB per month • Housing allowance: 3,000 THB per month • Free Work Permit provided • Non-B visa reimbursement: 3,000 THB • Accident insurance included • Paid Thai public holidays • Full curriculum and teaching materials provided • Dedicated support team to assist with visas, documentation, and classroom needs 👩‍🏫 Requirements • Native English speaker (UK, USA, Canada, Australia, New Zealand, Ireland) • Bachelor’s degree (any field) • TEFL certificate or teaching experience preferred but not required • Age 22–50 • Open-minded, adaptable, and culturally curious 📩 How to Apply Send your CV to: 📧 [email protected] Subject line: MAY 2026 APPLICATION-Chonburi/Rayong Or apply online: 🌐 mediakidsacademy.com/apply-now 🎬 Learn more about teaching with us Follow us on TikTok: 👉 tiktok.com/@mediakidsacademy 🎥 Hear directly from our teachers: ▶ https://youtu.be/9tbKWX6ZywY ▶ https://youtu.be/ZvkpOdo1TgI ▶ https://youtu.be/sdjmsPWYU38 Send Resume You can either send your resume to the employer yourself at the email address above, or you can create a resume on ajarn.com to easily send to employers at any time with just a few clicks! Create a resume on ajarn.com"
ajarn,157834,https://www.ajarn.com/recruitment/jobs/157834/secondary-english-teacher-in-uttaradit,Secondary English Teacher,MediaKids Academy,Uttaradit,Thailand,"35,000-37,000",THB,Bachelor,,,May 2026,hr@mediakidsacademy.com,https://youtu.be/9tbKWX6ZywY,1 week ago,"Secondary English Teacher Posted 1 week ago 🌏 Native English Teachers Wanted – May 2026 Start! 📍Uttaradit, North of Thailand MediaKids Academy is currently hiring native English-speaking teachers to join our English Communication Development ECD Program starting May 2026. If you’re passionate about teaching, eager to experience Thai culture, and looking for a supportive team, we would love to hear from you! 💼 Benefits Package • Salary: 35,000–37,000 THB per month • Housing allowance: 3,000 THB per month • Free Work Permit provided • Non-B visa reimbursement: 3,000 THB • Accident insurance included • Paid Thai public holidays • Full curriculum and teaching materials provided • Dedicated support team to assist with visas, documentation, and classroom needs 👩‍🏫 Requirements • Native English speaker (UK, USA, Canada, Australia, New Zealand, Ireland) • Bachelor’s degree (any field) • TEFL certificate or teaching experience preferred but not required • Age 22–50 • Open-minded, adaptable, and culturally curious 📩 How to Apply Send your CV to: 📧 [email protected] Subject line: ""Uttaradit Application"" Or apply online: 🌐 mediakidsacademy.com/apply-now 🎬 Learn more about teaching with us Follow us on TikTok: 👉 tiktok.com/@mediakidsacademy 🎥 Hear directly from our teachers: ▶ https://youtu.be/9tbKWX6ZywY ▶ https://youtu.be/ZvkpOdo1TgI ▶ https://youtu.be/sdjmsPWYU38 Send Resume You can either send your resume to the employer yourself at the email address above, or you can create a resume","Secondary English Teacher Posted 1 week ago 🌏 Native English Teachers Wanted – May 2026 Start! 📍Uttaradit, North of Thailand MediaKids Academy is currently hiring native English-speaking teachers to join our English Communication Development ECD Program starting May 2026. If you’re passionate about teaching, eager to experience Thai culture, and looking for a supportive team, we would love to hear from you! 💼 Benefits Package • Salary: 35,000–37,000 THB per month • Housing allowance: 3,000 THB per month • Free Work Permit provided • Non-B visa reimbursement: 3,000 THB • Accident insurance included • Paid Thai public holidays • Full curriculum and teaching materials provided • Dedicated support team to assist with visas, documentation, and classroom needs 👩‍🏫 Requirements • Native English speaker (UK, USA, Canada, Australia, New Zealand, Ireland) • Bachelor’s degree (any field) • TEFL certificate or teaching experience preferred but not required • Age 22–50 • Open-minded, adaptable, and culturally curious 📩 How to Apply Send your CV to: 📧 [email protected] Subject line: ""Uttaradit Application"" Or apply online: 🌐 mediakidsacademy.com/apply-now 🎬 Learn more about teaching with us Follow us on TikTok: 👉 tiktok.com/@mediakidsacademy 🎥 Hear directly from our teachers: ▶ https://youtu.be/9tbKWX6ZywY ▶ https://youtu.be/ZvkpOdo1TgI ▶ https://youtu.be/sdjmsPWYU38 Send Resume You can either send your resume to the employer yourself at the email address above, or you can create a resume on ajarn.com to easily send to employers at any time with just a few clicks! Create a resume on ajarn.com"
ajarn,157835,https://www.ajarn.com/recruitment/jobs/157835/secondary-english-social-studies-teachers-in-udon-thani,Secondary English / Social Studies Teachers,MediaKids Academy Thailand,Udon Thani,Thailand,"45,000 – 47,000",THB,Bachelor,,,May 2026,hr@mediakidsacademy.com,https://youtu.be/9tbKWX6ZywY,1 week ago,"Secondary English / Social Studies Teachers Posted 1 week ago 📢 Native English-Speaking Teachers Needed (English / Social Studies) 📍 Udon Thani | Start Date: May 2026 We are currently seeking enthusiastic and dedicated native English-speaking teachers for English and Social Studies positions starting in May 2026. Join our supportive team and enjoy teaching in a welcoming Thai school environment. 🌈 Requirements: •Native English speakers (UK, USA, Canada, Australia, New Zealand, Ireland) •Bachelor’s degree in English, Social Studies, or a related field from an accredited university •Teaching experience and/or TEFL certification is an advantage (not required) •Age: 24–45 •Positive attitude, adaptability, and a genuine passion for teaching •Willingness to embrace Thai culture and work collaboratively 💼 Salary & Benefits: •Competitive salary: 45,000 – 47,000 THB/month •Accommodation allowance: 3,000 THB/month •Non-B visa reimbursement: 3,000 THB •Free Work Permit •Comprehensive support from an experienced international team •Assistance with all visa and documentation processes •Free accident insurance •Paid Thai public holidays •Curriculum and teaching materials provided ⏰ Working Hours: Monday – Friday 7:30 AM – 4:30 PM ✉️ How to Apply: Please send your CV to [email protected] with the subject: ""Udon Application"" Or apply online at: mediakidsacademy.com/apply-now/ 🎬 Learn more about us: TikTok: tiktok.com/@mediakidsacademy 🎥 YouTube: https://youtu.be/9tbKWX6ZywY https://youtu.be/","Secondary English / Social Studies Teachers Posted 1 week ago 📢 Native English-Speaking Teachers Needed (English / Social Studies) 📍 Udon Thani | Start Date: May 2026 We are currently seeking enthusiastic and dedicated native English-speaking teachers for English and Social Studies positions starting in May 2026. Join our supportive team and enjoy teaching in a welcoming Thai school environment. 🌈 Requirements: •Native English speakers (UK, USA, Canada, Australia, New Zealand, Ireland) •Bachelor’s degree in English, Social Studies, or a related field from an accredited university •Teaching experience and/or TEFL certification is an advantage (not required) •Age: 24–45 •Positive attitude, adaptability, and a genuine passion for teaching •Willingness to embrace Thai culture and work collaboratively 💼 Salary & Benefits: •Competitive salary: 45,000 – 47,000 THB/month •Accommodation allowance: 3,000 THB/month •Non-B visa reimbursement: 3,000 THB •Free Work Permit •Comprehensive support from an experienced international team •Assistance with all visa and documentation processes •Free accident insurance •Paid Thai public holidays •Curriculum and teaching materials provided ⏰ Working Hours: Monday – Friday 7:30 AM – 4:30 PM ✉️ How to Apply: Please send your CV to [email protected] with the subject: ""Udon Application"" Or apply online at: mediakidsacademy.com/apply-now/ 🎬 Learn more about us: TikTok: tiktok.com/@mediakidsacademy 🎥 YouTube: https://youtu.be/9tbKWX6ZywY https://youtu.be/ZvkpOdo1TgI https://youtu.be/sdjmsPWYU38 We look forward to welcoming passionate teachers to our team and making a positive impact together! Send Resume You can either send your resume to the employer yourself at the email address above, or you can create a resume on ajarn.com to easily send to employers at any time with just a few clicks! Create a resume on ajarn.com"
ajarn,157829,https://www.ajarn.com/recruitment/jobs/157829/full-time-nes-teacher-in-bangkok,Full-time NES Teacher,Curiookids,Central Chaengwattana,Thailand,"46,000",THB,TEFL,,,,thamonwan.k@curiookids.in.th,https://maps.app.goo.gl/BsAYaR4u5NNVzTt66,1 week ago,"Full-time NES Teacher Posted 1 week ago Are you passionate about teaching and looking for a flexible schedule? Join our dynamic team at Curiookids! Workplace : Curiookids, Central Chaengwattana Location : https://maps.app.goo.gl/BsAYaR4u5NNVzTt66 ✨ Position: Full-Time Foreign English Teacher ✨ Rate: 46,000 THB ✨ Class Size: Maximum of 4–6 students ✨Aged : 3-12 years old ✨Working on weekends is required, with days off on weekdays 📌 Key Responsibilities: • Teach English to young learners in a fun and engaging way • Prepare and deliver lessons aligned with Curiookids’ curriculum • Monitor and report on students' progress • Participate in school events and activities 📌 Requirements: • Native English speaker or near-native proficiency • TEFL/TESOL/CELTA certification preferred • Experience teaching young children is a plus • Flexible and committed to delivering high-quality education ☎️ To Apply: Please send your resume and a self-introduction video to [email protected] or Line: 0858532021 Send Resume You can either send your resume to the employer yourself at the email address above, or you can create a resume on ajarn.com to easily send to employers at any time with just a few clicks! Create a resume on ajarn.com","Full-time NES Teacher Posted 1 week ago Are you passionate about teaching and looking for a flexible schedule? Join our dynamic team at Curiookids! Workplace : Curiookids, Central Chaengwattana Location : https://maps.app.goo.gl/BsAYaR4u5NNVzTt66 ✨ Position: Full-Time Foreign English Teacher ✨ Rate: 46,000 THB ✨ Class Size: Maximum of 4–6 students ✨Aged : 3-12 years old ✨Working on weekends is required, with days off on weekdays 📌 Key Responsibilities: • Teach English to young learners in a fun and engaging way • Prepare and deliver lessons aligned with Curiookids’ curriculum • Monitor and report on students' progress • Participate in school events and activities 📌 Requirements: • Native English speaker or near-native proficiency • TEFL/TESOL/CELTA certification preferred • Experience teaching young children is a plus • Flexible and committed to delivering high-quality education ☎️ To Apply: Please send your resume and a self-introduction video to [email protected] or Line: 0858532021 Send Resume You can either send your resume to the employer yourself at the email address above, or you can create a resume on ajarn.com to easily send to employers at any time with just a few clicks! Create a resume on ajarn.com"
ajarn,157828,https://www.ajarn.com/recruitment/jobs/157828/semi-full-time-nes-teacher-in-nonthaburi,Full-time NES Teacher,Curiookids,Central Chaengwattana,Thailand,,,,,,,thamonwan.k@curiookids.in.th,https://maps.app.goo.gl/BsAYaR4u5NNVzTt66,1 week ago,"Full-time NES Teacher Posted 1 week ago Are you passionate about teaching and looking for a flexible schedule? Join our dynamic team at Curiookids! Workplace : Curiookids, Central Chaengwattana Location : https://maps.app.goo.gl/BsAYaR4u5NNVzTt66 ✨ Position: Full-Time Foreign English Teacher ✨ Class Size: Maximum of 4–6 students ✨Aged : 3-12 years old ✨Hours: Approximately 42 working hours per week ( 25 teaching hours ) ✨Working on weekends is required, with days off on weekdays ✨Provide Visa and work permit 📌 Key Responsibilities: • Teach English to young learners in a fun and engaging way • Prepare and deliver lessons aligned with Curiookids’ curriculum • Monitor and report on students' progress • Participate in school events and activities 📌 Requirements: • Native English speaker or near-native proficiency • TEFL/TESOL/CELTA certification preferred • Experience teaching young children is a plus • Flexible and committed to delivering high-quality education ☎️ To Apply: Please send your resume and a self-introduction video to [email protected] or Line: 0858532021 Send Resume You can either send your resume to the employer yourself at the email address above, or you can create a resume on ajarn.com to easily send to employers at any time with just a few clicks! Create a resume on ajarn.com","Full-time NES Teacher Posted 1 week ago Are you passionate about teaching and looking for a flexible schedule? Join our dynamic team at Curiookids! Workplace : Curiookids, Central Chaengwattana Location : https://maps.app.goo.gl/BsAYaR4u5NNVzTt66 ✨ Position: Full-Time Foreign English Teacher ✨ Class Size: Maximum of 4–6 students ✨Aged : 3-12 years old ✨Hours: Approximately 42 working hours per week ( 25 teaching hours ) ✨Working on weekends is required, with days off on weekdays ✨Provide Visa and work permit 📌 Key Responsibilities: • Teach English to young learners in a fun and engaging way • Prepare and deliver lessons aligned with Curiookids’ curriculum • Monitor and report on students' progress • Participate in school events and activities 📌 Requirements: • Native English speaker or near-native proficiency • TEFL/TESOL/CELTA certification preferred • Experience teaching young children is a plus • Flexible and committed to delivering high-quality education ☎️ To Apply: Please send your resume and a self-introduction video to [email protected] or Line: 0858532021 Send Resume You can either send your resume to the employer yourself at the email address above, or you can create a resume on ajarn.com to easily send to employers at any time with just a few clicks! Create a resume on ajarn.com"
ajarn,157825,https://www.ajarn.com/recruitment/jobs/157825/nes-primary-teacher-in-bangkok,ICT teacher,Siriwat Wittaya School,,Thailand,,,Bachelor,,1 academic year,As soon as possible,jobs@siriwat.ac.th,,1 week ago,"ICT teacher Posted 1 week ago Siriwat Wittaya School is seeking a qualified ICT Teacher to teach at the secondary level. REQUIREMENTS: - Strong communication skills and passion for teaching. - Currently living in Thailand - Minimum 4-year of Bachelor's degree in related fields - Teaching experience: At least 1-2 years - Teaching hours: no more than 24 periods per week - Working hours: Monday to Friday 7:45 - 16:30 o'clock (Duty day 7:00 - 17:00 o'clock) - Start as soon as possible BENEFITS: - Free lunch at school - One academic year renewable contract - Accident Insurance after probation term (3 months) - Work permit and Non-B Visa provided and paid for - Six weeks paid holiday a year - Annual salary increase - Cambridge curriculum/teaching resources provided If you are interested, please send your cover email with: - Resume - Copy of Passport - Copy of Degree - Copy of Transcript - Self - introduction video to [email protected] Send Resume You can either send your resume to the employer yourself at the email address above, or you can create a resume on ajarn.com to easily send to employers at any time with just a few clicks! Create a resume on ajarn.com","ICT teacher Posted 1 week ago Siriwat Wittaya School is seeking a qualified ICT Teacher to teach at the secondary level. REQUIREMENTS: - Strong communication skills and passion for teaching. - Currently living in Thailand - Minimum 4-year of Bachelor's degree in related fields - Teaching experience: At least 1-2 years - Teaching hours: no more than 24 periods per week - Working hours: Monday to Friday 7:45 - 16:30 o'clock (Duty day 7:00 - 17:00 o'clock) - Start as soon as possible BENEFITS: - Free lunch at school - One academic year renewable contract - Accident Insurance after probation term (3 months) - Work permit and Non-B Visa provided and paid for - Six weeks paid holiday a year - Annual salary increase - Cambridge curriculum/teaching resources provided If you are interested, please send your cover email with: - Resume - Copy of Passport - Copy of Degree - Copy of Transcript - Self - introduction video to [email protected] Send Resume You can either send your resume to the employer yourself at the email address above, or you can create a resume on ajarn.com to easily send to employers at any time with just a few clicks! Create a resume on ajarn.com"
ajarn,157823,https://www.ajarn.com/recruitment/jobs/157823/qualified-female-nes-kindergarten-teacher-in-prachuap-khiri-khan,Qualified NES Teacher (Kindergarten and Primary),Beaconhouse Yamsaard School Huahin Campus,Huahin,Thailand,"40,000-45,000",THB,Bachelor,,,June 2026,bellebysthailand@gmail.com,,1 week ago,"Qualified NES Teacher (Kindergarten and Primary) Posted 1 week ago Beaconhouse Yamsaard School Huahin campus is seeking dedicated and energetic Female Native English Speaking Teachers to join our Kindergarten next school year. We are looking for educators who are passionate about early childhood development and creating a vibrant learning environment. Start Date: June 2026 Location: Huahin Rolling admission Key responsibilities: Curriculum Delivery Student Reports and Assessments Parent Communication School Events Homeroom duties Requirements: Education: Bachelor’s Degree in Education (Priority) OR a General Bachelor's Degree with a TEFL/CELTA certificate. Experience: Minimum of 2 years of teaching experience in a Kindergarten setting. Documentation: * Authenticated Degree and Transcripts. Police Clearance from your country of origin. 2–3 Reference Letters from previous employers (including valid contact info) Benefits: 40,000-45000 THB (commensurate with experience and degree, teachers with a Bachelor's degree in Education are prioritized) Paid annual leave and sick leave (available upon successful completion of the probationary period). Assistance with visa and work permit documentation SSO social security insurance, once the work permit is issued Please send your CV and application to: [email protected] [email protected] [email protected] Send Resume You can either send your resume to the employer yourself at the email address above, or you can create a resume on ajarn.com","Qualified NES Teacher (Kindergarten and Primary) Posted 1 week ago Beaconhouse Yamsaard School Huahin campus is seeking dedicated and energetic Female Native English Speaking Teachers to join our Kindergarten next school year. We are looking for educators who are passionate about early childhood development and creating a vibrant learning environment. Start Date: June 2026 Location: Huahin Rolling admission Key responsibilities: Curriculum Delivery Student Reports and Assessments Parent Communication School Events Homeroom duties Requirements: Education: Bachelor’s Degree in Education (Priority) OR a General Bachelor's Degree with a TEFL/CELTA certificate. Experience: Minimum of 2 years of teaching experience in a Kindergarten setting. Documentation: * Authenticated Degree and Transcripts. Police Clearance from your country of origin. 2–3 Reference Letters from previous employers (including valid contact info) Benefits: 40,000-45000 THB (commensurate with experience and degree, teachers with a Bachelor's degree in Education are prioritized) Paid annual leave and sick leave (available upon successful completion of the probationary period). Assistance with visa and work permit documentation SSO social security insurance, once the work permit is issued Please send your CV and application to: [email protected] [email protected] [email protected] Send Resume You can either send your resume to the employer yourself at the email address above, or you can create a resume on ajarn.com to easily send to employers at any time with just a few clicks! Create a resume on ajarn.com"
ajarn,157821,https://www.ajarn.com/recruitment/jobs/157821/english-science-and-math-teachers-in-thailand,"English, Science, and Math Teachers",BFITS Thailand,Thailand,Thailand,"42,300",THB,Bachelor,,12 months,,teachenglish@bfitsthailand.com,https://brightfutureinternationaltrainingservices.applytojob.com/apply/vv8lHCUSCt/English-Math-Science-Teachers-Thailand?source=https%3A%2F%2Fwww.ajarn.com%2F,1 week ago,"English, Science, and Math Teachers Posted 1 week ago APPLY HERE: https://brightfutureinternationaltrainingservices.applytojob.com/apply/vv8lHCUSCt/English-Math-Science-Teachers-Thailand?source=https%3A%2F%2Fwww.ajarn.com%2F BENEFITS: -42,300 THB (EP/Content) salary per month plus 500 THB per hour if overtime -12-month (EP/Content) academic year contract that can be extended for additional years and additional benefits. *No unpaid months or reduced pay due to school holidays or reduced teaching hours* -Visa cost reimbursement up to 9,000 THB -Work permit and teaching license waiver paid by BFITS -Monthly supplemental attendance bonus of 750 THB per month -End of Contract bonus up to 36,000 THB -Guaranteed yearly 3% cost of living pay increase minimum -Medical Insurance -Dental Insurance -2-4 weeks paid vacation (an additional week for every additional year of employment) -All Thai government holidays off with pay (13-15 days annually) *These are mandatory government holidays in addition to the paid vacation. -4-7 Paid personal/sick days (unused personal days reimbursed at 500 THB per day at the end of the contract). -Assistance (if needed) in locating housing -Airport pickup (if needed) -Yearly professional development training is provided for free during school breaks -30% discount on teaching certifications and micro-credentials with Bridge TEFL Group -Supportive and solution-oriented management WORKING CONDITIONS: -Teaching hours range from 15-20 hours a week. -Class sizes","English, Science, and Math Teachers Posted 1 week ago APPLY HERE: https://brightfutureinternationaltrainingservices.applytojob.com/apply/vv8lHCUSCt/English-Math-Science-Teachers-Thailand?source=https%3A%2F%2Fwww.ajarn.com%2F BENEFITS: -42,300 THB (EP/Content) salary per month plus 500 THB per hour if overtime -12-month (EP/Content) academic year contract that can be extended for additional years and additional benefits. *No unpaid months or reduced pay due to school holidays or reduced teaching hours* -Visa cost reimbursement up to 9,000 THB -Work permit and teaching license waiver paid by BFITS -Monthly supplemental attendance bonus of 750 THB per month -End of Contract bonus up to 36,000 THB -Guaranteed yearly 3% cost of living pay increase minimum -Medical Insurance -Dental Insurance -2-4 weeks paid vacation (an additional week for every additional year of employment) -All Thai government holidays off with pay (13-15 days annually) *These are mandatory government holidays in addition to the paid vacation. -4-7 Paid personal/sick days (unused personal days reimbursed at 500 THB per day at the end of the contract). -Assistance (if needed) in locating housing -Airport pickup (if needed) -Yearly professional development training is provided for free during school breaks -30% discount on teaching certifications and micro-credentials with Bridge TEFL Group -Supportive and solution-oriented management WORKING CONDITIONS: -Teaching hours range from 15-20 hours a week. -Class sizes range from 25-35 students per class with air-conditioned classrooms, LCD projectors, Apple TV. -School hours are approximately 07.30-16.30 Monday to Friday. -Curriculum and lesson breakdowns are already developed and provided to the teacher. -All teaching materials are supplied by BFITS in paper or digital format: Textbooks, Slides, -Online Learning Platforms, etc; However, teachers MUST develop their engaging lessons using the material given ** All EP classrooms are equipped with LCD projectors so PowerPoint/Google Slides experience is needed ** RESPONSIBILITIES: -Teach subject content to assigned classes as per the schedule provided. -Adapt and deliver the teaching resources provided by BFITS to suit students' needs. -Build and maintain positive relationships with students and school staff. -Maintain student grading/assessment using the company's Learning Management System. -Attend office meetings or professional development held during office hours (if/when needed). MINIMUM REQUIREMENTS: Bachelor's Degree Police Clearance (can be local or national) Basic Office/IT Skills --> APPLY FOR AVAILABLE POSITIONS USING THE LINK BELOW <-- https://brightfutureinternationaltrainingservices.applytojob.com/apply/vv8lHCUSCt/English-Math-Science-Teachers-Thailand?source=https%3A%2F%2Fwww.ajarn.com%2F LinkedIn: https://www.linkedin.com/showcase/bfits-thailand/ Facebook: https://www.facebook.com/BFITSThailandPage Instagram: BFITSThailand​​​​​​​ Website: https://www.BFITSthailand.com Send Resume You can either send your resume to the employer yourself at the email address above, or you can create a resume on ajarn.com to easily send to employers at any time with just a few clicks! Create a resume on ajarn.com"
ajarn,157629,https://www.ajarn.com/recruitment/jobs/157629/nes-kindergarten-teacher-in-pathum-thani,NES Kindergarten Teacher,Thai International School (TIS),Pathum Thani,Thailand,,,Bachelor,,,,thaiinternationalschool@gmail.com,https://thaiinternationalschool.ac.th,1 week ago,"NES Kindergarten Teacher Posted 1 week ago Native English speaker, Bachelor's Degree in Early Childhood or Elementary Education Qualifications - Native speaker of English - Have Bachelor’s Degree or higher in Early Childhood or Elementary Education. - Teaching Certificate/ teaching experiences is an advantage Benefits: Health & Accident Insurance and housing allowance is provided. Job Description: Self-Contained Classroom Teacher for Kindergarten. Teaching assignment includes English Language, Math, Science, Social Studies, Arts, Music, PE, extra-curriculum and enrichment activities. Contact at [email protected] https://thaiinternationalschool.ac.th Send Resume You can either send your resume to the employer yourself at the email address above, or you can create a resume on ajarn.com to easily send to employers at any time with just a few clicks! Create a resume on ajarn.com","NES Kindergarten Teacher Posted 1 week ago Native English speaker, Bachelor's Degree in Early Childhood or Elementary Education Qualifications - Native speaker of English - Have Bachelor’s Degree or higher in Early Childhood or Elementary Education. - Teaching Certificate/ teaching experiences is an advantage Benefits: Health & Accident Insurance and housing allowance is provided. Job Description: Self-Contained Classroom Teacher for Kindergarten. Teaching assignment includes English Language, Math, Science, Social Studies, Arts, Music, PE, extra-curriculum and enrichment activities. Contact at [email protected] https://thaiinternationalschool.ac.th Send Resume You can either send your resume to the employer yourself at the email address above, or you can create a resume on ajarn.com to easily send to employers at any time with just a few clicks! Create a resume on ajarn.com"
ajarn,157814,https://www.ajarn.com/recruitment/jobs/157814/native-english-speaker-nes-roles-in,Native English Speaker (NES) Roles,Centurion International School Bangkok,Bangkok (Sukhumvit / On Nut 30),Thailand,"50,000 – 55,000",THB,Bachelor,,12 months,August,head@cisb.ac.th,,1 week ago,"Native English Speaker (NES) Roles Posted 1 week ago Job Title: Native English Speaker Roles: Primary Homeroom & Early Years F1 Lead Teacher Location: Bangkok (Sukhumvit / On Nut 30 - 5-10 mins from BTS On Nut) Salary: 50,000 – 55,000 THB / month (Depending on qualifications/experience) Description: Centurion International School Bangkok (CISB) empowers every learner to achieve excellence through an exploratory Cambridge education. As a school moving forward with our WASC accreditation process and integrating a robust Project-Based Learning (PBL) framework, we are seeking structured, professionally-minded Native English-speaking educators for the upcoming academic year. We are currently accepting applications for two distinct NES roles: 1. Primary English, Social Studies & ESL/ELL Homeroom Scope: Year 3–Year 5 English, Year 3 Social Studies, and Year 4 ESL/ELL support. Teaching Load: 23 teaching hours per week. 2. Early Years Foundation 1 (F1) Lead Teacher Scope: Early Childhood classroom management and foundational literacy/social development. Note: Female candidate preferred for this early-years setting. Key Responsibilities: 1. Plan and deliver Cambridge International Curriculum and Project-Based Learning (PBL) units. 2. Utilize our centralized online gradebook for formative and summative assessments. 3. Regularly submit student work samples and lesson templates for our WASC accreditation repository. 4. Implement school-wide positive behavior management and restorative pra","Native English Speaker (NES) Roles Posted 1 week ago Job Title: Native English Speaker Roles: Primary Homeroom & Early Years F1 Lead Teacher Location: Bangkok (Sukhumvit / On Nut 30 - 5-10 mins from BTS On Nut) Salary: 50,000 – 55,000 THB / month (Depending on qualifications/experience) Description: Centurion International School Bangkok (CISB) empowers every learner to achieve excellence through an exploratory Cambridge education. As a school moving forward with our WASC accreditation process and integrating a robust Project-Based Learning (PBL) framework, we are seeking structured, professionally-minded Native English-speaking educators for the upcoming academic year. We are currently accepting applications for two distinct NES roles: 1. Primary English, Social Studies & ESL/ELL Homeroom Scope: Year 3–Year 5 English, Year 3 Social Studies, and Year 4 ESL/ELL support. Teaching Load: 23 teaching hours per week. 2. Early Years Foundation 1 (F1) Lead Teacher Scope: Early Childhood classroom management and foundational literacy/social development. Note: Female candidate preferred for this early-years setting. Key Responsibilities: 1. Plan and deliver Cambridge International Curriculum and Project-Based Learning (PBL) units. 2. Utilize our centralized online gradebook for formative and summative assessments. 3. Regularly submit student work samples and lesson templates for our WASC accreditation repository. 4. Implement school-wide positive behavior management and restorative practices. 5. Lead parent-teacher meetings and produce regular digital newsletters. Requirements: 1. Native English Speakers ONLY (Passport holders from UK, US, CA, AU, NZ, IE, or SA). 2. A Bachelor’s or Master’s degree in Education or relevant subject-specific degrees (English, History, etc.) is highly preferred. 3. A strong interest in, or experience with, Project-Based Learning (PBL). 4. Collaborative mindset and strict adherence to administrative submission deadlines. Benefits & Details: -Working Hours: Monday to Friday, 7:15 am – 4:00 pm (Most days finished by 3:30 pm - Excellent work-life balance!). -Contract: 12-month contract (August to July). -Paid Holidays: 50+ paid days off per year (including Christmas, New Year, October, April, and Summer breaks). -Visa Support: Full assistance with Non-Immigrant B Visa and Work Permit coverage. -Perks: Health insurance provided, free daily school lunch, and ongoing professional development. How to Apply: Please submit your application via email to: [email protected] ⚠️ CRITICAL APPLICATION INSTRUCTION: Your email subject line MUST follow this format exactly to be considered: [Job Title You Are Applying For] – [Your Full Name] (Example: Primary English Homeroom – John Doe) Please attach: -Your current CV (PDF format preferred) with a recent professional photo. -Scans of your Degrees, Transcripts, and Teaching Certificates. -A brief introductory note highlighting your interest or experience in Project-Based Learning (PBL). Send Resume You can either send your resume to the employer yourself at the email address above, or you can create a resume on ajarn.com to easily send to employers at any time with just a few clicks! Create a resume on ajarn.com"
ajarn,157815,https://www.ajarn.com/recruitment/jobs/157815/primary-science-specialist-teacher-in,Primary Science Specialist Teacher,Centurion International School Bangkok,Bangkok (Sukhumvit / On Nut 30),Thailand,"21,000 – 23,000",THB,Bachelor,,12 months,August,head@cisb.ac.th,,1 week ago,"Primary Science Specialist Teacher Posted 1 week ago Job Title: Primary Science Specialist (Non-NES / Thai or International Applicants) Location: Bangkok (Sukhumvit / On Nut 30 - 5-10 mins from BTS On Nut) Salary: 21,000 – 23,000 THB / month Description: Centurion International School Bangkok (CISB) empowers every learner to achieve excellence through an exploratory Cambridge education. As a school moving forward with our WASC accreditation process and integrating a robust Project-Based Learning (PBL) framework, we are seeking a structured, professionally-minded Primary Science Specialist for the upcoming academic year. Position: Primary Science Specialist Scope: Teaching Science from Year 1 to Year 4. Teaching Load: 23 teaching hours per week. Key Responsibilities: -Plan and deliver Science lessons aligned with the Cambridge International Curriculum and Project-Based Learning (PBL) framework. -Utilize our centralized online gradebook for student assessment and tracking. -Submit student work samples and lesson templates regularly for our WASC accreditation repository. -Implement school-wide positive behavior management. -Support community engagement through parent-teacher communication and digital newsletters. Requirements: 1. High English proficiency with valid language proficiency scores (IELTS or TOEIC) suitable for Thai teaching licensure. 2. A Bachelor’s or Master’s degree in Education or Science-related fields is highly preferred. 3. A strong interest in, or experience","Primary Science Specialist Teacher Posted 1 week ago Job Title: Primary Science Specialist (Non-NES / Thai or International Applicants) Location: Bangkok (Sukhumvit / On Nut 30 - 5-10 mins from BTS On Nut) Salary: 21,000 – 23,000 THB / month Description: Centurion International School Bangkok (CISB) empowers every learner to achieve excellence through an exploratory Cambridge education. As a school moving forward with our WASC accreditation process and integrating a robust Project-Based Learning (PBL) framework, we are seeking a structured, professionally-minded Primary Science Specialist for the upcoming academic year. Position: Primary Science Specialist Scope: Teaching Science from Year 1 to Year 4. Teaching Load: 23 teaching hours per week. Key Responsibilities: -Plan and deliver Science lessons aligned with the Cambridge International Curriculum and Project-Based Learning (PBL) framework. -Utilize our centralized online gradebook for student assessment and tracking. -Submit student work samples and lesson templates regularly for our WASC accreditation repository. -Implement school-wide positive behavior management. -Support community engagement through parent-teacher communication and digital newsletters. Requirements: 1. High English proficiency with valid language proficiency scores (IELTS or TOEIC) suitable for Thai teaching licensure. 2. A Bachelor’s or Master’s degree in Education or Science-related fields is highly preferred. 3. A strong interest in, or experience with, Project-Based Learning (PBL). 4. Strong organization skills and strict adherence to administrative submission deadlines. Benefits & Details: -Working Hours: Monday to Friday, 7:15 am – 4:00 pm (Most days finished by 3:30 pm - Excellent work-life balance!). -Contract: 12-month contract (August to July). -Paid Holidays: 50+ paid days off per year (including Christmas, New Year, October, April, and Summer breaks). -Visa & Licensure Support: Full assistance with Non-Immigrant B Visa, Work Permit coverage, and teaching license processing. -Perks: Health insurance provided, free daily school lunch, and ongoing professional development. How to Apply: Please submit your application via email to: [email protected] ⚠️ CRITICAL APPLICATION INSTRUCTION: Your email subject line MUST follow this format exactly to be considered: [Job Title You Are Applying For] – [Your Full Name] (Example: Primary Science Specialist – Somchai Deeja) Please attach: -Your current CV (PDF format preferred) with a recent professional photo. -Scans of your Degrees, Transcripts, and English proficiency scores (IELTS/TOEIC). -A brief introductory note highlighting your interest or experience in Project-Based Learning (PBL). Send Resume You can either send your resume to the employer yourself at the email address above, or you can create a resume on ajarn.com to easily send to employers at any time with just a few clicks! Create a resume on ajarn.com"
ajarn,157816,https://www.ajarn.com/recruitment/jobs/157816/part-time-chinese-language-teacher-in,Part-Time Chinese Language Teacher,Centurion International School Bangkok,Bangkok (Sukhumvit / On Nut 30),Thailand,"18,000 – 20,000",THB,,,12 months,,head@cisb.ac.th,,1 week ago,"Part-Time Chinese Language Teacher Posted 1 week ago Job Title: Part-Time Chinese Language Teacher (Thai / Local Applicants) Location: Bangkok (Sukhumvit / On Nut 30 - 5-10 mins from BTS On Nut) Salary: 18,000 – 20,000 THB / month (Part-Time Hours) Description: Centurion International School Bangkok (CISB) is seeking an engaging and qualified Part-Time Chinese Language Teacher for the upcoming academic year to join our dynamic team. Position: Part-Time Chinese Language Teacher Scope: Deliver engaging, communicative Chinese language lessons across assigned primary year groups. Hours: Part-Time (Specific schedule to be discussed during the interview). Key Responsibilities: -Plan and deliver a structured, engaging Chinese language curriculum for primary students. -Manage classrooms effectively to create a positive learning environment. -Work collaboratively with Key Stage Leaders and maintain timely communication. -Track student progress and participate in school community events where required. Requirements: 1. Open to Thai nationals or locally-based applicants with excellent Chinese proficiency. 2. HSK 5+ or a degree in Chinese Language / Chinese Teaching is highly preferred. 3. Prior experience in classroom management and teaching young learners is a strong plus. 4. Professional attitude with good communication and organizational skills. Benefits & Details: -Contract: 12-month contract (August to July). -Paid Holidays: Generous paid days off aligned with the school academic c","Part-Time Chinese Language Teacher Posted 1 week ago Job Title: Part-Time Chinese Language Teacher (Thai / Local Applicants) Location: Bangkok (Sukhumvit / On Nut 30 - 5-10 mins from BTS On Nut) Salary: 18,000 – 20,000 THB / month (Part-Time Hours) Description: Centurion International School Bangkok (CISB) is seeking an engaging and qualified Part-Time Chinese Language Teacher for the upcoming academic year to join our dynamic team. Position: Part-Time Chinese Language Teacher Scope: Deliver engaging, communicative Chinese language lessons across assigned primary year groups. Hours: Part-Time (Specific schedule to be discussed during the interview). Key Responsibilities: -Plan and deliver a structured, engaging Chinese language curriculum for primary students. -Manage classrooms effectively to create a positive learning environment. -Work collaboratively with Key Stage Leaders and maintain timely communication. -Track student progress and participate in school community events where required. Requirements: 1. Open to Thai nationals or locally-based applicants with excellent Chinese proficiency. 2. HSK 5+ or a degree in Chinese Language / Chinese Teaching is highly preferred. 3. Prior experience in classroom management and teaching young learners is a strong plus. 4. Professional attitude with good communication and organizational skills. Benefits & Details: -Contract: 12-month contract (August to July). -Paid Holidays: Generous paid days off aligned with the school academic calendar (including Christmas, New Year, October, April, and Summer breaks). -Perks: Free daily school lunch on working days and opportunities for professional growth in an international school environment. How to Apply: Please submit your application via email to: [email protected] ⚠️ CRITICAL APPLICATION INSTRUCTION: Your email subject line MUST follow this format exactly to be considered: [Job Title You Are Applying For] – [Your Full Name] (Example: Part-Time Chinese Language Teacher – Meiling Wang) Please attach: -Your current CV (PDF format preferred) with a recent professional photo. -Scans of your Degrees, Transcripts, and HSK Certificate. -A brief introductory note highlighting your teaching philosophy or experience with young learners. Send Resume You can either send your resume to the employer yourself at the email address above, or you can create a resume on ajarn.com to easily send to employers at any time with just a few clicks! Create a resume on ajarn.com"
ajarn,157811,https://www.ajarn.com/recruitment/jobs/157811/nes-elementary-homeroom-teacher-grade-1-or-2-in-bangkok,NES Elementary Homeroom Teacher (Grade 1 or 2),Central International School,Bangkok,Thailand,"60,000 - 65,000",THB,Bachelor,,1 academic year,"June 29, 2026",cis.rama9@gmail.com,,1 week ago,"NES Elementary Homeroom Teacher (Grade 1 or 2) Posted 1 week ago 🌟 Join Our Team at Central International School! 🌟 Position: Elementary Homeroom Teacher (Grade 1 or 2) 📍 Location: Bangkok, Thailand | 💰 Salary: 60,000 - 65,000 THB/month 🗓 Start Date: June 29, 2026 At Central International School (CIS), we are building more than a school - we are cultivating a community where students and educators grow together. Guided by the U.S. California Curriculum, our approach blends academic excellence with interactive, hands-on learning, ensuring every child develops strong English skills, critical thinking, and a lifelong passion for learning. We are looking for: ✅ NES ONLY (Australia, Canada, Ireland, New Zealand, UK, USA) ✅ Start June 29, 2026 ✅ Passionate and caring for Elementary students with relevant teaching experience ✅ Basic Salary 60,000 - 65,000 THB (depending on qualifications & experience) ✅ 1 academic year contract (inclusive of a probation period of 3 months) 📄 Position's Basic Information: 🔵US California Curriculum 🔵24 classes per week 🔵45 - 50 minutes per class 🔵Working hours 7.40 AM - 4.00 PM 🔵Class time 8.00 AM - 3.00 PM (with optional afterschool teaching until 4 or 5 PM) 🔵2 semesters per academic year (August to December, January - June) 🔵Student supervision during snack and lunch break, attend and work on all required school meetings, functions and events 😊Benefits: ✅ Health insurance (Half) ✅ Free lunch meals ✅ Non-Immigrant Type ""B"" visa and work permit suppor","NES Elementary Homeroom Teacher (Grade 1 or 2) Posted 1 week ago 🌟 Join Our Team at Central International School! 🌟 Position: Elementary Homeroom Teacher (Grade 1 or 2) 📍 Location: Bangkok, Thailand | 💰 Salary: 60,000 - 65,000 THB/month 🗓 Start Date: June 29, 2026 At Central International School (CIS), we are building more than a school - we are cultivating a community where students and educators grow together. Guided by the U.S. California Curriculum, our approach blends academic excellence with interactive, hands-on learning, ensuring every child develops strong English skills, critical thinking, and a lifelong passion for learning. We are looking for: ✅ NES ONLY (Australia, Canada, Ireland, New Zealand, UK, USA) ✅ Start June 29, 2026 ✅ Passionate and caring for Elementary students with relevant teaching experience ✅ Basic Salary 60,000 - 65,000 THB (depending on qualifications & experience) ✅ 1 academic year contract (inclusive of a probation period of 3 months) 📄 Position's Basic Information: 🔵US California Curriculum 🔵24 classes per week 🔵45 - 50 minutes per class 🔵Working hours 7.40 AM - 4.00 PM 🔵Class time 8.00 AM - 3.00 PM (with optional afterschool teaching until 4 or 5 PM) 🔵2 semesters per academic year (August to December, January - June) 🔵Student supervision during snack and lunch break, attend and work on all required school meetings, functions and events 😊Benefits: ✅ Health insurance (Half) ✅ Free lunch meals ✅ Non-Immigrant Type ""B"" visa and work permit support ✅ Class size of 20 students or below ✅ AC and internet connection ✅ Paid holidays ✅ Potential after-school extra income opportunity 🧾Requirements for application: 🔵 CV/ Resume 🔵 Bachelor's degree in Education preferred (or Masters/PhD, if any) 🔵 Degree transcript 🔵 Teaching-related certificates 🔵 Passport photo page 🔵 Recommendation/ Referral Letter(s) (if any) 🔵 At least 2-3 years of Elementary teaching experience 🔵 Non-criminal record (if any) 🔵 Teaching demonstration may be required 🔴Only shortlisted candidates will be contacted for an in-person or online interview 🤝Join us! Send your application to: [email protected] ✨Please feel free to visit our: - Official website: www.central-school.com - Facebook: https://www.facebook.com/CISKidsfirst Send Resume You can either send your resume to the employer yourself at the email address above, or you can create a resume on ajarn.com to easily send to employers at any time with just a few clicks! Create a resume on ajarn.com"
ajarn,157809,https://www.ajarn.com/recruitment/jobs/157809/nes-substitute-teacher-in-bangkok,NES Substitute Teacher,EP Plus Learning,Bangkok/Nonthaburi,Thailand,"42,000",THB,Bachelor,,10 months,Immediately,jobepplus@gmail.com,,1 week ago,"NES Substitute Teacher Posted 1 week ago 📢 Now Hiring: NES Substitute Teacher 📅 Position Details Schedule: Mondays to Fridays 7:30 - 16:30 Teaching Load: 25.5 hours per week CAN START IMMEDIATELY 💼 What We Offer Starting salary: 42,000 THB/month (depending on experience) 10-month renewable contract Visa & work permit provided Health insurance Supportive and collaborative work environment Opportunities for professional development and career growth ✅ Requirements Nationality: US, UK, Ireland, South Africa, New Zealand, Australia, or Canada (NES only) Education: Bachelor’s degree from an accredited university Experience: Minimum 1 year teaching (preferred but not required) Qualities: Energetic, positive, excellent communicator Mindset: Adaptable, creative, student-focused Location: Bangkok/Nonthaburi 📩 How to Apply Please send your CV with photo, passport biopage, degree, university transcript, & a short introduction video to: 👉 [email protected] Send Resume You can either send your resume to the employer yourself at the email address above, or you can create a resume on ajarn.com to easily send to employers at any time with just a few clicks! Create a resume on ajarn.com","NES Substitute Teacher Posted 1 week ago 📢 Now Hiring: NES Substitute Teacher 📅 Position Details Schedule: Mondays to Fridays 7:30 - 16:30 Teaching Load: 25.5 hours per week CAN START IMMEDIATELY 💼 What We Offer Starting salary: 42,000 THB/month (depending on experience) 10-month renewable contract Visa & work permit provided Health insurance Supportive and collaborative work environment Opportunities for professional development and career growth ✅ Requirements Nationality: US, UK, Ireland, South Africa, New Zealand, Australia, or Canada (NES only) Education: Bachelor’s degree from an accredited university Experience: Minimum 1 year teaching (preferred but not required) Qualities: Energetic, positive, excellent communicator Mindset: Adaptable, creative, student-focused Location: Bangkok/Nonthaburi 📩 How to Apply Please send your CV with photo, passport biopage, degree, university transcript, & a short introduction video to: 👉 [email protected] Send Resume You can either send your resume to the employer yourself at the email address above, or you can create a resume on ajarn.com to easily send to employers at any time with just a few clicks! Create a resume on ajarn.com"
ajarn,157807,https://www.ajarn.com/recruitment/jobs/157807/coaching-english-sub-teacher-in-bangkok,Coaching English / Sub Teacher,Coaching English,Bangkok / Nonthaburi,Thailand,"46,000",THB,Bachelor,,12 months,Immediate,jobepplus@gmail.com,,1 week ago,"Coaching English / Sub Teacher Posted 1 week ago 📢 Now Hiring: Coaching English Teacher (Full-Time) (with flexibility to teach at other locations when needed) 💬 About the Role We’re hiring NES teachers to teach Kindergarten, Young Learners, Teens, and Adults/Business English. At Coaching English, we believe learning should be fun, practical, and focused on communication. You’ll join a creative team designing games, activities, and real-world speaking experiences that help students gain confidence in English. You’ll primarily teach at Coaching English’s main center, with flexibility to teach or assist at other partner schools/locations when needed. 📍 Locations: •Main Base: Coaching English Center •Other Possible Locations: Bangkok / Nonthaburi area 💼 Contract: 12 months (renewable) 💰 Salary (depending on experience & qualifications): •NES: Starting from 46,000 THB/month 🚗 Travel reimbursement up to 3,000 THB based on actual distance traveled 🕒 Working Hours •Flexible shifts between 8:00 AM – 8:00 PM (weekdays & weekends) •5 working days / 7 working hours per day / 25 teaching hours per week •Schedule provided in advance •2 consecutive weekdays off •Include occasional travel/schedule to partner schools or locations ✅ Requirements •Nationality: US, UK, Ireland, South Africa, New Zealand, Australia, or Canada •Age: 25–40 years •Education: Bachelor’s degree (any field; Education/English-related preferred) •Certification: TEFL, TESOL, CELTA, or equivalent •Experience: Minimum 1–2 y","Coaching English / Sub Teacher Posted 1 week ago 📢 Now Hiring: Coaching English Teacher (Full-Time) (with flexibility to teach at other locations when needed) 💬 About the Role We’re hiring NES teachers to teach Kindergarten, Young Learners, Teens, and Adults/Business English. At Coaching English, we believe learning should be fun, practical, and focused on communication. You’ll join a creative team designing games, activities, and real-world speaking experiences that help students gain confidence in English. You’ll primarily teach at Coaching English’s main center, with flexibility to teach or assist at other partner schools/locations when needed. 📍 Locations: •Main Base: Coaching English Center •Other Possible Locations: Bangkok / Nonthaburi area 💼 Contract: 12 months (renewable) 💰 Salary (depending on experience & qualifications): •NES: Starting from 46,000 THB/month 🚗 Travel reimbursement up to 3,000 THB based on actual distance traveled 🕒 Working Hours •Flexible shifts between 8:00 AM – 8:00 PM (weekdays & weekends) •5 working days / 7 working hours per day / 25 teaching hours per week •Schedule provided in advance •2 consecutive weekdays off •Include occasional travel/schedule to partner schools or locations ✅ Requirements •Nationality: US, UK, Ireland, South Africa, New Zealand, Australia, or Canada •Age: 25–40 years •Education: Bachelor’s degree (any field; Education/English-related preferred) •Certification: TEFL, TESOL, CELTA, or equivalent •Experience: Minimum 1–2 years of teaching (online & onsite preferred) •Skills & Qualities: oStrong English communication and clear pronunciation oEnergetic, fun, and student-focused oCreative, adaptable, and a team player oCommitted to helping students improve confidence and real-life communication Preferred: •Experience in public speaking, activity-based learning, or coaching •Comfortable teaching different age groups and classroom settings •Must be willing to teach on weekends and willing to travel to different teaching locations 🌟 What We Offer •Competitive salary •Transportation allowances •Visa & work permit support •Health insurance •Friendly, supportive work environment •Opportunities for training and career growth 🚀 Ready to Join the Team? If you’re passionate about teaching and want to make English learning fun and meaningful, we’d love to hear from you! 📩 Apply Now: Send your CV with a recent photo, passport bio page, degree & transcript, and a short 1–2 minute introduction video to: 👉 [email protected] ⚠️ Applicants must already be in Thailand and available for an immediate start. An in-person teaching demonstration will be required as part of the application process. NO WALK-INS ACCEPTED. Online interviews are scheduled Monday to Friday, from 9:00 AM to 4:00 PM Thailand Time only. Send Resume You can either send your resume to the employer yourself at the email address above, or you can create a resume on ajarn.com to easily send to employers at any time with just a few clicks! Create a resume on ajarn.com"
ajarn,157805,https://www.ajarn.com/recruitment/jobs/157805/steam-teacher-for-primary-students-in-bangkok,STEAM Teacher for Primary Students,TSI International School,Bangkok,Thailand,"44,000 baht/month",THB,Bachelor,,1 year,1st August 2026,recruit@tsi.ac.th,,1 week ago,"STEAM Teacher for Primary Students Posted 1 week ago Due to ongoing growth at our new Bearing Primary School, we are seeking a QUALIFIED primary teacher with a strong interest in STEAM (Science, Technology, Engineering, Arts, and Mathematics). Our new STEAM teacher will design and deliver engaging, hands-on learning experiences that encourage scientific inquiry, problem-solving, collaboration, and critical thinking in primary-aged learners. This role will also include some cover teaching (mainly Year 6 for four periods/week). The successful applicant will work with our expanding team of professional, friendly teachers. DURATION: 1st August 2026 – 31st July 2027 (with option of renewal) KEY RESPONSIBILITIES: - Plan, deliver and assess STEAM lessons for children in Years 1-6. - Provide release time for the Deputy Principal (teaching Year 6 for four periods/week). QUALIFICATIONS: Applicants must be qualified with at least a Bachelor’s Degree major in Primary Education (or similar). A specialisation in primary Science/STEAM would be an advantage. EXPERIENCE: Those with recent teaching experience in an international school environment are encouraged to apply. Familiarity with the UK curriculum is an advantage. DESIRABLE: - Be passionate about Science, STEAM, innovation, and hands-on learning. - Have a good understanding of inquiry-based and child-centred learning. - Be creative, adaptable, and enthusiastic in the classroom. - Be committed to creating a nurturing and engaging learn","STEAM Teacher for Primary Students Posted 1 week ago Due to ongoing growth at our new Bearing Primary School, we are seeking a QUALIFIED primary teacher with a strong interest in STEAM (Science, Technology, Engineering, Arts, and Mathematics). Our new STEAM teacher will design and deliver engaging, hands-on learning experiences that encourage scientific inquiry, problem-solving, collaboration, and critical thinking in primary-aged learners. This role will also include some cover teaching (mainly Year 6 for four periods/week). The successful applicant will work with our expanding team of professional, friendly teachers. DURATION: 1st August 2026 – 31st July 2027 (with option of renewal) KEY RESPONSIBILITIES: - Plan, deliver and assess STEAM lessons for children in Years 1-6. - Provide release time for the Deputy Principal (teaching Year 6 for four periods/week). QUALIFICATIONS: Applicants must be qualified with at least a Bachelor’s Degree major in Primary Education (or similar). A specialisation in primary Science/STEAM would be an advantage. EXPERIENCE: Those with recent teaching experience in an international school environment are encouraged to apply. Familiarity with the UK curriculum is an advantage. DESIRABLE: - Be passionate about Science, STEAM, innovation, and hands-on learning. - Have a good understanding of inquiry-based and child-centred learning. - Be creative, adaptable, and enthusiastic in the classroom. - Be committed to creating a nurturing and engaging learning environment. - Be organised, positive, and proactive. - Work well as part of a collaborative team. BENEFITS: - Competitive monthly salary of 44,000 baht/month - Option of on-campus, furnished accommodation (shared, two bedroom condominium) - Health insurance - Approximately 12 weeks paid holiday/year - Professional development opportunities APPLICATION PROCESS: - Applications should be sent directly to – [email protected] - The email’s subject must be “STEAM” - Applications must include: - A short introductory email / cover letter - Your recently updated CV that includes the name and contact details of three professional referees. They will not be contacted until after interviews have occurred. - A recent photograph - A scan of your ID card/ passport - Only shortlisted applicants will be invited for an interview. ABOUT TSI: TSI International School has been educating students since 1985 and was one of Bangkok’s first international schools. TSI is a non-profit school governed by a charitable foundation. In 2017, the school began a renewal process with new management and a complete review of our Values and Guiding Statements. Over the past 9 years the school has gone from strength to strength. We continue to experience a significant increase in enrolments as our reputation for providing world-class international schooling continues to grow. In August 2025, we will open our second primary school at our Bearing Campus. We have moved on from a ‘renewal’ phase and are now firmly entrenched in school improvement and working towards reinstating our fully accredited status with CIS. We recently had our final Council of International Schools (CIS) Team Evaluation Visit. In their official exit meeting, the CIS team chair said the following about our school: ""TSI is a small school with a massive heart. It is a great school with a truly collegial staff. It is a school where every student is known, respected, nurtured and feels wanted.”.” At our Secondary School, students have achieved excellent IGCSE and A-Level exam results in recent years and are now studying at universities all around the world. Our Bearing Campus is ideally located a few minutes from Bearing BTS station, while the Wongwianyai Campus is located close to popular residential areas of Bangkok. The expansive and leafy Bearing campus offers very generous outdoor sports facilities, a huge Gymnasium, an open-air Swimming Pool and modern classroom learning environments. Aside from the package, why should you join TSI International School? - We have a great team of staff; friendly, competent and dedicated (Noted by CIS evaluators and another recent leadership consultant who visited the school) - A strong, cohesive and stable leadership team (CIS feedback) who have been working together for 6+ years at TSI - A very clear vision for schooling and learning as represented in our Guiding Statements (see our website: www.tsi.ac.th) - Professional autonomy and trust - Incredibly strong sense of community and an increasingly diverse mix of nationalities (33 in May 2026). - A non-profit school with plans for significant growth and new facilities in the future - A commitment to staff development Thank you for taking time to consider joining our unique and special school community. If what you've researched about TSI resonates with you, we'd love to receive your application. Send Resume You can either send your resume to the employer yourself at the email address above, or you can create a resume on ajarn.com to easily send to employers at any time with just a few clicks! Create a resume on ajarn.com"
ajarn,157804,https://www.ajarn.com/recruitment/jobs/157804/kindergarten-teacher-in-bangkok,Nursery & Kindergarten Teachers,Essential,Bangkok,Thailand,"55,000",THB,Bachelor,,,mid June 2026,info@teachinginbangkok.com,,1 week ago,"Nursery & Kindergarten Teachers Posted 1 week ago Essential is looking for kindergarten school teachers to join a happy and stimulating environment at a school within walking distance of Ari BTS Station. This is a full-time position starting mid June 2026. Salary is 55,000THB per month. The schools has excellent resources. Teach from Monday to Friday. The successful candidates should have a sound understanding of teaching practice in the classroom and be willing and able to provide a stimulating learning environment. We offer a comprehensive package • Take-home salary of 55,000THB • 2 weeks holiday over Xmas and NY • 4 to 5 weeks paid holiday • Visa & work permit provided • Annual salary increase About the School • This inclusive, purpose built school, situated in Bangkok, encourages children to learn in a creative way • Dedicated and collaborative members of staff •The schools are within walking distance of Ari BTS You must meet the following requirements for a visa or working permit: • Some teaching experience. • Any bachelor's degree. • TEFL or similar teaching qualification. • Should hold a valid passport from either Australia, Canada, Ireland, New Zealand, South Africa, United Kingdom or United States. • Must be currently residing in Bangkok & able to interview in-person. KINDLY NOTE: We are currently only accepting applications from native English speakers. Thank you for your understanding. Interested in Applying? Please email your cover letter, recent photo and up-to-d","Nursery & Kindergarten Teachers Posted 1 week ago Essential is looking for kindergarten school teachers to join a happy and stimulating environment at a school within walking distance of Ari BTS Station. This is a full-time position starting mid June 2026. Salary is 55,000THB per month. The schools has excellent resources. Teach from Monday to Friday. The successful candidates should have a sound understanding of teaching practice in the classroom and be willing and able to provide a stimulating learning environment. We offer a comprehensive package • Take-home salary of 55,000THB • 2 weeks holiday over Xmas and NY • 4 to 5 weeks paid holiday • Visa & work permit provided • Annual salary increase About the School • This inclusive, purpose built school, situated in Bangkok, encourages children to learn in a creative way • Dedicated and collaborative members of staff •The schools are within walking distance of Ari BTS You must meet the following requirements for a visa or working permit: • Some teaching experience. • Any bachelor's degree. • TEFL or similar teaching qualification. • Should hold a valid passport from either Australia, Canada, Ireland, New Zealand, South Africa, United Kingdom or United States. • Must be currently residing in Bangkok & able to interview in-person. KINDLY NOTE: We are currently only accepting applications from native English speakers. Thank you for your understanding. Interested in Applying? Please email your cover letter, recent photo and up-to-date resume to [email protected] Please see our website for further details about our positions: http://www.teachinginbangkok.com/en/current-jobs Send Resume You can either send your resume to the employer yourself at the email address above, or you can create a resume on ajarn.com to easily send to employers at any time with just a few clicks! Create a resume on ajarn.com"
ajarn,157803,https://www.ajarn.com/recruitment/jobs/157803/female-kindergarten-teacher-in-bangkok,Female Kindergarten Teacher,,Bangkok,Thailand,"45,000",THB,Bachelor,,12 months,June or July 2026,info@teachinginbangkok.com,,1 week ago,"Female Kindergarten Teacher Posted 1 week ago We are looking for Kindergarten teachers for positions at two locations in Bangkok near Sathorn Road, Rama 3. These positions will begin in June and July 2026 . Overtime Pay: Opportunities are available for tutoring, with potential earnings of 5,000THB to 20,000THB monthly. Take-home salary of 45,000THB per month. Overtime Pay: 5,000THB to 20,000THB per month School Locations: • Near Sathorn Road • 10mins from Chong Nonsi BTS Station Our partner schools specialise in early childhood education, catering to learners aged 1.6 to 6 years. We offer a dynamic curriculum across Nursery and Kindergarten levels, with a variety of English-based subjects such as language arts, cooking, art, maths and science. Our focus is to provide a playful and stimulating educational experience for our young students. About the Position: • The school day runs from 8:00 am to 4:00 pm. • Classes are well-disciplined, with students who are friendly and respectful. • We are actively interviewing for these positions, supported by a well-organised and supportive English department. Our Package Includes: •A take salary of 45,000THB • Complete assistance with visa and work permit procedures. • Medical Insurance option • A 12-month contract. • 5 to 6 weeks of paid holidays. • Free lunch. • Yearly salary increments. Requirements To be considered for this position, applicants must: •Be able to start in June or July 2026. •Hold an accredited bachelor’s degree and a T","Female Kindergarten Teacher Posted 1 week ago We are looking for Kindergarten teachers for positions at two locations in Bangkok near Sathorn Road, Rama 3. These positions will begin in June and July 2026 . Overtime Pay: Opportunities are available for tutoring, with potential earnings of 5,000THB to 20,000THB monthly. Take-home salary of 45,000THB per month. Overtime Pay: 5,000THB to 20,000THB per month School Locations: • Near Sathorn Road • 10mins from Chong Nonsi BTS Station Our partner schools specialise in early childhood education, catering to learners aged 1.6 to 6 years. We offer a dynamic curriculum across Nursery and Kindergarten levels, with a variety of English-based subjects such as language arts, cooking, art, maths and science. Our focus is to provide a playful and stimulating educational experience for our young students. About the Position: • The school day runs from 8:00 am to 4:00 pm. • Classes are well-disciplined, with students who are friendly and respectful. • We are actively interviewing for these positions, supported by a well-organised and supportive English department. Our Package Includes: •A take salary of 45,000THB • Complete assistance with visa and work permit procedures. • Medical Insurance option • A 12-month contract. • 5 to 6 weeks of paid holidays. • Free lunch. • Yearly salary increments. Requirements To be considered for this position, applicants must: •Be able to start in June or July 2026. •Hold an accredited bachelor’s degree and a TEFL/TESOL/CELTA certificate. •Currently reside in Thailand and be available for in-person interviews. •Have some teaching experience. •Be a native English speaker from the UK, USA, Canada, SA, New Zealand, or Australia. Our Application Process: Interested native English speakers, please send your cover letter, resume and a recent photograph to: [email protected] Shortlisted candidates will be contacted for an in-person interview. See more teaching positions: www.teachinginbangkok.com/en/current-jobs Send Resume You can either send your resume to the employer yourself at the email address above, or you can create a resume on ajarn.com to easily send to employers at any time with just a few clicks! Create a resume on ajarn.com"
ajarn,157800,https://www.ajarn.com/recruitment/jobs/157800/media-officer-it-support-y5-6-computing-teacher-in-bangkok,"Media Officer, IT Support & Y5-6 Computing Teacher",TSI International School - Wongwianyai Campus,Bangkok,Thailand,"36,000-40,000 baht/month",THB,Bachelor,,1 year,1st August 2026,recruit@tsi.ac.th,,1 week ago,"Media Officer, IT Support & Y5-6 Computing Teacher Posted 1 week ago Due to the ongoing growth of our school, we are seeking a talented and multi-skilled individual for TSI Wongwianyai Campus. The successful applicant’s role will include teaching Computing to students in Years 5 & 6. Their other duties will be to provide Media and IT support at our Wongwianyai Campus. The successful applicant will work with our team of professional, friendly teachers. DURATION: 1st August 2026 – 31st July 2027 (with option of renewal) KEY RESPONSIBILITIES: Teaching and Learning: • Computing for children in Years 5 & 6 ((total of four periods/week). Lessons must of course be interesting and cater for children of varying abilities. IT Support: • Work in collaboration with our main IT support officer, based at our Bearing Campus, to maintain the IT network, equipment and software at TSI Wongwianyai Campus. • Assist staff to solve daily IT issues. • Assist staff with software questions. Media Support: • Photograph / Film school events. • Maintain storage of all school photos and videos in a shared system (google drive). • Edit photos and videos for use on social media etc. • Make occasional updates to the school’s website. • Graphic design skills to prepare posters, banners and publications for printing. QUALIFICATIONS: • Applicants must be teacher qualified and with a Bachelor Degree in Computer Science or Information Technology. EXPERIENCE: • This position is ideal for enthusiastic recent-gradu","Media Officer, IT Support & Y5-6 Computing Teacher Posted 1 week ago Due to the ongoing growth of our school, we are seeking a talented and multi-skilled individual for TSI Wongwianyai Campus. The successful applicant’s role will include teaching Computing to students in Years 5 & 6. Their other duties will be to provide Media and IT support at our Wongwianyai Campus. The successful applicant will work with our team of professional, friendly teachers. DURATION: 1st August 2026 – 31st July 2027 (with option of renewal) KEY RESPONSIBILITIES: Teaching and Learning: • Computing for children in Years 5 & 6 ((total of four periods/week). Lessons must of course be interesting and cater for children of varying abilities. IT Support: • Work in collaboration with our main IT support officer, based at our Bearing Campus, to maintain the IT network, equipment and software at TSI Wongwianyai Campus. • Assist staff to solve daily IT issues. • Assist staff with software questions. Media Support: • Photograph / Film school events. • Maintain storage of all school photos and videos in a shared system (google drive). • Edit photos and videos for use on social media etc. • Make occasional updates to the school’s website. • Graphic design skills to prepare posters, banners and publications for printing. QUALIFICATIONS: • Applicants must be teacher qualified and with a Bachelor Degree in Computer Science or Information Technology. EXPERIENCE: • This position is ideal for enthusiastic recent-graduates. • Those with recent teaching experience in an international school environment are encouraged to apply. DESIRABLE: • Someone who is active, visible and enjoys being a part of school-life. • Willingness to help with occasional administration and ad-hoc duties. BENEFITS: ● Competitive monthly salary of at least 36,000-40,000 baht/month (depending on experience) ● Option of on-campus, furnished accommodation (shared, two bedroom condominium) ● Health insurance ● Approximately 12 weeks paid holiday/year ● Professional development opportunities APPLICATION PROCESS: ● Applications should be sent directly to – [email protected] ● The email’s subject must be “WWY Computing Position” ● Applications must be in English and include: 1. A short introductory email / cover letter 2. Your recently updated CV that includes the name and contact details of three professional referees. They will not be contacted until after interviews have occurred. 3. A recent photograph 4. A scan of your ID card/ passport ● Only shortlisted applicants will be invited for an interview. ABOUT TSI: TSI International School has been educating students since 1985 and was one of Bangkok’s first international schools. TSI is a non-profit school governed by a charitable foundation. In 2017, the school began a renewal process with new management and a complete review of our Values and Guiding Statements. Over the past 9 years the school has gone from strength to strength. We continue to experience a significant increase in enrolments as our reputation for providing world-class international schooling continues to grow. In August 2025, we will open our second primary school at our Bearing Campus. We have moved on from a ‘renewal’ phase and are now firmly entrenched in school improvement and working towards reinstating our fully accredited status with CIS. We recently had our final Council of International Schools (CIS) Team Evaluation Visit. In their official exit meeting, the CIS team chair said the following about our school: ""TSI is a small school with a massive heart. It is a great school with a truly collegial staff. It is a school where every student is known, respected, nurtured and feels wanted.”.” At our Secondary School, students have achieved excellent IGCSE and A-Level exam results in recent years and are now studying at universities all around the world. Our Bearing Campus is ideally located a few minutes from Bearing BTS station, while the Wongwianyai Campus is located close to popular residential areas of Bangkok. The expansive and leafy Bearing campus offers very generous outdoor sports facilities, a huge Gymnasium, an open-air Swimming Pool and modern classroom learning environments. Aside from the package, why should you join TSI International School? ● We have a great team of staff; friendly, competent and dedicated (Noted by CIS evaluators and another recent leadership consultant who visited the school) ● A strong, cohesive and stable leadership team (CIS feedback) who have been working together for 6+ years at TSI ● A very clear vision for schooling and learning as represented in our Guiding Statements (see our website: www.tsi.ac.th) ● Professional autonomy and trust ● Incredibly strong sense of community and an increasingly diverse mix of nationalities (33 in May 2026). ● A non-profit school with plans for significant growth and new facilities in the future ● A commitment to staff development Thank you for taking time to consider joining our unique and special school community. If what you've researched about TSI resonates with you, we'd love to receive your application. Send Resume You can either send your resume to the employer yourself at the email address above, or you can create a resume on ajarn.com to easily send to employers at any time with just a few clicks! Create a resume on ajarn.com"
ajarn,157801,https://www.ajarn.com/recruitment/jobs/157801/chinese-language-teacher-in-bangkok,Chinese Language Teacher,TSI International School,Bangkok,Thailand,"40-45,000 baht/month",THB,Bachelor,,1 year,1st August 2026,recruit@tsi.ac.th,,1 week ago,"Chinese Language Teacher Posted 1 week ago Due to ongoing growth at our Bearing Campus, we are seeking a QUALIFIED Chinese language teacher to teach a combination of primary and secondary classes. The teacher must feel comfortable teaching students in Years 1, 2, 6, 7, 8 and 9 for two periods/week. The successful applicant will work with our expanding team of professional, friendly teachers. The new staff member will be the third Chinese language and culture teacher at our Bearing Campus. DURATION: 1st August 2026 – 31st July 2027 (with option of renewal) KEY RESPONSIBILITIES: • Plan, teach and assess Chinese language for allocated classes. • Differentiate learning experiences to cater for different abilities. • Provide a stimulating, collaborative, 21st Century learning environment. QUALIFICATIONS: Applicants must be qualified with at least a Bachelor Degree major in Education OR a Bachelor Degree related to Chinese Language and teaching license from the Thai Ministry of Education. EXPERIENCE: Those with recent teaching experience in an international school environment are encouraged to apply. DESIRABLE: • All applicants should be able to communicate fluently in English. • The ability to teach interesting, communicative lessons which cater for learners of varying abilities. BENEFITS: ● Competitive monthly salary of 40-45,000 baht/month (depending on experience) ● Option of on-campus, furnished accommodation (shared, two bedroom condominium) ● Health insurance ● Approximately","Chinese Language Teacher Posted 1 week ago Due to ongoing growth at our Bearing Campus, we are seeking a QUALIFIED Chinese language teacher to teach a combination of primary and secondary classes. The teacher must feel comfortable teaching students in Years 1, 2, 6, 7, 8 and 9 for two periods/week. The successful applicant will work with our expanding team of professional, friendly teachers. The new staff member will be the third Chinese language and culture teacher at our Bearing Campus. DURATION: 1st August 2026 – 31st July 2027 (with option of renewal) KEY RESPONSIBILITIES: • Plan, teach and assess Chinese language for allocated classes. • Differentiate learning experiences to cater for different abilities. • Provide a stimulating, collaborative, 21st Century learning environment. QUALIFICATIONS: Applicants must be qualified with at least a Bachelor Degree major in Education OR a Bachelor Degree related to Chinese Language and teaching license from the Thai Ministry of Education. EXPERIENCE: Those with recent teaching experience in an international school environment are encouraged to apply. DESIRABLE: • All applicants should be able to communicate fluently in English. • The ability to teach interesting, communicative lessons which cater for learners of varying abilities. BENEFITS: ● Competitive monthly salary of 40-45,000 baht/month (depending on experience) ● Option of on-campus, furnished accommodation (shared, two bedroom condominium) ● Health insurance ● Approximately 12 weeks paid holiday/year ● Professional development opportunities APPLICATION PROCESS: ● Applications should be sent directly to – [email protected] ● The email’s subject must be “Chinese Language Teacher” ● Applications must be in English and include: 1. A short introductory email / cover letter 2. Your recently updated CV that includes the name and contact details of three professional referees. They will not be contacted until after interviews have occurred. 3. A recent photograph 4. A scan of your ID card/ passport ● Only shortlisted applicants will be invited for an interview. ABOUT TSI: TSI International School has been educating students since 1985 and was one of Bangkok’s first international schools. TSI is a non-profit school governed by a charitable foundation. In 2017, the school began a renewal process with new management and a complete review of our Values and Guiding Statements. Over the past 9 years the school has gone from strength to strength. We continue to experience a significant increase in enrolments as our reputation for providing world-class international schooling continues to grow. In August 2025, we will open our second primary school at our Bearing Campus. We have moved on from a ‘renewal’ phase and are now firmly entrenched in school improvement and working towards reinstating our fully accredited status with CIS. We recently had our final Council of International Schools (CIS) Team Evaluation Visit. In their official exit meeting, the CIS team chair said the following about our school: ""TSI is a small school with a massive heart. It is a great school with a truly collegial staff. It is a school where every student is known, respected, nurtured and feels wanted.”.” At our Secondary School, students have achieved excellent IGCSE and A-Level exam results in recent years and are now studying at universities all around the world. Our Bearing Campus is ideally located a few minutes from Bearing BTS station, while the Wongwianyai Campus is located close to popular residential areas of Bangkok. The expansive and leafy Bearing campus offers very generous outdoor sports facilities, a huge Gymnasium, an open-air Swimming Pool and modern classroom learning environments. Aside from the package, why should you join TSI International School? ● We have a great team of staff; friendly, competent and dedicated (Noted by CIS evaluators and another recent leadership consultant who visited the school) ● A strong, cohesive and stable leadership team (CIS feedback) who have been working together for 6+ years at TSI ● A very clear vision for schooling and learning as represented in our Guiding Statements (see our website: www.tsi.ac.th) ● Professional autonomy and trust ● Incredibly strong sense of community and an increasingly diverse mix of nationalities (33 in May 2026). ● A non-profit school with plans for significant growth and new facilities in the future ● A commitment to staff development Thank you for taking time to consider joining our unique and special school community. If what you've researched about TSI resonates with you, we'd love to receive your application. Send Resume You can either send your resume to the employer yourself at the email address above, or you can create a resume on ajarn.com to easily send to employers at any time with just a few clicks! Create a resume on ajarn.com"
ajarn,157799,https://www.ajarn.com/recruitment/jobs/157799/immediate-start-nes-teachers-in-maha-sarakham,NES Teachers,,Maha Sarakham,Thailand,competitive rates depending on experience,,,,,immediate,edutrain1@hotmail.com,,1 week ago,"NES Teachers Posted 1 week ago We are currently recruiting for NES full time teaching positions in Mahasarakam for immediate start and our email is [email protected] We are looking for enthusiastic, highly motivated, active, responsible and adaptable native speakers to join our already well-established team of foreign teachers. Applicants must be culturally aware and willing to adapt to bring the best possible learning experience to our students. Friendly character and smart appearance a must! We offer competitive rates depending on experience. We have various positions available all over Thailand. Please send your resume including a recent photograph and scans of qualifications to [email protected] . Only shortlisted candidates will be contacted. Send Resume You can either send your resume to the employer yourself at the email address above, or you can create a resume on ajarn.com to easily send to employers at any time with just a few clicks! Create a resume on ajarn.com","NES Teachers Posted 1 week ago We are currently recruiting for NES full time teaching positions in Mahasarakam for immediate start and our email is [email protected] We are looking for enthusiastic, highly motivated, active, responsible and adaptable native speakers to join our already well-established team of foreign teachers. Applicants must be culturally aware and willing to adapt to bring the best possible learning experience to our students. Friendly character and smart appearance a must! We offer competitive rates depending on experience. We have various positions available all over Thailand. Please send your resume including a recent photograph and scans of qualifications to [email protected] . Only shortlisted candidates will be contacted. Send Resume You can either send your resume to the employer yourself at the email address above, or you can create a resume on ajarn.com to easily send to employers at any time with just a few clicks! Create a resume on ajarn.com"
ajarn,157798,https://www.ajarn.com/recruitment/jobs/157798/primary-and-kindergarten-teachers-in,Primary and Kindergarten Teachers,Ek Nar Nar School,"Rangsit, Pathumthani",Thailand,"45,750",THB,Bachelor,,12 months,,eknarnar@gmail.com,,1 week ago,"Primary and Kindergarten Teachers Posted 1 week ago PRIMARY AND KINDERGARTEN TEACHERS 45,750 Baht/month after probationary period Employment continuity 1,250 Baht/month (Direct hire, no agency involved) Bachelor's degree holders native speaker wanted at Ek Nar Nar School in Rangsit, Pathumthani. We are a private, IEP school. All classrooms are fitted with air conditioners, computers, air purifiers and projectors. Working hours are 7:30 am - 4:30 pm, Monday to Friday. Applicants will preferably already be located within Thailand. Applications will only be considered if the following application conditions are met: CV Copy of degree and transcripts Copy of passport ID and current visa pages Package includes: - 12 month contract - Employment continuity 1,250 Bath/month - Annual salary increase, base on service and performance - Free 12 month health insurance - Free breakfast and lunch - Free Microsoft 356 suit - VISA and work permit documentation organised our HR department Send Resume You can either send your resume to the employer yourself at the email address above, or you can create a resume on ajarn.com to easily send to employers at any time with just a few clicks! Create a resume on ajarn.com","Primary and Kindergarten Teachers Posted 1 week ago PRIMARY AND KINDERGARTEN TEACHERS 45,750 Baht/month after probationary period Employment continuity 1,250 Baht/month (Direct hire, no agency involved) Bachelor's degree holders native speaker wanted at Ek Nar Nar School in Rangsit, Pathumthani. We are a private, IEP school. All classrooms are fitted with air conditioners, computers, air purifiers and projectors. Working hours are 7:30 am - 4:30 pm, Monday to Friday. Applicants will preferably already be located within Thailand. Applications will only be considered if the following application conditions are met: CV Copy of degree and transcripts Copy of passport ID and current visa pages Package includes: - 12 month contract - Employment continuity 1,250 Bath/month - Annual salary increase, base on service and performance - Free 12 month health insurance - Free breakfast and lunch - Free Microsoft 356 suit - VISA and work permit documentation organised our HR department Send Resume You can either send your resume to the employer yourself at the email address above, or you can create a resume on ajarn.com to easily send to employers at any time with just a few clicks! Create a resume on ajarn.com"
ajarn,157795,https://www.ajarn.com/recruitment/jobs/157795/nnes-math-teacher-thai-primary-school-in-rangsit-in-pathum-thani,Non-NES Primary Math Teacher,,"Rangsit, Pathumthani",Thailand,"20,000-30,000",THB,Bachelor,,,ASAP,americanenglishthailand@gmail.com,,1 week ago,"Non-NES Primary Math Teacher Posted 1 week ago A NNES (NON Native English Speaker) Math teacher wanted at a Thai government school in Rangsit, Patumthani. We are looking for a NNES teacher with a Math teaching degree and/or significant teaching experience of grades 4 to 6 (Pratom 4 to Pratom 6) Math. Applicants with Thai government school experience will receive preference over those without. Monthly salary is 20,000 to 30,000 baht, per month, depending on qualifications and experience. Starting date would be ASAP. The current (Filipino) teacher needs to leave ASAP due to a family emergency back home. Please include a recent, color photo in your CV AND a Thai, local mobile phone number if yo have one. Due to the typically high number of applicants only short-listed candidates will be contacted. Thank you :) Send Resume You can either send your resume to the employer yourself at the email address above, or you can create a resume on ajarn.com to easily send to employers at any time with just a few clicks! Create a resume on ajarn.com","Non-NES Primary Math Teacher Posted 1 week ago A NNES (NON Native English Speaker) Math teacher wanted at a Thai government school in Rangsit, Patumthani. We are looking for a NNES teacher with a Math teaching degree and/or significant teaching experience of grades 4 to 6 (Pratom 4 to Pratom 6) Math. Applicants with Thai government school experience will receive preference over those without. Monthly salary is 20,000 to 30,000 baht, per month, depending on qualifications and experience. Starting date would be ASAP. The current (Filipino) teacher needs to leave ASAP due to a family emergency back home. Please include a recent, color photo in your CV AND a Thai, local mobile phone number if yo have one. Due to the typically high number of applicants only short-listed candidates will be contacted. Thank you :) Send Resume You can either send your resume to the employer yourself at the email address above, or you can create a resume on ajarn.com to easily send to employers at any time with just a few clicks! Create a resume on ajarn.com"
ajarn,157794,https://www.ajarn.com/recruitment/jobs/157794/nes-early-years-teachers-in-bangkok,NES Early Years Teachers,Nawaphat Elementary Witthaya School,Bangkok,Thailand,Negotiable,,Bachelor,,12 months,,recruitment@nawaphat.ac.th,,2 weeks ago,"NES Early Years Teachers Posted 2 weeks ago *We are currently looking to hire a Kindergarten Teacher* Nawaphat Elementary_Bangkok campus: Position: Nursery/ K3 Homeroom Teacher School Name: Nawaphat Elementary Witthaya School Location: Cement Thai Prachacheun, Bangkok Accessibility: 10 minutes away from both BTS Phahon Yothin and MRT Bangson (purple line) Experience: Minimum 2 years of teaching experience at Kindergarten level Qualifications: Qualified at degree level. BA in Education desirable. Must provide local police clearance and obtain police clearance from country of origin. English must be your first language. Salary negotiable - depending on qualifications and experience Responsibilities: -Safeguarding children and providing a stimulating learning environment to support their wellbeing - Short-term planning and delivering an enhanced curriculum to motivate students - Weekly duties and responsibilities - Participation in special school events such as Open House and parents' meetings - Contract Duration: 12 months Benefits: -Minimum 7 weeks of paid holiday per academic year, in addition to public holidays -Continuous professional development and regular supervisions -School covers 50% of work permit fees and provides visa assistance Application Process: Interested candidates: Candidates must be in Thailand, and available to start once placed. Interviews and demo lessons will be conducted onsite. Send a short cover letter, resume, short introduction video and relevant d","NES Early Years Teachers Posted 2 weeks ago *We are currently looking to hire a Kindergarten Teacher* Nawaphat Elementary_Bangkok campus: Position: Nursery/ K3 Homeroom Teacher School Name: Nawaphat Elementary Witthaya School Location: Cement Thai Prachacheun, Bangkok Accessibility: 10 minutes away from both BTS Phahon Yothin and MRT Bangson (purple line) Experience: Minimum 2 years of teaching experience at Kindergarten level Qualifications: Qualified at degree level. BA in Education desirable. Must provide local police clearance and obtain police clearance from country of origin. English must be your first language. Salary negotiable - depending on qualifications and experience Responsibilities: -Safeguarding children and providing a stimulating learning environment to support their wellbeing - Short-term planning and delivering an enhanced curriculum to motivate students - Weekly duties and responsibilities - Participation in special school events such as Open House and parents' meetings - Contract Duration: 12 months Benefits: -Minimum 7 weeks of paid holiday per academic year, in addition to public holidays -Continuous professional development and regular supervisions -School covers 50% of work permit fees and provides visa assistance Application Process: Interested candidates: Candidates must be in Thailand, and available to start once placed. Interviews and demo lessons will be conducted onsite. Send a short cover letter, resume, short introduction video and relevant documents (notarised degree and transcript) to HR at [email protected] . Only shortlisted candidates will be contacted. Interviews will commence Monday, 25 May 2026, with inductions following after placed. Nawaphat Schools are dedicated to fostering a supportive and enriching environment for both students and staff. Join our team and contribute to the success of our school community! Send Resume You can either send your resume to the employer yourself at the email address above, or you can create a resume on ajarn.com to easily send to employers at any time with just a few clicks! Create a resume on ajarn.com"
ajarn,157792,https://www.ajarn.com/recruitment/jobs/157792/non-nes-igasa-levels-physics-teacher-in-samut-prakan,Non-NES IG/AS/A Levels Physics Teacher,Thai Singapore International School,Samut Prakan,Thailand,"THB 30,000",THB,Bachelor,,1 year,August,humanresource@tsis.ac.th,,2 weeks ago,"Non-NES IG/AS/A Levels Physics Teacher Posted 2 weeks ago NNES IG/AS/A Levels Physics For Academic Year 2026-2027 ( Starts in August) Basic Pay: THB 30,000 Housing: THB2,000 Relevant Experience: THB1,000 per year up to the 5th year only Masters in Physics: THB3,000 5-year Kurusapa License: THB3,000 Requirements: Bachelor’s degree in Physics Proven experience teaching IG/AS/A Levels Physics Strong subject knowledge aligned with Cambridge CIE Curriculum Experience preparing students for external examinations with a strong record of results Bachelor’s degree in Physics or a closely related field Health and Accident Insurance Free lunch meals during work days Free Document processing 20 Teaching Hours per week One year contract Paid holidays Leave Credits Yearly increase Requirements: Diploma and Transcript of Records of Bachelor's Degree (legalized by Thai Government) Accomplished Residence Notification form Police Background check from your home country About Thai Singapore International School Thai Singapore International School is a Tri-Lingual (English, Thai, Chinese) International School in Samut Prakan, offering basic Education from Nursery-Kindergarten, Primary (Singapore Curriculum), and Secondary (Cambridge Curriculum). A two-time Silver Mark Awardee of Education Development Trust (EDT), with 1,700 students (90% Thai Nationals) and around 300 teaching staff of different nationalities, it is a continuously growing International school seated on a 45,000+ sqm of property","Non-NES IG/AS/A Levels Physics Teacher Posted 2 weeks ago NNES IG/AS/A Levels Physics For Academic Year 2026-2027 ( Starts in August) Basic Pay: THB 30,000 Housing: THB2,000 Relevant Experience: THB1,000 per year up to the 5th year only Masters in Physics: THB3,000 5-year Kurusapa License: THB3,000 Requirements: Bachelor’s degree in Physics Proven experience teaching IG/AS/A Levels Physics Strong subject knowledge aligned with Cambridge CIE Curriculum Experience preparing students for external examinations with a strong record of results Bachelor’s degree in Physics or a closely related field Health and Accident Insurance Free lunch meals during work days Free Document processing 20 Teaching Hours per week One year contract Paid holidays Leave Credits Yearly increase Requirements: Diploma and Transcript of Records of Bachelor's Degree (legalized by Thai Government) Accomplished Residence Notification form Police Background check from your home country About Thai Singapore International School Thai Singapore International School is a Tri-Lingual (English, Thai, Chinese) International School in Samut Prakan, offering basic Education from Nursery-Kindergarten, Primary (Singapore Curriculum), and Secondary (Cambridge Curriculum). A two-time Silver Mark Awardee of Education Development Trust (EDT), with 1,700 students (90% Thai Nationals) and around 300 teaching staff of different nationalities, it is a continuously growing International school seated on a 45,000+ sqm of property along Srinakarin Road. Send Resume You can either send your resume to the employer yourself at the email address above, or you can create a resume on ajarn.com to easily send to employers at any time with just a few clicks! Create a resume on ajarn.com"
ajarn,157791,https://www.ajarn.com/recruitment/jobs/157791/secondary-business-studies-teacher-igcsea-level-in-bangkok,Secondary Business Studies Teacher (IGCSE/A LEVEL),The Anglo Singapore International School Bangkok,Sukhumvit 64,Thailand,,,Bachelor,,,Mid/End of July 2026,mastersonkate@hotmail.com,https://anglosingapore.ac.th/64/,2 weeks ago,"Secondary Business Studies Teacher (IGCSE/A LEVEL) Posted 2 weeks ago POSITION: Secondary Business Studies Teacher (A-Level) CAMPUS: Sukhumvit 64 WEBSITE: https://anglosingapore.ac.th/64/ START DATE: Mid/End of July 2026 Key Responsibilities - Plan and deliver high-quality Business Studies lessons aligned with the Cambridge IGCSE and A Level syllabi. - Teach core subject content with a strong focus on economic reasoning, business concepts, data interpretation, evaluation, and examination technique. - Develop students’ ability to analyse economic issues, evaluate business decisions, interpret quantitative and qualitative data, and apply theory to real-world contexts. - Prepare students thoroughly for internal assessments and external Cambridge examinations, including essays, data-response questions, and case studies. - Assess, track, and monitor student progress, using data to inform teaching, differentiation, and targeted academic support. - Provide timely and constructive feedback to support continuous academic improvement. - Contribute to departmental planning, curriculum development, moderation, and resource development to ensure consistency and high academic standards. Support or contribute to subject-related co-curricular activities, enrichment programmes, or academic competitions where appropriate. - Maintain a positive, disciplined, and intellectually engaging classroom environment that encourages critical thinking, participation, and academic integrity. - Communicate","Secondary Business Studies Teacher (IGCSE/A LEVEL) Posted 2 weeks ago POSITION: Secondary Business Studies Teacher (A-Level) CAMPUS: Sukhumvit 64 WEBSITE: https://anglosingapore.ac.th/64/ START DATE: Mid/End of July 2026 Key Responsibilities - Plan and deliver high-quality Business Studies lessons aligned with the Cambridge IGCSE and A Level syllabi. - Teach core subject content with a strong focus on economic reasoning, business concepts, data interpretation, evaluation, and examination technique. - Develop students’ ability to analyse economic issues, evaluate business decisions, interpret quantitative and qualitative data, and apply theory to real-world contexts. - Prepare students thoroughly for internal assessments and external Cambridge examinations, including essays, data-response questions, and case studies. - Assess, track, and monitor student progress, using data to inform teaching, differentiation, and targeted academic support. - Provide timely and constructive feedback to support continuous academic improvement. - Contribute to departmental planning, curriculum development, moderation, and resource development to ensure consistency and high academic standards. Support or contribute to subject-related co-curricular activities, enrichment programmes, or academic competitions where appropriate. - Maintain a positive, disciplined, and intellectually engaging classroom environment that encourages critical thinking, participation, and academic integrity. - Communicate effectively with students, parents, and colleagues regarding academic progress and expectations. - Uphold school policies, including safeguarding and professional conduct. Qualifications & Experience - Bachelor’s Degree or higher in Business, Education, or a related discipline. - Recognised teaching qualification such as QTS, PGCE, or equivalent. - Minimum of 3 years’ teaching experience in Secondary Business Studies (international or Cambridge experience strongly preferred). - Strong knowledge of the Cambridge IGCSE and A Level Business Studies syllabi, including assessment objectives and mark schemes. - Confidence in teaching economic analysis, data interpretation, essay writing, case-study evaluation, and business strategy concepts, depending on subject specialism. - Strong classroom management, organisational, and communication skills. - A clear commitment to academic excellence, professional growth, and student success. How to apply: Please send you updated CV to Kate Masterson at [email protected] Send Resume You can either send your resume to the employer yourself at the email address above, or you can create a resume on ajarn.com to easily send to employers at any time with just a few clicks! Create a resume on ajarn.com"
ajarn,157786,https://www.ajarn.com/recruitment/jobs/157786/immediate-start-nes-teachers-in-bangkok,NES Teachers,,,Thailand,,,,,,,edutrain1@hotmail.com,,2 weeks ago,"NES Teachers Posted 2 weeks ago We are currently recruiting for NES and European full time teaching positions for immediate start and our email is [email protected] We are looking for enthusiastic, highly motivated, active, responsible and adaptable native speakers to join our already well-established team of foreign teachers. Applicants must be culturally aware and willing to adapt to bring the best possible learning experience to our students. Friendly character and smart appearance a must! We offer competitive rates depending on experience. We have various positions available all over Thailand. Please send your resume including a recent photograph and scans of qualifications to [email protected] . Only shortlisted candidates will be contacted. Send Resume You can either send your resume to the employer yourself at the email address above, or you can create a resume on ajarn.com to easily send to employers at any time with just a few clicks! Create a resume on ajarn.com","NES Teachers Posted 2 weeks ago We are currently recruiting for NES and European full time teaching positions for immediate start and our email is [email protected] We are looking for enthusiastic, highly motivated, active, responsible and adaptable native speakers to join our already well-established team of foreign teachers. Applicants must be culturally aware and willing to adapt to bring the best possible learning experience to our students. Friendly character and smart appearance a must! We offer competitive rates depending on experience. We have various positions available all over Thailand. Please send your resume including a recent photograph and scans of qualifications to [email protected] . Only shortlisted candidates will be contacted. Send Resume You can either send your resume to the employer yourself at the email address above, or you can create a resume on ajarn.com to easily send to employers at any time with just a few clicks! Create a resume on ajarn.com"
ajarn,157788,https://www.ajarn.com/recruitment/jobs/157788/english-teacher-for-pre-kindergarten-to-p3-in,English Teacher for Pre-Kindergarten to P3,Mark for Future Kindergarten School,Bangkok,Thailand,"60,000",THB,Bachelor,,1 year,,mffkindergarten@gmail.com,,2 weeks ago,"English Teacher for Pre-Kindergarten to P3 Posted 2 weeks ago English Teachers for Pre.k to P3 Urgently Required. Nationality : British only English native speaker. A degree in any subject is compulsory (education degree or PGCE qualified preferable) Experience with children 18 months - 8 years. Age between 24-45. Requirements ++++ -A Degree in any subject is compulsory (Education Degree or PGCE qualified preferable)-Experience with children 18 months - 8 years - Drama and Singing skills would be adventage - Age of 24-45 - **********British Nationality only**************** - Currentky live in Thailand and available for personal interview in Bangkok. Salary & Benefits (School provided) -Starting Salary of 60,000 THAI Baht per month *(dependant on qualifications and experience both of teaching English and Music) - 1 year contract. -Work permit provided -Professional Development For more details visit our Facebook Page www.facebook.com/Mffkindergarten - LINE ID - markforfutureschool - Email - [email protected] *Please attach a photo of you along with the CV. Send Resume You can either send your resume to the employer yourself at the email address above, or you can create a resume on ajarn.com to easily send to employers at any time with just a few clicks! Create a resume on ajarn.com","English Teacher for Pre-Kindergarten to P3 Posted 2 weeks ago English Teachers for Pre.k to P3 Urgently Required. Nationality : British only English native speaker. A degree in any subject is compulsory (education degree or PGCE qualified preferable) Experience with children 18 months - 8 years. Age between 24-45. Requirements ++++ -A Degree in any subject is compulsory (Education Degree or PGCE qualified preferable)-Experience with children 18 months - 8 years - Drama and Singing skills would be adventage - Age of 24-45 - **********British Nationality only**************** - Currentky live in Thailand and available for personal interview in Bangkok. Salary & Benefits (School provided) -Starting Salary of 60,000 THAI Baht per month *(dependant on qualifications and experience both of teaching English and Music) - 1 year contract. -Work permit provided -Professional Development For more details visit our Facebook Page www.facebook.com/Mffkindergarten - LINE ID - markforfutureschool - Email - [email protected] *Please attach a photo of you along with the CV. Send Resume You can either send your resume to the employer yourself at the email address above, or you can create a resume on ajarn.com to easily send to employers at any time with just a few clicks! Create a resume on ajarn.com"
ajarn,157768,https://www.ajarn.com/recruitment/jobs/157768/part-time-sports-coach-in-bangkok,Part-time Sports Coach,PB Football Academy,Bangkok,Thailand,"17,000 THB per month",THB,,,,,teampbfa@gmail.com,,2 weeks ago,"Part-time Sports Coach Posted 2 weeks ago Part-time Football Coach Salary: 17,000 THB per month Working Hours: 8 hours per week Schedule: Saturday & Sunday mornings Requirements: - Coach classes for children aged 5–12 years old - Previous experience coaching or teaching sports to young children - Degree in Sports Science or related field (preferred) - Fluent in English - Friendly, responsible, and energetic personality How to Apply: Please send your CV to [email protected] Send Resume You can either send your resume to the employer yourself at the email address above, or you can create a resume on ajarn.com to easily send to employers at any time with just a few clicks! Create a resume on ajarn.com","Part-time Sports Coach Posted 2 weeks ago Part-time Football Coach Salary: 17,000 THB per month Working Hours: 8 hours per week Schedule: Saturday & Sunday mornings Requirements: - Coach classes for children aged 5–12 years old - Previous experience coaching or teaching sports to young children - Degree in Sports Science or related field (preferred) - Fluent in English - Friendly, responsible, and energetic personality How to Apply: Please send your CV to [email protected] Send Resume You can either send your resume to the employer yourself at the email address above, or you can create a resume on ajarn.com to easily send to employers at any time with just a few clicks! Create a resume on ajarn.com"
ajarn,157785,https://www.ajarn.com/recruitment/jobs/157785/now-hiring-for-august-2026-in-bangkok,Teaching / School Positions,RC International School,Bangkok,Thailand,Competitive,,Bachelor,,,August 2026,info@rcis.ac.th,,2 weeks ago,"Teaching / School Positions Posted 2 weeks ago 👶 Early Years Teacher • Teach and support children from Pre-Nursery to Kindergarten • Create engaging, hands-on learning experiences • Early Childhood Education background preferred • Native English Speaker preferred 💻 Computer / ICT Teacher • Teach basic computer skills and technology to young learners • Help students develop creativity and digital confidence • Non-native English speakers welcome • Strong computer and technology skills required 🧸 Teacher Assistant / School Nurse • Support classroom teachers with daily classroom activities • Assist with student care, classroom organization, and learning materials • Help ensure students’ safety and well-being throughout the school day • Friendly, energetic, and patient personality preferred • Non-native English speakers welcome 💛 Young Student Counselor • Support students’ emotional well-being and social development • Work closely with teachers and parents • Experience working with children preferred • Background in counseling, psychology, or education is a plus 📚 Primary Homeroom Teachers • Teach primary students following the UK Curriculum • Create a positive and engaging classroom environment • International school experience preferred • Strong classroom management skills required ✨ GENERAL REQUIREMENTS • Bachelor’s Degree (education-related preferred) • Teaching qualification preferred for teaching positions • Good communication and teamwork skills • Positive attitude and pass","Teaching / School Positions Posted 2 weeks ago 👶 Early Years Teacher • Teach and support children from Pre-Nursery to Kindergarten • Create engaging, hands-on learning experiences • Early Childhood Education background preferred • Native English Speaker preferred 💻 Computer / ICT Teacher • Teach basic computer skills and technology to young learners • Help students develop creativity and digital confidence • Non-native English speakers welcome • Strong computer and technology skills required 🧸 Teacher Assistant / School Nurse • Support classroom teachers with daily classroom activities • Assist with student care, classroom organization, and learning materials • Help ensure students’ safety and well-being throughout the school day • Friendly, energetic, and patient personality preferred • Non-native English speakers welcome 💛 Young Student Counselor • Support students’ emotional well-being and social development • Work closely with teachers and parents • Experience working with children preferred • Background in counseling, psychology, or education is a plus 📚 Primary Homeroom Teachers • Teach primary students following the UK Curriculum • Create a positive and engaging classroom environment • International school experience preferred • Strong classroom management skills required ✨ GENERAL REQUIREMENTS • Bachelor’s Degree (education-related preferred) • Teaching qualification preferred for teaching positions • Good communication and teamwork skills • Positive attitude and passion for working with children • Minimum 2 years experience preferred for lead teaching positions ✨ WHAT WE OFFER • Competitive salary package • Social Security Insurance (SSO) • Paid school holidays • Visa and work permit support • Professional development opportunities • Friendly and supportive international environment 📍 Bangkok, Thailand 📅 Start Date: August 2026 📧 Apply now: [email protected] [email protected] Send Resume You can either send your resume to the employer yourself at the email address above, or you can create a resume on ajarn.com to easily send to employers at any time with just a few clicks! Create a resume on ajarn.com"
ajarn,157782,https://www.ajarn.com/recruitment/jobs/157782/nes-kindergarten-and-primary-teachers-in,NES Kindergarten and Primary Teachers,La-Orutis Demonstration School /Suan Dusit University (Lampang Center),Lampang,Thailand,,,Bachelor,,,,la.orutis.lp@gmail.com,,2 weeks ago,"NES Kindergarten and Primary Teachers Posted 2 weeks ago we are recently seeking a full-time English Teacher for KindergartenLa-Orutis Demonstration School /Suan Dusit University (Lampang Center) offers an intensive bilingual program for the students. To be a part of our dynamic team, we are recently seeking a full-time English Teacher for Kindergarten and Primary. Job Position: English Teacher 2 positions. Job Location: La-Orutis Demonstration School/ Lampang Center Requirements are as follow • Male or female; age not over 60 years old. • Nationality; Native English speakers • Education level: a bachelor’s degree is preferred or with teaching certificate is helpful. • Teaching certification: TESOL and/or TEFL or equivalent. • Teaching experience is advantageous. • Monthly package depends on the overall qualifications. • Candidates with residence in Thailand are most preferred. • Only shortlisted candidates will be contacted. • Full-time positions. ***Resume/CV and related documents can be sent to [email protected] OR [email protected] or call 054-228015 and contact khun Duangruedee (Nui) or Sirikorn at 088-2585970. Send Resume You can either send your resume to the employer yourself at the email address above, or you can create a resume on ajarn.com to easily send to employers at any time with just a few clicks! Create a resume on ajarn.com","NES Kindergarten and Primary Teachers Posted 2 weeks ago we are recently seeking a full-time English Teacher for KindergartenLa-Orutis Demonstration School /Suan Dusit University (Lampang Center) offers an intensive bilingual program for the students. To be a part of our dynamic team, we are recently seeking a full-time English Teacher for Kindergarten and Primary. Job Position: English Teacher 2 positions. Job Location: La-Orutis Demonstration School/ Lampang Center Requirements are as follow • Male or female; age not over 60 years old. • Nationality; Native English speakers • Education level: a bachelor’s degree is preferred or with teaching certificate is helpful. • Teaching certification: TESOL and/or TEFL or equivalent. • Teaching experience is advantageous. • Monthly package depends on the overall qualifications. • Candidates with residence in Thailand are most preferred. • Only shortlisted candidates will be contacted. • Full-time positions. ***Resume/CV and related documents can be sent to [email protected] OR [email protected] or call 054-228015 and contact khun Duangruedee (Nui) or Sirikorn at 088-2585970. Send Resume You can either send your resume to the employer yourself at the email address above, or you can create a resume on ajarn.com to easily send to employers at any time with just a few clicks! Create a resume on ajarn.com"
ajarn,157724,https://www.ajarn.com/recruitment/jobs/157724/full-and-part-time-literacy-efl-teachers-in-bangkok,Full and Part-time Literacy / EFL Teachers,I Can Read System (Thailand),Bangkok Metropolitan Region,Thailand,"48,000 per month / THB 500-600 per hour",THB,Bachelor,,24 months,ASAP,recruitment@icanread.asia,,2 weeks ago,"Full and Part-time Literacy / EFL Teachers Posted 2 weeks ago I Can Read is a large multi-national learning organisation operating for over 20 years. We specialise in the teaching of English literacy skills but also cover general EFL content. We have over 20 centres currently in Thailand with plans for future expansion. Successful applicants will be required to teach phonological skills and reading, writing, speaking and listening skills using the specially-developed I Can Read System to classes of up to 10 students. Training and all lesson plans and materials are provided. Students are typically between 3-12 years old so applicants must be comfortable with teaching these age groups. We are looking for native speakers from Australia, New Zealand, United Kingdom, United States, Canada, Ireland and South Africa with the following: • A completed bachelor's or higher degree • A TEFL/TESOL/CELTA certificate (120 hours minimum) • Clear speech with a universally understandable accent (This is essential for teaching phonology well.) • Experience teaching or working with children *Please see the additional notes at the bottom of the posting for further requirements. Position and Contract Details: Full-time: 5 days per week - 3 weekdays (13:00-19:00) plus Saturday and Sunday (9:00-18:00). All positions have two consecutive weekdays off per week. • 24-month contract • Post-probation salary of THB 48,000 per month (before tax and Social Security deductions). (The offered amount may be de","Full and Part-time Literacy / EFL Teachers Posted 2 weeks ago I Can Read is a large multi-national learning organisation operating for over 20 years. We specialise in the teaching of English literacy skills but also cover general EFL content. We have over 20 centres currently in Thailand with plans for future expansion. Successful applicants will be required to teach phonological skills and reading, writing, speaking and listening skills using the specially-developed I Can Read System to classes of up to 10 students. Training and all lesson plans and materials are provided. Students are typically between 3-12 years old so applicants must be comfortable with teaching these age groups. We are looking for native speakers from Australia, New Zealand, United Kingdom, United States, Canada, Ireland and South Africa with the following: • A completed bachelor's or higher degree • A TEFL/TESOL/CELTA certificate (120 hours minimum) • Clear speech with a universally understandable accent (This is essential for teaching phonology well.) • Experience teaching or working with children *Please see the additional notes at the bottom of the posting for further requirements. Position and Contract Details: Full-time: 5 days per week - 3 weekdays (13:00-19:00) plus Saturday and Sunday (9:00-18:00). All positions have two consecutive weekdays off per week. • 24-month contract • Post-probation salary of THB 48,000 per month (before tax and Social Security deductions). (The offered amount may be decreased or increased depending on location, experience and qualifications.) • Training and contract completion bonuses • Visa and work permit reimbursement and application assistance • Social Security and medical cover • Ongoing professional development • Bangkok Metropolitan Region: Mega Bangna / The Paseo Ramkhamhaeng / Fashion Island / Central Westgate / Central Salaya Part-time: Weekends (9:00-18:00) – minimum of 4 teaching hours within that period. Weekday cover work is sometimes available depending on the availability of the teacher (15:30-19:00). • 24-month contract • THB 500-600 per hour (paid monthly) (The offered amount may be decreased or increased depending on location, experience and qualifications.) • THB 100 per class incentive bonus (paid upon completion of 12-month contract periods) • Training bonus We are currently seeking part-time teachers for these locations: • Bangkok Metropolitan Region: Central Westgate (Sundays) / Future Park Rangsit (Saturday or Sunday) Please check our website or search on Google Maps for full details on locations prior to applying. Before commencement of a position, applicants must complete our 5-day training programme in Bangkok. Unless specified, roles are usually required to start ASAP or within one month following its completion. Interested applicants must apply for the position with an email including the following details and attachments: • The type of work you are seeking (full-time or part-time) • Preferred location(s) (if any location is fine please state this instead) • Details on your availability and current visa status and expiry • An up-to-date copy of your resume/CV • Scans of any necessary qualifications • A valid passport copy or recent photograph Due to the high volume of applications we regret that only candidates who have been selected for an interview will receive a response. We look forward to hearing from you soon. Recruitment I Can Read System (Thailand) Email: [email protected] Website: www.icanread.asia/thailand *Additional Notes: • All educational documents listed are essential for obtaining a visa and work permit with our company. They must be original hard copies from recognised and accredited institutions. Scanned copies and digital certificates are not accepted by the relevant authorities in Thailand. • Degrees must be legalised for use in Thailand via a process involving the Thai embassy or consulate in the country where the qualification was obtained or in some cases through the country’s embassy or consulate in Thailand. Applicants are responsible for checking the requirements specific to their circumstances and completing the processes prior to commencing work but our staff can provide advice and support as necessary. • South African nationals must have an ETS TOIEC Listening and Reading certificate obtained within the last 2 years. • We will consider non-native applicants if they have spent a substantial amount of time studying or working in English-speaking countries. Such applicants will also need a TOEIC certificate as above. • Applicants must be fully vaccinated against COVID-19. Send Resume You can either send your resume to the employer yourself at the email address above, or you can create a resume on ajarn.com to easily send to employers at any time with just a few clicks! Create a resume on ajarn.com"
ajarn,157780,https://www.ajarn.com/recruitment/jobs/157780/non-nes-european-teachers-in-bangkok,Non-NES European Teachers,,Bangkok,Thailand,"30,000 - 45,000",THB,Bachelor,,,,clickenglish2017@gmail.com,,2 weeks ago,"Non-NES European Teachers Posted 2 weeks ago Calling All Teachers in Bangkok Non -native English Speakers (Europeans) and Native English Speakers from USA, England, Canada, Australia NewZealand and South Africa We are currently looking for passionate and dedicated teachers who would like to join our great school team in Bangkok and some other provinces. Qualifications: Bachelor’s degree in Education or related fields. Age: 25-55 years old TEFL, TESOL, CELTA certification is preferable ✅ Salary package: 30,000 – 45000 THB ✅ Visa and Work Permit provided ✅ Friendly and supportive working environment Annual Bonus If you are interested, please send your CV, transcripts, Degree Diploma to [email protected] or call us at 0654947455 for more information. 📩📞 Send Resume You can either send your resume to the employer yourself at the email address above, or you can create a resume on ajarn.com to easily send to employers at any time with just a few clicks! Create a resume on ajarn.com","Non-NES European Teachers Posted 2 weeks ago Calling All Teachers in Bangkok Non -native English Speakers (Europeans) and Native English Speakers from USA, England, Canada, Australia NewZealand and South Africa We are currently looking for passionate and dedicated teachers who would like to join our great school team in Bangkok and some other provinces. Qualifications: Bachelor’s degree in Education or related fields. Age: 25-55 years old TEFL, TESOL, CELTA certification is preferable ✅ Salary package: 30,000 – 45000 THB ✅ Visa and Work Permit provided ✅ Friendly and supportive working environment Annual Bonus If you are interested, please send your CV, transcripts, Degree Diploma to [email protected] or call us at 0654947455 for more information. 📩📞 Send Resume You can either send your resume to the employer yourself at the email address above, or you can create a resume on ajarn.com to easily send to employers at any time with just a few clicks! Create a resume on ajarn.com"
ajarn,157776,https://www.ajarn.com/recruitment/jobs/157776/nes-teacher-for-january-camp-in-bangkok,British/Irish Camp Teacher,,Near Minburi BTS station,Thailand,"3,600+/day",THB,Bachelor,,15 days,28 June 2026,whimsyweenglish@gmail.com,,2 weeks ago,"British/Irish Camp Teacher Posted 2 weeks ago 🗓️ 28 June - 18 July 2026 📍 Location: Near Minburi BTS station 💰 3,600+/day ⏰ 8.00-15.00 Monday-Friday ✅ native English speaker (NES) from the United Kingdom or Ireland ✅ must have a Bachelor’s Degree and be a certified teacher (TEFL, TESOL, Celta, etc.) ✅ As this is only a 15-day camp, we are looking for teachers who are currently employed in Thailand and already hold a work permit from their current employer We are conducting a 15-day winter camp for international school students in June and July 2026. You will be teaching a small class of students ages 8-15. The curriculum is fully prepared and will feature a daily topic as well as a grammar lesson, art lesson, and an arts & craft lesson or a scientific experiment. Teachers need to be fun, active, and engaging, and have at least 3 years of teaching experience. Due to the short nature of this camp, we are looking for teachers who are already located in Thailand and hold a valid Thai work permit. If you are interested, please send your CV, a recent photo, and a short introduction video to [email protected] Send Resume You can either send your resume to the employer yourself at the email address above, or you can create a resume on ajarn.com to easily send to employers at any time with just a few clicks! Create a resume on ajarn.com","British/Irish Camp Teacher Posted 2 weeks ago 🗓️ 28 June - 18 July 2026 📍 Location: Near Minburi BTS station 💰 3,600+/day ⏰ 8.00-15.00 Monday-Friday ✅ native English speaker (NES) from the United Kingdom or Ireland ✅ must have a Bachelor’s Degree and be a certified teacher (TEFL, TESOL, Celta, etc.) ✅ As this is only a 15-day camp, we are looking for teachers who are currently employed in Thailand and already hold a work permit from their current employer We are conducting a 15-day winter camp for international school students in June and July 2026. You will be teaching a small class of students ages 8-15. The curriculum is fully prepared and will feature a daily topic as well as a grammar lesson, art lesson, and an arts & craft lesson or a scientific experiment. Teachers need to be fun, active, and engaging, and have at least 3 years of teaching experience. Due to the short nature of this camp, we are looking for teachers who are already located in Thailand and hold a valid Thai work permit. If you are interested, please send your CV, a recent photo, and a short introduction video to [email protected] Send Resume You can either send your resume to the employer yourself at the email address above, or you can create a resume on ajarn.com to easily send to employers at any time with just a few clicks! Create a resume on ajarn.com"
ajarn,157773,https://www.ajarn.com/recruitment/jobs/157773/kindergarten-primary-and-secondary-teachers-in-bangkok,Filipino Art Teacher,Interkids Bilingual School (IBS),Bangkok,Thailand,"20,000-23,000",THB,Bachelor,,,Immediate / School Year 2026–2027,job@ibs.ac.th,https://goo.gl/maps/2AaeD25C9JsALuZu6,2 weeks ago,"Filipino Art Teacher Posted 2 weeks ago Interkids Bilingual School (IBS) is a well-established bilingual school in Bangkok committed to developing students to become global citizens through quality education, leadership, ethics, language, and technology. At IBS, we believe in nurturing creativity, confidence, and innovation through engaging and student-centered learning experiences. Our Motto: ""Make your child a child of the world."" ________________________________________ Position: Art Teacher (Primary & Lower Secondary) Levels: Grades 1–8 Location: Seri Thai Campus, Bangkok, Thailand Start Date: Immediate / School Year 2026–2027 Employment Type: Full-Time ________________________________________ Campus address: Seri Thai Campus: 137 Seri Thai Road Soi 21-23, Khlong Kum, Bueng Kum, Bangkok, Thailand 10240 Google Map: https://goo.gl/maps/2AaeD25C9JsALuZu6 ________________________________________ Job Description We are seeking a passionate, creative, and enthusiastic Filipino Art Teacher to teach Grades 1–8 and inspire students through meaningful visual arts experiences. The successful candidate will deliver engaging lessons that promote creativity, artistic expression, critical thinking, and hands-on learning. Key Responsibilities ✅ Teach Art lessons to students from Grades 1–8 ✅ Prepare engaging and age-appropriate lesson plans and classroom activities ✅ Teach a variety of art techniques and media, including: • Drawing • Painting • Crafts • Mixed media • Design and creativit","Filipino Art Teacher Posted 2 weeks ago Interkids Bilingual School (IBS) is a well-established bilingual school in Bangkok committed to developing students to become global citizens through quality education, leadership, ethics, language, and technology. At IBS, we believe in nurturing creativity, confidence, and innovation through engaging and student-centered learning experiences. Our Motto: ""Make your child a child of the world."" ________________________________________ Position: Art Teacher (Primary & Lower Secondary) Levels: Grades 1–8 Location: Seri Thai Campus, Bangkok, Thailand Start Date: Immediate / School Year 2026–2027 Employment Type: Full-Time ________________________________________ Campus address: Seri Thai Campus: 137 Seri Thai Road Soi 21-23, Khlong Kum, Bueng Kum, Bangkok, Thailand 10240 Google Map: https://goo.gl/maps/2AaeD25C9JsALuZu6 ________________________________________ Job Description We are seeking a passionate, creative, and enthusiastic Filipino Art Teacher to teach Grades 1–8 and inspire students through meaningful visual arts experiences. The successful candidate will deliver engaging lessons that promote creativity, artistic expression, critical thinking, and hands-on learning. Key Responsibilities ✅ Teach Art lessons to students from Grades 1–8 ✅ Prepare engaging and age-appropriate lesson plans and classroom activities ✅ Teach a variety of art techniques and media, including: • Drawing • Painting • Crafts • Mixed media • Design and creativity projects • Cultural and seasonal art activities ✅ Organize classroom displays and student artwork exhibitions ✅ Encourage creativity, imagination, and self-expression ✅ Maintain classroom discipline and a positive learning environment ✅ Prepare teaching materials and visual resources ✅ Participate in school activities, events, and projects ✅ Complete required school documentation and student assessments ________________________________________ Essential Requirements ✔ Bachelor’s Degree (Education, Fine Arts, Art Education, or related field preferred) ✔ Non-Native English Speaker preferably Filipino with strong English proficiency ✔ Experience teaching young learners and/or primary-secondary students preferred ✔ Creative, energetic, and student-centered teaching approach ✔ Good classroom management skills ✔ Professional, responsible, and positive attitude ✔ Team player and willing to contribute to school activities Preferred Qualifications ⭐ Previous experience teaching Art in an international or bilingual school is an advantage ⭐ Ability to integrate creativity and project-based learning into lessons ________________________________________ Salary & Benefits 💰 Salary: 20,000– 23,000 Baht/ month based on teaching experience and qualifications 📌 Work Permit & Visa Assistance 📌 Social Security Health Benefits 📌 Paid National Holidays ________________________________________ How to Apply Interested candidates are invited to submit the following: 1. Updated CV / Resume (include nationality, contact details, and a recent photo) 2. Copy of the Passport Photo page 3. Copies of Degree & Relevant Certificates 4. Valid TOEIC result (if available) 5. Brief cover letter introducing yourself and expressing your interest 6. Specify the subject line: ""Art Teacher"" Please send your application to: - [email protected] ________________________________________ Important: Please attach documents directly to your email. Do not send links to external resumes or file drives. Send Resume You can either send your resume to the employer yourself at the email address above, or you can create a resume on ajarn.com to easily send to employers at any time with just a few clicks! Create a resume on ajarn.com"
ajarn,157771,https://www.ajarn.com/recruitment/jobs/157771/nes-teachers-in-ubon-ratchathani,NES Early Years Teacher,Satit RTU International School,Ubon Ratchathani,Thailand,"45,000",THB,Bachelor,,,1 June 2026,methavee@rtu.ac.th,https://maps.app.goo.gl/HqN4iq2aeVWzDjq9A,2 weeks ago,"NES Early Years Teacher Posted 2 weeks ago Urgently Needed: Native English Teachers 📍 Satit RTU International School Location: https://maps.app.goo.gl/HqN4iq2aeVWzDjq9A Ubon Ratchathani, Thailand | 📌Salary: 45,000 THB/month Plus 2,000 THB housing allowance ⭐️URGENT: We are looking for a NATIVE SPEAKER to start on 1st June. Due to an emergency, our current teacher is unable to continue, and we need to fill this position immediately. 😊 Join Our Team – Teachers Urgently Required We are urgently seeking qualified and enthusiastic teachers to join our international Cambridge Early Years Centre at Satit RTU International School, a Cambridge-affiliated school located in Ubon Ratchathani, Thailand. This is a full-time position starting June 2026. 🏆About the School We are Satit RTU International School, affiliated with Ratchathani University, a private university in Ubon Ratchathani. Please note: There are two other universities in Ubon (Ubon Ratchathani University and Ubon Ratchathani Rajabhat University – both public), so there can be some confusion with the name. Our school is centrally located on the ring road, directly opposite CentralPlaza Department Store. Ubon offers: 📌A low cost of living 📌Easy access to housing 📌A pleasant blend of local charm with modern amenities like restaurants, nightclubs, and shopping centres The city is a 6-hour drive or a 50-minute flight from Bangkok. Our province borders Laos and the Mekong River, with nearby attractions such as Pha Taem National P","NES Early Years Teacher Posted 2 weeks ago Urgently Needed: Native English Teachers 📍 Satit RTU International School Location: https://maps.app.goo.gl/HqN4iq2aeVWzDjq9A Ubon Ratchathani, Thailand | 📌Salary: 45,000 THB/month Plus 2,000 THB housing allowance ⭐️URGENT: We are looking for a NATIVE SPEAKER to start on 1st June. Due to an emergency, our current teacher is unable to continue, and we need to fill this position immediately. 😊 Join Our Team – Teachers Urgently Required We are urgently seeking qualified and enthusiastic teachers to join our international Cambridge Early Years Centre at Satit RTU International School, a Cambridge-affiliated school located in Ubon Ratchathani, Thailand. This is a full-time position starting June 2026. 🏆About the School We are Satit RTU International School, affiliated with Ratchathani University, a private university in Ubon Ratchathani. Please note: There are two other universities in Ubon (Ubon Ratchathani University and Ubon Ratchathani Rajabhat University – both public), so there can be some confusion with the name. Our school is centrally located on the ring road, directly opposite CentralPlaza Department Store. Ubon offers: 📌A low cost of living 📌Easy access to housing 📌A pleasant blend of local charm with modern amenities like restaurants, nightclubs, and shopping centres The city is a 6-hour drive or a 50-minute flight from Bangkok. Our province borders Laos and the Mekong River, with nearby attractions such as Pha Taem National Park and Sam Phan Bok. ❤️ Who We’re Looking For We are seeking a dedicated and responsible Early Years teacher who is passionate about education, motivated to inspire young learners, and committed to maintaining high standards in the classroom. 📌Position Details Position: Early Years Main Teacher 📅 Start Date: 1 June 2026 ✨Type: Full-time, fixed-term contract ⭐️ Salary: 45,000 THB/month Location: Satit RTU International School https://maps.app.goo.gl/HqN4iq2aeVWzDjq9A 📌Requirements Native English speaker from the UK, USA, Canada, Australia, New Zealand, or South Africa ⭐️Bachelor’s degree ⭐️Recent experience teaching in Early Years settings ❤️Benefits ⭐️ Competitive salary ⭐️ 2,000 THB Housing allowance ⭐️ Work permit and Non-B visa provided ⭐️ School holidays included include 2-week home leave ⭐️ Health insurance available ⭐️ Extra pay for weekend classes (590 THB/hour) ⭐️ Supportive and professional teaching team ❤️Responsibilities 1. Main Early Years Class Teacher ✈️ Lead a class of no more than 25 students ✈️ Supported by two qualified co-teachers (Thai and non-Thai) ✈️ Follow the Cambridge Early Years Curriculum ✈️ Use provided worksheets and resources ✈️ Attend a Pre-Service Introduction Training ✈️ Participate in termly evaluations to support professional growth ✈️ Contribute new ideas and work within a collaborative framework 2. After-School or Weekend Activities (Optional, with Extra Pay) 🎨Small classes (max. 15 students) offering: 🎨Arts and Crafts 🎨Music and Dance 🎨Mandarin 🎨English 🎨Extra compensation: 590 THB/hour 3. Termly School Excursions 🏅Once per term 🏅Parents and Thai teachers assist 🏅Teachers lead the activities and supervise the group ❤️Working Hours Monday to Friday: 7:30 AM – 4:00 PM 👍🏻Two consecutive days off per week (typically Saturday and Sunday; flexible by term) Facilities 🏆Air-conditioned classrooms 🏆Sound systems and whiteboards 🏆Class sizes: 8–25 students 🏆Positive, friendly work environment 📌Application Process Interviews will be conducted in person at the school and include a short demo lesson with a lesson plan. If you’re abroad, we can also schedule an informal Zoom interview. 📌To Apply Please send the following in printable PDF format: ⭐️Recent photo ⭐️CV/resume ⭐️Academic transcripts ⭐️Teaching certificates We will only contact shortlisted candidates. Thank you for understanding. Contact Information Dr Methavee Chotchaipong School Principal, Satit RTU International School 📧 [email protected] 🌐 http://satit.rtu.ac.th Vice-President of International Affairs and IT Development Ratchathani University 🌐 http://rtu.ac.th Send Resume You can either send your resume to the employer yourself at the email address above, or you can create a resume on ajarn.com to easily send to employers at any time with just a few clicks! Create a resume on ajarn.com"
ajarn,157769,https://www.ajarn.com/recruitment/jobs/157769/lower-secondary-english-kindergarten-teacher-in,"English, Science and Kindergarten Teachers",Assumption College Sriracha,"Sriracha, Chonburi",Thailand,,,Bachelor,,12 months,as soon as possible,kanyanut_nay@hotmail.com,,2 weeks ago,"English, Science and Kindergarten Teachers Posted 2 weeks ago ASSUMPTION COLLEGE SRIRACHA is a Private School, located in Sriracha, Chonburi Province. We are looking for full time teachers.. (Direct Hire) - Lower Primary Science Teacher (Filipino/Native Speaker) - Secondary English Teacher 1 position (Native Speaker) - Kindergarten Teacher (Native Speaker) Qualifications : - Able to start working as soon as possible - Bachelor’s degree in education or related - Experience in teaching and strong organizational skills - Excellent communication skills in English General Benefits : - 12 months contract (start from May - April) - Three-month probation - Extra money for Housing Allowance 3,000 baht, after three-month probation - One-month bonus salary at the end of contract (first year will pay by proportion) - School will pay for visa and work permit costs of 5,000 baht / year - Private health insurance: school will take care 6,000 baht / year - Salary increase every year (first year will not increase yet) - Holidays will not amount to less than 8 working weeks (40 working days) per year with paid. For more details and interview, please send your cv and an introductory video to [email protected] All candidates will have to do an interview first and do the demonstration teaching of 15 minutes on an interview date — topics are of his/her expertise/interest. Qualified applicants will be contacted later to inform the interview date later Send Resume You can either send your resume to","English, Science and Kindergarten Teachers Posted 2 weeks ago ASSUMPTION COLLEGE SRIRACHA is a Private School, located in Sriracha, Chonburi Province. We are looking for full time teachers.. (Direct Hire) - Lower Primary Science Teacher (Filipino/Native Speaker) - Secondary English Teacher 1 position (Native Speaker) - Kindergarten Teacher (Native Speaker) Qualifications : - Able to start working as soon as possible - Bachelor’s degree in education or related - Experience in teaching and strong organizational skills - Excellent communication skills in English General Benefits : - 12 months contract (start from May - April) - Three-month probation - Extra money for Housing Allowance 3,000 baht, after three-month probation - One-month bonus salary at the end of contract (first year will pay by proportion) - School will pay for visa and work permit costs of 5,000 baht / year - Private health insurance: school will take care 6,000 baht / year - Salary increase every year (first year will not increase yet) - Holidays will not amount to less than 8 working weeks (40 working days) per year with paid. For more details and interview, please send your cv and an introductory video to [email protected] All candidates will have to do an interview first and do the demonstration teaching of 15 minutes on an interview date — topics are of his/her expertise/interest. Qualified applicants will be contacted later to inform the interview date later Send Resume You can either send your resume to the employer yourself at the email address above, or you can create a resume on ajarn.com to easily send to employers at any time with just a few clicks! Create a resume on ajarn.com"
ajarn,157765,https://www.ajarn.com/recruitment/jobs/157765/nes-english-teacher-in-bangkok,NES English Teacher,SIAM Computer & Language School,Minburi / Rom Klao,Thailand,"43,000+",THB,Bachelor,,two-semester,,applications2siam@gmail.com,,2 weeks ago,"NES English Teacher Posted 2 weeks ago SIAM Computer & Language School is currently accepting applications from qualified and experienced English teachers (NES) for a new teaching position currently available in the Minburi / Rom Klao area of the city. Due to client demand, we are seeking an enthusiastic, reliable and professional teacher to join our established team at one of our flagship client schools near Rom Klao Rd. Founded in 1979, SIAM has been a trusted name in education in Thailand for over 40 years. Many of our teachers have remained with us for 10+ years, reflecting the supportive working environment and stability we aim to provide. ________________________________________ Currently hiring for: Modern, Co-ed Secondary School The school provides a new, well-equipped campus, featuring air-conditioned classrooms, smart boards, and smaller class sizes. Students, in general, possess a good level of English and are well behaved. Position: • NES English Teacher – Secondary levels (up to M6) Must be confident teaching writing and IELTS preparation in addition to 4-skills English - Should be dynamic and possess strong student-centered teaching skills - Strong package for the right candidate Minimum Requirements: • Bachelor’s Degree (original copies and transcripts required for visa/work permit processing) • 120-hour TEFL / TESOL / CELTA certification • Prior teaching experience in Thailand (preferred) or relevant teaching experience abroad • Professional, reliable and well","NES English Teacher Posted 2 weeks ago SIAM Computer & Language School is currently accepting applications from qualified and experienced English teachers (NES) for a new teaching position currently available in the Minburi / Rom Klao area of the city. Due to client demand, we are seeking an enthusiastic, reliable and professional teacher to join our established team at one of our flagship client schools near Rom Klao Rd. Founded in 1979, SIAM has been a trusted name in education in Thailand for over 40 years. Many of our teachers have remained with us for 10+ years, reflecting the supportive working environment and stability we aim to provide. ________________________________________ Currently hiring for: Modern, Co-ed Secondary School The school provides a new, well-equipped campus, featuring air-conditioned classrooms, smart boards, and smaller class sizes. Students, in general, possess a good level of English and are well behaved. Position: • NES English Teacher – Secondary levels (up to M6) Must be confident teaching writing and IELTS preparation in addition to 4-skills English - Should be dynamic and possess strong student-centered teaching skills - Strong package for the right candidate Minimum Requirements: • Bachelor’s Degree (original copies and transcripts required for visa/work permit processing) • 120-hour TEFL / TESOL / CELTA certification • Prior teaching experience in Thailand (preferred) or relevant teaching experience abroad • Professional, reliable and well-prepared classroom approach • Age guideline: 24 – 55 (client-specified) • Currently located in Thailand with a valid visa • Familiarity with online teaching platforms ________________________________________ Additional Advantages: • Understanding of Thai culture and Thai school environments • Experience working with multilingual classrooms • Ability to adapt lessons for mixed-ability learners • Willingness to develop professionally with support from the SIAM team ________________________________________ What We Offer: • Competitive salary package with extras were deemed applicable: 43,000+ THB • Immediate start potential with paid national holidays • Longer two-semester contract with annual review • Performance bonuses (up to 20,000 THB per academic year) • Subsidized group health insurance • Work permit and visa assistance • Paid business leave (up to 5 days for visa/work permit processing) • Paid sick leave (up to 4 days per contract) • Overtime opportunities where available • Supportive Western management team • Curriculum and teaching materials provided • Orientation, training and ongoing professional support ________________________________________ How to Apply: Interested applicants should submit the following via the listing on Ajarn.com: • Resume / CV • Brief cover letter • Supporting documents Due to the volume of applications we typically receive, only shortlisted candidates will be contacted directly (by email only). In-person interviews are ongoing at our head offices. Send Resume You can either send your resume to the employer yourself at the email address above, or you can create a resume on ajarn.com to easily send to employers at any time with just a few clicks! Create a resume on ajarn.com"
ajarn,157757,https://www.ajarn.com/recruitment/jobs/157757/secondary-english-social-studies-teachers-in-udon-thani,Secondary English / Social Studies Teachers,MediaKids Academy Thailand,Udon Thani,Thailand,"45,000 – 47,000",THB,Bachelor,,,May 2026,hr@mediakidsacademy.com,https://youtu.be/9tbKWX6ZywY,2 weeks ago,"Secondary English / Social Studies Teachers Posted 2 weeks ago 📢 Native English-Speaking Teachers Needed (English / Social Studies) 📍 Udon Thani | Start Date: May 2026 We are currently seeking enthusiastic and dedicated native English-speaking teachers for English and Social Studies positions starting in May 2026. Join our supportive team and enjoy teaching in a welcoming Thai school environment. 🌈 Requirements: •Native English speakers (UK, USA, Canada, Australia, New Zealand, Ireland) •Bachelor’s degree in English, Social Studies, or a related field from an accredited university •Teaching experience and/or TEFL certification is an advantage (not required) •Age: 24–45 •Positive attitude, adaptability, and a genuine passion for teaching •Willingness to embrace Thai culture and work collaboratively 💼 Salary & Benefits: •Competitive salary: 45,000 – 47,000 THB/month •Accommodation allowance: 3,000 THB/month •Non-B visa reimbursement: 3,000 THB •Free Work Permit •Comprehensive support from an experienced international team •Assistance with all visa and documentation processes •Free accident insurance •Paid Thai public holidays •Curriculum and teaching materials provided ⏰ Working Hours: Monday – Friday 7:30 AM – 4:30 PM ✉️ How to Apply: Please send your CV to [email protected] with the subject: ""Udon Application"" Or apply online at: mediakidsacademy.com/apply-now/ 🎬 Learn more about us: TikTok: tiktok.com/@mediakidsacademy 🎥 YouTube: https://youtu.be/9tbKWX6ZywY https://youtu.be","Secondary English / Social Studies Teachers Posted 2 weeks ago 📢 Native English-Speaking Teachers Needed (English / Social Studies) 📍 Udon Thani | Start Date: May 2026 We are currently seeking enthusiastic and dedicated native English-speaking teachers for English and Social Studies positions starting in May 2026. Join our supportive team and enjoy teaching in a welcoming Thai school environment. 🌈 Requirements: •Native English speakers (UK, USA, Canada, Australia, New Zealand, Ireland) •Bachelor’s degree in English, Social Studies, or a related field from an accredited university •Teaching experience and/or TEFL certification is an advantage (not required) •Age: 24–45 •Positive attitude, adaptability, and a genuine passion for teaching •Willingness to embrace Thai culture and work collaboratively 💼 Salary & Benefits: •Competitive salary: 45,000 – 47,000 THB/month •Accommodation allowance: 3,000 THB/month •Non-B visa reimbursement: 3,000 THB •Free Work Permit •Comprehensive support from an experienced international team •Assistance with all visa and documentation processes •Free accident insurance •Paid Thai public holidays •Curriculum and teaching materials provided ⏰ Working Hours: Monday – Friday 7:30 AM – 4:30 PM ✉️ How to Apply: Please send your CV to [email protected] with the subject: ""Udon Application"" Or apply online at: mediakidsacademy.com/apply-now/ 🎬 Learn more about us: TikTok: tiktok.com/@mediakidsacademy 🎥 YouTube: https://youtu.be/9tbKWX6ZywY https://youtu.be/ZvkpOdo1TgI https://youtu.be/sdjmsPWYU38 We look forward to welcoming passionate teachers to our team and making a positive impact together! Send Resume You can either send your resume to the employer yourself at the email address above, or you can create a resume on ajarn.com to easily send to employers at any time with just a few clicks! Create a resume on ajarn.com"
ajarn,157759,https://www.ajarn.com/recruitment/jobs/157759/secondary-english-teacher-in-uttaradit,Secondary English Teacher,MediaKids Academy,Uttaradit,Thailand,"35,000-37,000",THB,Bachelor,,,May 2026,hr@mediakidsacademy.com,https://youtu.be/9tbKWX6ZywY,2 weeks ago,"Secondary English Teacher Posted 2 weeks ago 🌏 Native English Teachers Wanted – May 2026 Start! 📍Uttaradit, North of Thailand MediaKids Academy is currently hiring native English-speaking teachers to join our English Communication Development ECD Program starting May 2026. If you’re passionate about teaching, eager to experience Thai culture, and looking for a supportive team, we would love to hear from you! 💼 Benefits Package • Salary: 35,000–37,000 THB per month • Housing allowance: 3,000 THB per month • Free Work Permit provided • Non-B visa reimbursement: 3,000 THB • Accident insurance included • Paid Thai public holidays • Full curriculum and teaching materials provided • Dedicated support team to assist with visas, documentation, and classroom needs 👩‍🏫 Requirements • Native English speaker (UK, USA, Canada, Australia, New Zealand, Ireland) • Bachelor’s degree (any field) • TEFL certificate or teaching experience preferred but not required • Age 22–50 • Open-minded, adaptable, and culturally curious 📩 How to Apply Send your CV to: 📧 [email protected] Subject line: ""Uttaradit Application"" Or apply online: 🌐 mediakidsacademy.com/apply-now 🎬 Learn more about teaching with us Follow us on TikTok: 👉 tiktok.com/@mediakidsacademy 🎥 Hear directly from our teachers: ▶ https://youtu.be/9tbKWX6ZywY ▶ https://youtu.be/ZvkpOdo1TgI ▶ https://youtu.be/sdjmsPWYU38 Send Resume You can either send your resume to the employer yourself at the email address above, or you can create a resume","Secondary English Teacher Posted 2 weeks ago 🌏 Native English Teachers Wanted – May 2026 Start! 📍Uttaradit, North of Thailand MediaKids Academy is currently hiring native English-speaking teachers to join our English Communication Development ECD Program starting May 2026. If you’re passionate about teaching, eager to experience Thai culture, and looking for a supportive team, we would love to hear from you! 💼 Benefits Package • Salary: 35,000–37,000 THB per month • Housing allowance: 3,000 THB per month • Free Work Permit provided • Non-B visa reimbursement: 3,000 THB • Accident insurance included • Paid Thai public holidays • Full curriculum and teaching materials provided • Dedicated support team to assist with visas, documentation, and classroom needs 👩‍🏫 Requirements • Native English speaker (UK, USA, Canada, Australia, New Zealand, Ireland) • Bachelor’s degree (any field) • TEFL certificate or teaching experience preferred but not required • Age 22–50 • Open-minded, adaptable, and culturally curious 📩 How to Apply Send your CV to: 📧 [email protected] Subject line: ""Uttaradit Application"" Or apply online: 🌐 mediakidsacademy.com/apply-now 🎬 Learn more about teaching with us Follow us on TikTok: 👉 tiktok.com/@mediakidsacademy 🎥 Hear directly from our teachers: ▶ https://youtu.be/9tbKWX6ZywY ▶ https://youtu.be/ZvkpOdo1TgI ▶ https://youtu.be/sdjmsPWYU38 Send Resume You can either send your resume to the employer yourself at the email address above, or you can create a resume on ajarn.com to easily send to employers at any time with just a few clicks! Create a resume on ajarn.com"
ajarn,157761,https://www.ajarn.com/recruitment/jobs/157761/english-teacher-in-nakhon-nayok,English Teacher,MediaKids Academy,Nakhon Nayok,Thailand,"35,000-40,000",THB,Bachelor,,,May 2026,hr@mediakidsacademy.com,https://youtu.be/9tbKWX6ZywY,2 weeks ago,"English Teacher Posted 2 weeks ago 🌏 Native English Teachers Wanted – May 2026 Start! 📍Nakhonnayok, Thailand MediaKids Academy is currently hiring native English-speaking teachers to join our Special Program starting May 2026. If you’re passionate about teaching, eager to experience Thai culture, and looking for a supportive team, we would love to hear from you! 💼 Benefits Package • Salary: 35,000–40,000 THB per month • Housing allowance: 3,000 THB per month • Free Work Permit provided • Non-B visa reimbursement: 3,000 THB • Accident insurance included • Paid Thai public holidays • Full curriculum and teaching materials provided • Dedicated support team to assist with visas, documentation, and classroom needs 👩‍🏫 Requirements • Native English speaker (UK, USA, Canada, Australia, New Zealand, Ireland) • Bachelor’s degree (any field) • TEFL certificate or teaching experience preferred but not required • Age 22–50 • Open-minded, adaptable, and culturally curious 📩 How to Apply Send your CV to: 📧 [email protected] Subject line: Nakhon Nayok Application Or apply online: 🌐 mediakidsacademy.com/apply-now 🎬 Learn more about teaching with us Follow us on TikTok: 👉 tiktok.com/@mediakidsacademy 🎥 Hear directly from our teachers: ▶ https://youtu.be/9tbKWX6ZywY ▶ https://youtu.be/ZvkpOdo1TgI ▶ https://youtu.be/sdjmsPWYU38 Send Resume You can either send your resume to the employer yourself at the email address above, or you can create a resume on ajarn.com to easily send to employers at a","English Teacher Posted 2 weeks ago 🌏 Native English Teachers Wanted – May 2026 Start! 📍Nakhonnayok, Thailand MediaKids Academy is currently hiring native English-speaking teachers to join our Special Program starting May 2026. If you’re passionate about teaching, eager to experience Thai culture, and looking for a supportive team, we would love to hear from you! 💼 Benefits Package • Salary: 35,000–40,000 THB per month • Housing allowance: 3,000 THB per month • Free Work Permit provided • Non-B visa reimbursement: 3,000 THB • Accident insurance included • Paid Thai public holidays • Full curriculum and teaching materials provided • Dedicated support team to assist with visas, documentation, and classroom needs 👩‍🏫 Requirements • Native English speaker (UK, USA, Canada, Australia, New Zealand, Ireland) • Bachelor’s degree (any field) • TEFL certificate or teaching experience preferred but not required • Age 22–50 • Open-minded, adaptable, and culturally curious 📩 How to Apply Send your CV to: 📧 [email protected] Subject line: Nakhon Nayok Application Or apply online: 🌐 mediakidsacademy.com/apply-now 🎬 Learn more about teaching with us Follow us on TikTok: 👉 tiktok.com/@mediakidsacademy 🎥 Hear directly from our teachers: ▶ https://youtu.be/9tbKWX6ZywY ▶ https://youtu.be/ZvkpOdo1TgI ▶ https://youtu.be/sdjmsPWYU38 Send Resume You can either send your resume to the employer yourself at the email address above, or you can create a resume on ajarn.com to easily send to employers at any time with just a few clicks! Create a resume on ajarn.com"
ajarn,157760,https://www.ajarn.com/recruitment/jobs/157760/secondary-english-teacher-in-chon-buri,Secondary English Teacher,MediaKids Academy,Chonburi & Rayong,Thailand,"33,000-35,000",THB,Bachelor,,,May 2026,hr@mediakidsacademy.com,https://youtu.be/9tbKWX6ZywY,2 weeks ago,"Secondary English Teacher Posted 2 weeks ago 🌏 Native English Teachers Wanted – May 2026 Start! 📍 Chonburi & Rayong, Thailand MediaKids Academy is currently hiring native English-speaking teachers to join our ECD (English for Communication Development) Program starting May 2026. If you’re passionate about teaching, eager to experience Thai culture, and looking for a supportive team, we would love to hear from you! 💼 Benefits Package • Salary: 33,000–35,000 THB per month • Housing allowance: 3,000 THB per month • Free Work Permit provided • Non-B visa reimbursement: 3,000 THB • Accident insurance included • Paid Thai public holidays • Full curriculum and teaching materials provided • Dedicated support team to assist with visas, documentation, and classroom needs 👩‍🏫 Requirements • Native English speaker (UK, USA, Canada, Australia, New Zealand, Ireland) • Bachelor’s degree (any field) • TEFL certificate or teaching experience preferred but not required • Age 22–50 • Open-minded, adaptable, and culturally curious 📩 How to Apply Send your CV to: 📧 [email protected] Subject line: MAY 2026 APPLICATION-Chonburi/Rayong Or apply online: 🌐 mediakidsacademy.com/apply-now 🎬 Learn more about teaching with us Follow us on TikTok: 👉 tiktok.com/@mediakidsacademy 🎥 Hear directly from our teachers: ▶ https://youtu.be/9tbKWX6ZywY ▶ https://youtu.be/ZvkpOdo1TgI ▶ https://youtu.be/sdjmsPWYU38 Send Resume You can either send your resume to the employer yourself at the email address above, or you","Secondary English Teacher Posted 2 weeks ago 🌏 Native English Teachers Wanted – May 2026 Start! 📍 Chonburi & Rayong, Thailand MediaKids Academy is currently hiring native English-speaking teachers to join our ECD (English for Communication Development) Program starting May 2026. If you’re passionate about teaching, eager to experience Thai culture, and looking for a supportive team, we would love to hear from you! 💼 Benefits Package • Salary: 33,000–35,000 THB per month • Housing allowance: 3,000 THB per month • Free Work Permit provided • Non-B visa reimbursement: 3,000 THB • Accident insurance included • Paid Thai public holidays • Full curriculum and teaching materials provided • Dedicated support team to assist with visas, documentation, and classroom needs 👩‍🏫 Requirements • Native English speaker (UK, USA, Canada, Australia, New Zealand, Ireland) • Bachelor’s degree (any field) • TEFL certificate or teaching experience preferred but not required • Age 22–50 • Open-minded, adaptable, and culturally curious 📩 How to Apply Send your CV to: 📧 [email protected] Subject line: MAY 2026 APPLICATION-Chonburi/Rayong Or apply online: 🌐 mediakidsacademy.com/apply-now 🎬 Learn more about teaching with us Follow us on TikTok: 👉 tiktok.com/@mediakidsacademy 🎥 Hear directly from our teachers: ▶ https://youtu.be/9tbKWX6ZywY ▶ https://youtu.be/ZvkpOdo1TgI ▶ https://youtu.be/sdjmsPWYU38 Send Resume You can either send your resume to the employer yourself at the email address above, or you can create a resume on ajarn.com to easily send to employers at any time with just a few clicks! Create a resume on ajarn.com"
ajarn,157762,https://www.ajarn.com/recruitment/jobs/157762/part-time-teachers-in-thailand,Part-time Teachers,MediaKids Academy,Thailand,Thailand,"25,000 Baht monthly",THB,,,1-2 months,May 2026,hr@mediakidsacademy.com,,2 weeks ago,"Part-time Teachers Posted 2 weeks ago MediaKids Academy is looking for a part-time teacher to teach our primary and secondary students in Thailand. Contract Duration: 1-2 months Start Date: May 2026 Compensation: - 25,000 Baht monthly salary - Free accommodation during the employment contract - 1,000 THB one-time transportation reimbursement - 1,000 THB for utilities - The curriculum is fully provided by our Curriculum team. Requirements • English Teacher – from the Philippines, UK, USA, Canada, Australia, New Zealand, Ireland • We prefer teachers who are already in Thailand. • Teaching experience and/or TEFL preferred, but not required • 21-50 years old • A positive attitude • A desire to learn more about and immerse in the Thai culture • Passion for teaching Please email [email protected] with the subject ""Part-Time Teacher"" to apply. Kindly attach your resume, recent photo, and short introduction video. Send Resume You can either send your resume to the employer yourself at the email address above, or you can create a resume on ajarn.com to easily send to employers at any time with just a few clicks! Create a resume on ajarn.com","Part-time Teachers Posted 2 weeks ago MediaKids Academy is looking for a part-time teacher to teach our primary and secondary students in Thailand. Contract Duration: 1-2 months Start Date: May 2026 Compensation: - 25,000 Baht monthly salary - Free accommodation during the employment contract - 1,000 THB one-time transportation reimbursement - 1,000 THB for utilities - The curriculum is fully provided by our Curriculum team. Requirements • English Teacher – from the Philippines, UK, USA, Canada, Australia, New Zealand, Ireland • We prefer teachers who are already in Thailand. • Teaching experience and/or TEFL preferred, but not required • 21-50 years old • A positive attitude • A desire to learn more about and immerse in the Thai culture • Passion for teaching Please email [email protected] with the subject ""Part-Time Teacher"" to apply. Kindly attach your resume, recent photo, and short introduction video. Send Resume You can either send your resume to the employer yourself at the email address above, or you can create a resume on ajarn.com to easily send to employers at any time with just a few clicks! Create a resume on ajarn.com"
ajarn,157620,https://www.ajarn.com/recruitment/jobs/157620/nes-homeroom-teacher-in-pathum-thani,NES Homeroom Teacher,Saint Joseph Muang Ake,Rangsit Area,Thailand,"43,000-46,000",THB,Bachelor,,12 months,immediately,kidsanookplaza@gmail.com,,2 weeks ago,"NES Homeroom Teacher Posted 2 weeks ago Native English Teachers for Native Kindergarten and Global Programs Saint Joseph Muang Ake (Rangsit Area) Saint Joseph Muang Ake is hiring Native English-Speaking Homeroom Teachers for Kindergarten 1–3 and Primary 1. Starting immediately. This is a direct-hire position with the school. Our Native (Kindergarten) and Global (Primary 1) program focuses on providing young learners with daily, meaningful exposure to native English, building pronunciation, listening skills, and confidence through consistent interaction. Eligibility Requirement: • Native English Speakers ONLY • Applicants must hold a passport from: USA • UK • Ireland • Canada • Australia • New Zealand Applications that do not meet both requirements will not be considered or responded to. Salary, Bonuses & Financial Benefits • Base Salary: (Kindergarten) 46,000 THB / (Global Primary 1-6) 43,000 THB A small, refundable security deposit is deducted during the 90-day probation period • 12-month contract (paid for all months) • Employment Continuity Bonus: 1,250 THB/month, accumulated and paid in full at contract completion • End-of-Contract Bonus: 10,000 – 40,000 THB, based on service and performance • Work Permit — fully covered by the school • Annual Salary Increase: Guaranteed 2–3%, performance-based • Paid School Breaks (after probation): April: 14-30 paid days (Based on Years) October: 2 paid weeks Christmas: Approximately 9 paid Days All Thai public holidays paid • Health &","NES Homeroom Teacher Posted 2 weeks ago Native English Teachers for Native Kindergarten and Global Programs Saint Joseph Muang Ake (Rangsit Area) Saint Joseph Muang Ake is hiring Native English-Speaking Homeroom Teachers for Kindergarten 1–3 and Primary 1. Starting immediately. This is a direct-hire position with the school. Our Native (Kindergarten) and Global (Primary 1) program focuses on providing young learners with daily, meaningful exposure to native English, building pronunciation, listening skills, and confidence through consistent interaction. Eligibility Requirement: • Native English Speakers ONLY • Applicants must hold a passport from: USA • UK • Ireland • Canada • Australia • New Zealand Applications that do not meet both requirements will not be considered or responded to. Salary, Bonuses & Financial Benefits • Base Salary: (Kindergarten) 46,000 THB / (Global Primary 1-6) 43,000 THB A small, refundable security deposit is deducted during the 90-day probation period • 12-month contract (paid for all months) • Employment Continuity Bonus: 1,250 THB/month, accumulated and paid in full at contract completion • End-of-Contract Bonus: 10,000 – 40,000 THB, based on service and performance • Work Permit — fully covered by the school • Annual Salary Increase: Guaranteed 2–3%, performance-based • Paid School Breaks (after probation): April: 14-30 paid days (Based on Years) October: 2 paid weeks Christmas: Approximately 9 paid Days All Thai public holidays paid • Health & accident insurance (after probation) • Housing assistance (service only not funding) available near a university area (only teachers coming directly from abroad) • Airport Pickup (service only not funding) (only teachers coming directly from abroad) Position Details • Level: Kindergarten K1–K3 and Grade 1 (Primary) • Schedule: Monday–Friday | 07:15–16:15 • Teaching Load: Normal: 13–18 periods/week Maximum cap: 20 periods/week • Homeroom-based: One assigned classroom • Co-teaching with a Thai teacher • Teaching is limited to your assigned class only • Opportunities to teach extra classes for additional income Key Responsibilities • Serve as the homeroom teacher for a Kindergarten class • Teach core subjects in English • Work collaboratively with a Thai co-teacher • Maintain a safe and nurturing classroom environment • Support student routines, behavior, and emotional development • Participate in meetings, school activities, and assigned duties Required Qualifications • Female Native English Speaker Preferred (eligible passport required) • Kindergarten teaching experience required • Experience teaching multiple subjects in English • Bachelor’s degree (any field) • TEFL, TESOL, CELTA, PGCE, PGCEi, or an equivalent recognized teaching qualification. • Patient, caring, and professional Additional Notes • 60-90 day probation period • Participation in up to 5 school events per year (may include weekends) • Visa & work permit support provided (details explained during hiring) How to Apply Email: [email protected] and include the following documents: • detailed Resume / CV • short introduction video • copy of a passport photo page • copy of a degree diploma with transcript • short covering email explaining why you are interested in the post Positions are limited. School Location : https://maps.app.goo.gl/UZ3pxbQ4CqTj3Nkg7 Send Resume You can either send your resume to the employer yourself at the email address above, or you can create a resume on ajarn.com to easily send to employers at any time with just a few clicks! Create a resume on ajarn.com"
ajarn,157753,https://www.ajarn.com/recruitment/jobs/157753/nes-kindergarten-homeroom-teacher-in-bangkok,NES Kindergarten Homeroom Teacher,Little Koala International Kindergarten,Ramintra,Thailand,Competitive,,,,,,enquiries@littlekoalaschool.com,,2 weeks ago,"NES Kindergarten Homeroom Teacher Posted 2 weeks ago Little Koala International Kindergarten is seeking talented, qualified, and motivated teachers. Our Ramintra campus is looking to expand and we are excited to welcome new teachers to our growing community. The School follows the Australian Early Years Learning Framework and ACARA curriculum, modified to suit the local environment. The school embraces its community, and parents play an active role as they too, become part of the school community. Requirements • Only NATIVE ENGLISH SPEAKERS desired from Australia, UK, USA, South Africa, New Zealand, and Canada. • Have relevant teaching experience and educational qualifications • Understand the needs, challenges, and opportunities of an international school community - Competitive Salary (dependent on qualifications, experience, and our school pay scale) - Medical Insurance -Annual Bonus -Work Permit and Visa Provided -Personal Development and growth The salary will be assessed by your teaching experience and qualifications. We offer a competitive employment package, including a work permit, health insurance, snacks, and lunch. How to apply: Please send your current cv/resume and a cover letter to [email protected] for the application process. Due to the volume of applicants, we will only be contacting those that meet the criteria that the school is looking for. Send Resume You can either send your resume to the employer yourself at the email address above, or you can create a","NES Kindergarten Homeroom Teacher Posted 2 weeks ago Little Koala International Kindergarten is seeking talented, qualified, and motivated teachers. Our Ramintra campus is looking to expand and we are excited to welcome new teachers to our growing community. The School follows the Australian Early Years Learning Framework and ACARA curriculum, modified to suit the local environment. The school embraces its community, and parents play an active role as they too, become part of the school community. Requirements • Only NATIVE ENGLISH SPEAKERS desired from Australia, UK, USA, South Africa, New Zealand, and Canada. • Have relevant teaching experience and educational qualifications • Understand the needs, challenges, and opportunities of an international school community - Competitive Salary (dependent on qualifications, experience, and our school pay scale) - Medical Insurance -Annual Bonus -Work Permit and Visa Provided -Personal Development and growth The salary will be assessed by your teaching experience and qualifications. We offer a competitive employment package, including a work permit, health insurance, snacks, and lunch. How to apply: Please send your current cv/resume and a cover letter to [email protected] for the application process. Due to the volume of applicants, we will only be contacting those that meet the criteria that the school is looking for. Send Resume You can either send your resume to the employer yourself at the email address above, or you can create a resume on ajarn.com to easily send to employers at any time with just a few clicks! Create a resume on ajarn.com"
ajarn,157747,https://www.ajarn.com/recruitment/jobs/157747/coaching-english-sub-teacher-in-bangkok,Coaching English / Sub Teacher,Coaching English,Bangkok / Nonthaburi,Thailand,"46,000 THB/month (NES), 38,000 THB/month (NNES European)",THB,Bachelor,,12 months,Immediate,jobepplus@gmail.com,,2 weeks ago,"Coaching English / Sub Teacher Posted 2 weeks ago 📢 Now Hiring: Coaching English Teacher (Full-Time) (with flexibility to teach at other locations when needed) 💬 About the Role We’re hiring NES & NNES teachers to teach Kindergarten, Young Learners, Teens, and Adults/Business English. At Coaching English, we believe learning should be fun, practical, and focused on communication. You’ll join a creative team designing games, activities, and real-world speaking experiences that help students gain confidence in English. You’ll primarily teach at Coaching English’s main center, with flexibility to teach or assist at other partner schools/locations when needed. 📍 Locations: •Main Base: Coaching English Center •Other Possible Locations: Bangkok / Nonthaburi area 💼 Contract: 12 months (renewable) 💰 Salary (depending on experience & qualifications): •NES: Starting from 46,000 THB/month •NNES (European): Starting from 38,000 THB/month 🚗 Travel reimbursement up to 3,000 THB based on actual distance traveled 🕒 Working Hours •Flexible shifts between 8:00 AM – 8:00 PM (weekdays & weekends) •5 working days / 7 working hours per day / 25 teaching hours per week •Schedule provided in advance •2 consecutive weekdays off •Include occasional travel/schedule to partner schools or locations ✅ Requirements •Nationality: US, UK, Ireland, South Africa, New Zealand, Australia, or Canada (European NNES applicants also welcome) •Age: 25–40 years •Education: Bachelor’s degree (any field; Education/Englis","Coaching English / Sub Teacher Posted 2 weeks ago 📢 Now Hiring: Coaching English Teacher (Full-Time) (with flexibility to teach at other locations when needed) 💬 About the Role We’re hiring NES & NNES teachers to teach Kindergarten, Young Learners, Teens, and Adults/Business English. At Coaching English, we believe learning should be fun, practical, and focused on communication. You’ll join a creative team designing games, activities, and real-world speaking experiences that help students gain confidence in English. You’ll primarily teach at Coaching English’s main center, with flexibility to teach or assist at other partner schools/locations when needed. 📍 Locations: •Main Base: Coaching English Center •Other Possible Locations: Bangkok / Nonthaburi area 💼 Contract: 12 months (renewable) 💰 Salary (depending on experience & qualifications): •NES: Starting from 46,000 THB/month •NNES (European): Starting from 38,000 THB/month 🚗 Travel reimbursement up to 3,000 THB based on actual distance traveled 🕒 Working Hours •Flexible shifts between 8:00 AM – 8:00 PM (weekdays & weekends) •5 working days / 7 working hours per day / 25 teaching hours per week •Schedule provided in advance •2 consecutive weekdays off •Include occasional travel/schedule to partner schools or locations ✅ Requirements •Nationality: US, UK, Ireland, South Africa, New Zealand, Australia, or Canada (European NNES applicants also welcome) •Age: 25–40 years •Education: Bachelor’s degree (any field; Education/English-related preferred) •Certification: TEFL, TESOL, CELTA, or equivalent •Experience: Minimum 1–2 years of teaching (online & onsite preferred) •Skills & Qualities: oStrong English communication and clear pronunciation oEnergetic, fun, and student-focused oCreative, adaptable, and a team player oCommitted to helping students improve confidence and real-life communication Preferred: •Experience in public speaking, activity-based learning, or coaching •Comfortable teaching different age groups and classroom settings •Must be willing to teach on weekends and willing to travel to different teaching locations 🌟 What We Offer •Competitive salary •Transportation allowances •Visa & work permit support •Health insurance •Friendly, supportive work environment •Opportunities for training and career growth 🚀 Ready to Join the Team? If you’re passionate about teaching and want to make English learning fun and meaningful, we’d love to hear from you! 📩 Apply Now: Send your CV with a recent photo, passport bio page, degree & transcript, and a short 1–2 minute introduction video to: 👉 [email protected] ⚠️ Applicants must already be in Thailand and available for an immediate start. An in-person teaching demonstration will be required as part of the application process. NO WALK-INS ACCEPTED. Online interviews are scheduled Monday to Friday, from 9:00 AM to 4:00 PM Thailand Time only. Send Resume You can either send your resume to the employer yourself at the email address above, or you can create a resume on ajarn.com to easily send to employers at any time with just a few clicks! Create a resume on ajarn.com"
ajarn,157748,https://www.ajarn.com/recruitment/jobs/157748/female-preschool-english-teacher-in-bangkok,Female Preschool English Teacher,OwlAble Wit School,"Rama 2, Bangkok",Thailand,"40,000 – 45,000",THB,Bachelor,,,May 2026,owlablewit@gmail.com,,2 weeks ago,"Female Preschool English Teacher Posted 2 weeks ago Now Hiring: Early Years English Educator (Academic Year 2026) Starting: May 2026 | Location: Rama 2, Bangkok | Salary: 40,000 – 45,000 THB OwlAble Wit School is expanding! We are seeking an inspiring and qualified female English teacher to join our passionate team for the upcoming school year. If you are an expert in early childhood development and love creating ""Learning like a Mother Tongue"" experiences, we want to meet you. Why Join Us for the New Academic Year? • Stable Career Path: Clear contract terms starting with the new academic cycle. • Creative Freedom: Be part of designing the 2026 curriculum themes and classroom environments. • Professional Support: Comprehensive onboarding and ""Excellent Teacher"" recognition programs. Application Policy: • Email brief cover letter, recently updated resume, a recent photograph with previous VDO teaching (if have) or make appointment for interview and have demo one. Email : [email protected] We are seeking an enthusiastic and qualified female NES teacher Requirements 1. Education: Bachelor’s degree in Education (Early Childhood preferred), or a BA with TESOL/TEFL certification. 2. Experience: At least 2 years of Kindergarten teaching experience. Specific experience with the Early Years (ages 2-4) is a significant advantage. 3. Gender: Female NES (Native English Speaker) preferred. The Ideal Candidate • Early Year Specialist: Deep understanding of child development stages and a pa","Female Preschool English Teacher Posted 2 weeks ago Now Hiring: Early Years English Educator (Academic Year 2026) Starting: May 2026 | Location: Rama 2, Bangkok | Salary: 40,000 – 45,000 THB OwlAble Wit School is expanding! We are seeking an inspiring and qualified female English teacher to join our passionate team for the upcoming school year. If you are an expert in early childhood development and love creating ""Learning like a Mother Tongue"" experiences, we want to meet you. Why Join Us for the New Academic Year? • Stable Career Path: Clear contract terms starting with the new academic cycle. • Creative Freedom: Be part of designing the 2026 curriculum themes and classroom environments. • Professional Support: Comprehensive onboarding and ""Excellent Teacher"" recognition programs. Application Policy: • Email brief cover letter, recently updated resume, a recent photograph with previous VDO teaching (if have) or make appointment for interview and have demo one. Email : [email protected] We are seeking an enthusiastic and qualified female NES teacher Requirements 1. Education: Bachelor’s degree in Education (Early Childhood preferred), or a BA with TESOL/TEFL certification. 2. Experience: At least 2 years of Kindergarten teaching experience. Specific experience with the Early Years (ages 2-4) is a significant advantage. 3. Gender: Female NES (Native English Speaker) preferred. The Ideal Candidate • Early Year Specialist: Deep understanding of child development stages and a passion for Sensorial Learning. • Creative Architect: Loves designing hands-on activities, DIY teaching aids, and lesson plans that stimulate both fine and gross motor skills. • Nurturing Classroom Leader: Exceptional skills in managing a classroom of toddlers with patience, energy, and a ""positive discipline"" mindset. General duties: • Design and implement active learning lesson plans based on the OwlAble Wit Creative Curriculum. • Foster 21st-century skills through simulated environments and direct sensory experiences. • Monitor and document the developmental milestones of students aged 2-4 years. Benefits • Health & Wellness: SUPPORT FOR MEDICAL EXPENSES. • Growth: Annual professional training and development budget. • Performance: Performance-based bonuses and ""Excellent Teacher"" recognition awards. • Stability: Full assistance with Work Permit and Visa processing. • Time Off: All school breaks and national holidays are fully paid during the employment period. Send Resume You can either send your resume to the employer yourself at the email address above, or you can create a resume on ajarn.com to easily send to employers at any time with just a few clicks! Create a resume on ajarn.com"
ajarn,157749,https://www.ajarn.com/recruitment/jobs/157749/early-years-classroom-supporter-female-in-bangkok,Female Early Years Classroom Supporter,OwlAble Wit,,Thailand,Competitive salary (based on experience),,Bachelor,,,,owlablewit@gmail.com,,2 weeks ago,"Female Early Years Classroom Supporter Posted 2 weeks ago ABOUT THE CURRICULUM: OwlAble Wit Creative Curriculum ✔ Learning like a Mother Tongue ✔ Trilingual Skill Development ✔ Emphasis on Direct Experience ✔ 21st Century Skills Focus ✔ Practical, Fun & Realistic Communication KEY RESPONSIBILITIES ✔ Support the NES teacher in delivering the OwlAble Wit Creative Curriculum ✔ Monitor daily health, hygiene, and safety routines for children aged 2–4 ✔ Assist in preparing and developing sensorial learning materials & DIY aids ✔ Observe and record children's behavior and developmental milestones ✔ Manage classroom transitions using songs, rhymes, and positive signals — not commands ✔ Apply child psychology principles to guide behavior with patience and care ✔ Collaborate with the NES teacher in planning and reflecting on lessons QUALIFICATIONS & REQUIREMENTS ✔ Degree in Early Childhood Education or a related field (preferred) ✔ At least 1–2 years of experience working with children aged 2–4 ✔ Strong understanding of child psychology and positive discipline techniques ✔ Skilled in classroom management using creative methods: songs, rhymes, signals ✔ Communicative English proficiency (able to support an English-immersion classroom) ✔ Warm, nurturing, patient, and genuinely passionate about young children ✔ Female applicants only BENEFITS ✔ Competitive salary (based on experience) ✔ Support for medical expenses ✔ Private Health Insurance (after 2 years) ✔ Paid professional training ✔","Female Early Years Classroom Supporter Posted 2 weeks ago ABOUT THE CURRICULUM: OwlAble Wit Creative Curriculum ✔ Learning like a Mother Tongue ✔ Trilingual Skill Development ✔ Emphasis on Direct Experience ✔ 21st Century Skills Focus ✔ Practical, Fun & Realistic Communication KEY RESPONSIBILITIES ✔ Support the NES teacher in delivering the OwlAble Wit Creative Curriculum ✔ Monitor daily health, hygiene, and safety routines for children aged 2–4 ✔ Assist in preparing and developing sensorial learning materials & DIY aids ✔ Observe and record children's behavior and developmental milestones ✔ Manage classroom transitions using songs, rhymes, and positive signals — not commands ✔ Apply child psychology principles to guide behavior with patience and care ✔ Collaborate with the NES teacher in planning and reflecting on lessons QUALIFICATIONS & REQUIREMENTS ✔ Degree in Early Childhood Education or a related field (preferred) ✔ At least 1–2 years of experience working with children aged 2–4 ✔ Strong understanding of child psychology and positive discipline techniques ✔ Skilled in classroom management using creative methods: songs, rhymes, signals ✔ Communicative English proficiency (able to support an English-immersion classroom) ✔ Warm, nurturing, patient, and genuinely passionate about young children ✔ Female applicants only BENEFITS ✔ Competitive salary (based on experience) ✔ Support for medical expenses ✔ Private Health Insurance (after 2 years) ✔ Paid professional training ✔ Paid school breaks (all employment periods) ✔ Paid national holidays ✔ Supportive team & creative work environment APPLICATION POLICY Email Resume, Cover Letter, Photo, VDO Teaching (if any) or request a Demo Interview. 📧 [email protected] Send Resume You can either send your resume to the employer yourself at the email address above, or you can create a resume on ajarn.com to easily send to employers at any time with just a few clicks! Create a resume on ajarn.com"
ajarn,157744,https://www.ajarn.com/recruitment/jobs/157744/primary-and-secondary-esl-positions-in-bangkok,Grade 2 ESL Teacher,Cambridge English Language Centre at Assumption College Thonburi,Bangkok,Thailand,"THB54,000 to THB68,000 per month",THB,Bachelor,,12 months,14th July 2026,dos@act.ac.th,,2 weeks ago,"Grade 2 ESL Teacher Posted 2 weeks ago The Cambridge English Language Centre is seeking an enthusiastic and dedicated Grade 2 ESL teacher to join our primary team at Assumption College Thonburi in Bangkok. This post involves up to 21 hours of classroom teaching per week to Thai primary students. Applicants must be able to start work on 14th July 2026 and should have experience teaching young learners and/or adolescents. Please include a covering letter with your application, detailing your relevant experience and skills. About the Employer Assumption College Thonburi, is a leading Thai curriculum school in Bangkok. Our long-term goal is to provide an exemplary model of language development that is both supportive and effective within the context of a Thai curriculum-based learning environment. Our teaching philosophy emphasizes creating a positive learning environment that encourages high expectations for success through an active, student-focused approach to learning. At ACT, we are committed to fostering a dynamic and engaging educational experience for all students. Personal Specification: Candidates must have the following qualifications and experience: • Bachelor’s Degree • CELTA / TRINITY qualification • At least one year’s post qualification experience teaching young learners. • Knowledge of Cambridge CEFR based assessment (YLE examinations) • DELTA / TRINITY Dip / MA in TESOL preferred We can offer you: • THB54,000 to THB68,000 per month • Annual performance related s","Grade 2 ESL Teacher Posted 2 weeks ago The Cambridge English Language Centre is seeking an enthusiastic and dedicated Grade 2 ESL teacher to join our primary team at Assumption College Thonburi in Bangkok. This post involves up to 21 hours of classroom teaching per week to Thai primary students. Applicants must be able to start work on 14th July 2026 and should have experience teaching young learners and/or adolescents. Please include a covering letter with your application, detailing your relevant experience and skills. About the Employer Assumption College Thonburi, is a leading Thai curriculum school in Bangkok. Our long-term goal is to provide an exemplary model of language development that is both supportive and effective within the context of a Thai curriculum-based learning environment. Our teaching philosophy emphasizes creating a positive learning environment that encourages high expectations for success through an active, student-focused approach to learning. At ACT, we are committed to fostering a dynamic and engaging educational experience for all students. Personal Specification: Candidates must have the following qualifications and experience: • Bachelor’s Degree • CELTA / TRINITY qualification • At least one year’s post qualification experience teaching young learners. • Knowledge of Cambridge CEFR based assessment (YLE examinations) • DELTA / TRINITY Dip / MA in TESOL preferred We can offer you: • THB54,000 to THB68,000 per month • Annual performance related salary increments of THB4,000 • Additional support lessons paying 1500THB / hr (subject to enrollment figures) • End of contract bonus equal to 50% of one month’s salary • 2nd year bonus equal to 150% of one month’s salary* • One-year 12-month renewable contract • 1 single economy airfare for staff recruited outside of Thailand (THB30,000) • Minimum of 8 weeks paid holiday per year, plus public holidays • A strong commitment to providing you with in-service support, training and professional development • A clear CEFR based curriculum with appropriate learning outcomes • Health and medical insurance • Visa and work permit • Accommodation on arrival Duties will include: • Preparation and delivery of high-quality lessons • Preparation general English lessons according to the curriculum • Preparation, administration and marking of placement, progress and achievement tests • Assessment and reporting of student performance • Development of supplementary materials for core syllabuses or for special courses • Contributing to the in-service training of Bell colleagues through presentations and workshops • Attending staff meetings and/or workshops • Assisting with the running of public ELT examinations • Marking of homework and class work Only successful candidates will be contacted. Send Resume You can either send your resume to the employer yourself at the email address above, or you can create a resume on ajarn.com to easily send to employers at any time with just a few clicks! Create a resume on ajarn.com"
ajarn,157746,https://www.ajarn.com/recruitment/jobs/157746/female-english-teacher-part-timeecc-siam-paragon-in-bangkok,Part-time Female English Teacher,,Bangkok,Thailand,,,TEFL,,,,itectsc@gmail.com,,2 weeks ago,"Part-time Female English Teacher Posted 2 weeks ago The Role One-on-one and small group lessons Focus on conversational fluency and personalised goals Create a supportive, encouraging learning space Why Join Us? Full administrative and academic support — just focus on teaching Modern, air-conditioned workspace in the heart of the city Right above BTS Siam, surrounded by world-class amenities Requirements Native English speaker (UK, Ireland, USA, Canada, Australia, New Zealand, or South Africa) TEFL or TESOL certificate required Professional, friendly, and reliable To Apply: Send your CV (with a recent photo) to [email protected] Send Resume You can either send your resume to the employer yourself at the email address above, or you can create a resume on ajarn.com to easily send to employers at any time with just a few clicks! Create a resume on ajarn.com","Part-time Female English Teacher Posted 2 weeks ago The Role One-on-one and small group lessons Focus on conversational fluency and personalised goals Create a supportive, encouraging learning space Why Join Us? Full administrative and academic support — just focus on teaching Modern, air-conditioned workspace in the heart of the city Right above BTS Siam, surrounded by world-class amenities Requirements Native English speaker (UK, Ireland, USA, Canada, Australia, New Zealand, or South Africa) TEFL or TESOL certificate required Professional, friendly, and reliable To Apply: Send your CV (with a recent photo) to [email protected] Send Resume You can either send your resume to the employer yourself at the email address above, or you can create a resume on ajarn.com to easily send to employers at any time with just a few clicks! Create a resume on ajarn.com"
ajarn,157742,https://www.ajarn.com/recruitment/jobs/157742/primary-english-teacher-in-bangkok,NES Primary English Teacher,Anglo Singapore International School,Bangkok,Thailand,competitive,,Bachelor,,,Mid July 2026,mastersonkate@hotmail.com,https://anglosingapore.ac.th/,2 weeks ago,"NES Primary English Teacher Posted 2 weeks ago POSITION: Primary English Teacher LOCATION: Bangkok, Thailand WEBSITE: https://anglosingapore.ac.th/ START DATE: Mid July 2026 Job Summary Anglo Singapore International School is seeking a committed, academically strong, and experienced Primary English Teacher to join our Primary School team in Bangkok. The successful candidate will teach Cambridge Primary First Language English, delivering rigorous and structured English instruction that builds strong literacy foundations, confident communication, and critical thinking skills. The role also includes responsibilities as a homeroom teacher, supporting students’ pastoral care, wellbeing, and personal development. This position is suited to an educator who can teach First Language English to students for whom English is a second language, while maintaining high academic expectations and fostering a supportive, respectful classroom community. Key Responsibilities Academic Responsibilities - Teach Cambridge Primary First Language English across the Primary years, in line with Cambridge curriculum expectations and progression frameworks. - Plan and deliver intentional, well-structured English lessons that develop reading, writing, speaking, and listening skills. - Teach First Language English effectively to students for whom English is a second language, using appropriate scaffolding while maintaining academic rigour. - Develop students’ skills in phonics, reading comprehension, vocabu","NES Primary English Teacher Posted 2 weeks ago POSITION: Primary English Teacher LOCATION: Bangkok, Thailand WEBSITE: https://anglosingapore.ac.th/ START DATE: Mid July 2026 Job Summary Anglo Singapore International School is seeking a committed, academically strong, and experienced Primary English Teacher to join our Primary School team in Bangkok. The successful candidate will teach Cambridge Primary First Language English, delivering rigorous and structured English instruction that builds strong literacy foundations, confident communication, and critical thinking skills. The role also includes responsibilities as a homeroom teacher, supporting students’ pastoral care, wellbeing, and personal development. This position is suited to an educator who can teach First Language English to students for whom English is a second language, while maintaining high academic expectations and fostering a supportive, respectful classroom community. Key Responsibilities Academic Responsibilities - Teach Cambridge Primary First Language English across the Primary years, in line with Cambridge curriculum expectations and progression frameworks. - Plan and deliver intentional, well-structured English lessons that develop reading, writing, speaking, and listening skills. - Teach First Language English effectively to students for whom English is a second language, using appropriate scaffolding while maintaining academic rigour. - Develop students’ skills in phonics, reading comprehension, vocabulary, grammar, writing structure, and extended written expression. - Use formative and summative assessment to monitor progress and inform differentiation and targeted support. - Provide clear, constructive feedback to support continuous improvement in English language and literacy skills. - Homeroom, Pastoral & Wellbeing Responsibilities - Serve as homeroom teacher, taking responsibility for students’ pastoral care, wellbeing, and day-to-day support. - Foster a positive, structured, and inclusive classroom environment that supports emotional safety, independence, and positive learning habits. - Monitor students’ social and emotional development and work closely with relevant staff to support student wellbeing. - Communicate regularly and effectively with parents regarding students’ academic progress, wellbeing, and overall development. Professional Responsibilities - Work collaboratively with colleagues to ensure curriculum coherence and consistency across the Primary programme. - Participate in school-wide events, co-curricular activities, and professional development. Uphold school policies, including safeguarding and child wellbeing. Qualifications & Experience - Bachelor’s degree in Education, English, Primary Education, or a related field (Master’s Degree preferred). - Recognised teaching qualification such as PGCE, B.Ed., or equivalent. - Minimum of 2–3 years’ teaching experience in Primary English. - Strong knowledge of the Cambridge Primary English curriculum, including learning objectives, progression, and assessment expectations. - Proven experience teaching First Language English to students for whom English is a second language in a mainstream primary classroom. - Strong understanding of primary literacy development and strategies to scaffold language without reducing academic demand. - Experience working in international or multilingual school settings is highly desirable. - Strong proficiency in English for teaching and professional communication. - Excellent classroom management, communication, and organisational skills. - A reflective, caring, and professional teaching approach with a clear commitment to academic excellence and student wellbeing. Remuneration & Benefits - A competitive salary package will be offered. - Medical insurance is provided for all staff. Why Join Anglo Singapore International School Anglo Singapore International School offers a supportive and professional working environment with a strong emphasis on high-quality teaching and learning, clear expectations, and collaborative leadership. The school values subject expertise, purposeful instruction, and strong pastoral care, recognising that academic excellence and student wellbeing go hand in hand. With a diverse international community and a clear academic direction, Anglo Singapore International School is committed to nurturing confident, capable, and independent learners while supporting staff in their professional growth and contribution to the wider school community. For more info: https://anglosingapore.ac.th/ How to Apply: Please send your updated resume to Kate Masterson at [email protected] Send Resume You can either send your resume to the employer yourself at the email address above, or you can create a resume on ajarn.com to easily send to employers at any time with just a few clicks! Create a resume on ajarn.com"
ajarn,157738,https://www.ajarn.com/recruitment/jobs/157738/esl-teacher-isp-program-in,ESL Teacher (ISP Program),,,Thailand,60K THB minimum,THB,Bachelor,,,,hr@satitpattana.ac.th,,2 weeks ago,"ESL Teacher (ISP Program) Posted 2 weeks ago Job Title: ESL Teacher (ISP Program) Job Type: Full-Time, Fixed Term About the Role We are seeking a skilled and enthusiastic ESL Teacher to join our dynamic teaching team. The successful candidate will teach English as a Second Language to secondary-level students (Grades 7–11), delivering engaging lessons aligned with the U.S. curriculum. This is an exciting opportunity to inspire language proficiency, foster a love for learning, and contribute to the development of the English department, with potential to grow into a leading position within the English department. Key Responsibilities - Plan, prepare, and deliver engaging ESL lessons that develop students’ reading, writing, listening, and speaking skills, aligned with the U.S. curriculum. - Foster English language proficiency through differentiated instruction and a variety of teaching strategies tailored to diverse learners. - Design and implement a master plan to advance students’ CEFR levels at each grade level, ensuring structured progression and measurable outcomes. - Develop and design specialized courses and materials for standardized English exams, including IELTS and SAT, to prepare students for academic success. - Promote critical thinking, creativity, and effective communication in English. - Assess and monitor student progress, providing constructive feedback to support language development and academic success. - Integrate project-based and real-world learning expe","ESL Teacher (ISP Program) Posted 2 weeks ago Job Title: ESL Teacher (ISP Program) Job Type: Full-Time, Fixed Term About the Role We are seeking a skilled and enthusiastic ESL Teacher to join our dynamic teaching team. The successful candidate will teach English as a Second Language to secondary-level students (Grades 7–11), delivering engaging lessons aligned with the U.S. curriculum. This is an exciting opportunity to inspire language proficiency, foster a love for learning, and contribute to the development of the English department, with potential to grow into a leading position within the English department. Key Responsibilities - Plan, prepare, and deliver engaging ESL lessons that develop students’ reading, writing, listening, and speaking skills, aligned with the U.S. curriculum. - Foster English language proficiency through differentiated instruction and a variety of teaching strategies tailored to diverse learners. - Design and implement a master plan to advance students’ CEFR levels at each grade level, ensuring structured progression and measurable outcomes. - Develop and design specialized courses and materials for standardized English exams, including IELTS and SAT, to prepare students for academic success. - Promote critical thinking, creativity, and effective communication in English. - Assess and monitor student progress, providing constructive feedback to support language development and academic success. - Integrate project-based and real-world learning experiences to make language learning meaningful and practical. - Support students in developing skills for standardized tests and advanced English coursework. - Collaborate with colleagues to align instructional strategies, share best practices, and contribute to curriculum development. - Mentor and support fellow English teachers, with the potential to take on a leading or management role within the English department. - Encourage student participation in English-related extracurricular activities, such as debating, writing competitions, or language clubs. Qualifications & Requirements - Bachelor’s degree or higher in English, TESOL, Applied Linguistics, Education, or a related field. - Teaching certification in ESL, TESOL, or equivalent is preferred. - Teaching license from Kurusapa (temporary or permanent) preferred. - Native English speaker - Minimum of 3–4 years of teaching experience at the secondary school level. - Proven ability to design and implement curriculum, lesson plans, and assessments that develop students’ language proficiency. - Experience in guiding students through CEFR progression and designing programs to advance their levels. - Experience in preparing students for standardized English exams, such as IELTS, SAT, or similar. - Excellent classroom management, communication, and interpersonal skills. - Ability to foster a positive, inclusive, and collaborative learning environment. - Demonstrated ability to mentor colleagues and take on leadership or management responsibilities within the English department. - Familiarity with educational technology and digital tools for teaching and assessment. What We Offer - Competitive salary package with a minimum starting rate of 60K THB, subject to qualifications and experience. - Annual salary increases and a contract completion bonus. - Comprehensive health insurance coverage. - Work visa sponsorship for eligible candidates. - Opportunities for professional development to enhance teaching skills and support career advancement. How to Apply Please send your application, including your resume and a cover letter, to [email protected] Note: Please include ""ESL Teacher Application"" in the subject line. Only shortlisted candidates will be contacted for an interview. Join our team and help shape the next generation of critical thinkers! Send Resume You can either send your resume to the employer yourself at the email address above, or you can create a resume on ajarn.com to easily send to employers at any time with just a few clicks! Create a resume on ajarn.com"
ajarn,157739,https://www.ajarn.com/recruitment/jobs/157739/social-studies-teacher-isp-program-in,Social Studies Teacher (ISP Program),,,Thailand,60K THB minimum,THB,Bachelor,,,,hr@satitpattana.ac.th,,2 weeks ago,"Social Studies Teacher (ISP Program) Posted 2 weeks ago Job Title: Social Studies Teacher (ISP Program) Job Type: Full-Time, Fixed Term About the Role We are seeking an enthusiastic and knowledgeable Social Studies Teacher to join our secondary school academic team. The successful candidate will teach students in Grade 9-10, focusing on SDGs, Model United Nations (MUN), and World History, with opportunities to teach Advanced Placement (AP) courses. This role is ideal for an educator passionate about helping students understand the historical and social context of contemporary issues locally and globally. Key Responsibilities - Plan, prepare, and deliver engaging and rigorous lessons in Social Studies, including World History, SDGs, and MUN-related topics. - Develop and implement a curriculum aligned with Thai and US standards, ensuring differentiation for diverse learning needs. - Foster students’ understanding of historical events, social structures, and their relevance to contemporary issues. - Explore a range of social studies topics such as civics, economics, geography, and world history, integrating these areas to enrich students’ understanding of global and national issues. - Teach Advanced Placement (AP) courses, including AP Psychology and AP Macroeconomics, while preparing students for the rigors of college-level academic challenges. - Cultivate critical thinking, analytical skills, and discussion abilities through inquiry-based learning and collaborative student act","Social Studies Teacher (ISP Program) Posted 2 weeks ago Job Title: Social Studies Teacher (ISP Program) Job Type: Full-Time, Fixed Term About the Role We are seeking an enthusiastic and knowledgeable Social Studies Teacher to join our secondary school academic team. The successful candidate will teach students in Grade 9-10, focusing on SDGs, Model United Nations (MUN), and World History, with opportunities to teach Advanced Placement (AP) courses. This role is ideal for an educator passionate about helping students understand the historical and social context of contemporary issues locally and globally. Key Responsibilities - Plan, prepare, and deliver engaging and rigorous lessons in Social Studies, including World History, SDGs, and MUN-related topics. - Develop and implement a curriculum aligned with Thai and US standards, ensuring differentiation for diverse learning needs. - Foster students’ understanding of historical events, social structures, and their relevance to contemporary issues. - Explore a range of social studies topics such as civics, economics, geography, and world history, integrating these areas to enrich students’ understanding of global and national issues. - Teach Advanced Placement (AP) courses, including AP Psychology and AP Macroeconomics, while preparing students for the rigors of college-level academic challenges. - Cultivate critical thinking, analytical skills, and discussion abilities through inquiry-based learning and collaborative student activities. - Regularly assess student progress, provide constructive feedback, and tailor support to meet individual learning needs. - Create a positive and inclusive classroom environment that promotes student participation, engagement, and academic excellence. - Collaborate with colleagues to align instructional practices, share best practices, and develop resources that enhance student learning. - Support extracurricular activities such as MUN, debate, or social studies clubs. Qualifications and Requirements - Bachelor’s degree in Social Studies, History, Political Science, Economics, or a related field (Master’s degree preferred). - Minimum of one year of full-time teaching experience. - Teaching license from Kurusapa (temporary or permanent) preferred. - Native English speaker. - Strong understanding of current social studies pedagogies, global issues, local practices, and Thai society, culture, and social dynamics. - Experience teaching Advanced Placement (AP) courses is highly desirable. - Excellent communication, organizational, and interpersonal skills. What We Offer - Competitive salary package with a minimum starting rate of 60K THB, subject to qualifications and experience. - Annual salary increases and a contract completion bonus. - Comprehensive health insurance coverage. - Work visa sponsorship for eligible candidates. - Opportunities for professional development to enhance teaching skills and support career advancement. How to Apply Please send your application, including your resume and a cover letter, to [email protected] Note: Please include ""Social Studies Teacher Application"" in the subject line. Only shortlisted candidates will be contacted for an interview. Join our team and help shape the next generation of critical thinkers! Send Resume You can either send your resume to the employer yourself at the email address above, or you can create a resume on ajarn.com to easily send to employers at any time with just a few clicks! Create a resume on ajarn.com"
ajarn,157741,https://www.ajarn.com/recruitment/jobs/157741/non-nes-secondary-math-teachers-in-prachuap-khiri-khan,Non-NES Secondary Teachers,Beaconhouse Yamsaard School Huahin Campus,Hua Hin,Thailand,,,Bachelor,,,May 2026,bellebysthailand@gmail.com,,2 weeks ago,"Non-NES Secondary Teachers Posted 2 weeks ago Beaconhouse Yamsaard School Huahin Campus is seeking dedicated and energetic Math, Science, and Minor Subjects Non-Native English Speaking Teachers to join our Secondary department. Start Date: May 2026 Location: Hua Hin Key responsibilities: Curriculum Delivery Student Reports and Assessments Parent Communication School Events Homeroom duties Requirements: Education: Bachelor’s Degree in Secondary Education (Priority), major in Math, Science, Minor Subjects Experience: Minimum of 2 years of teaching experience in Secondary with a specialization in the field Documentation: * Authenticated Degree and Transcripts. Police Clearance from your country of origin. 2–3 Reference Letters from previous employers (including valid contact info) To apply for the position, please send your CV to: [email protected] [email protected] [email protected] [email protected] Send Resume You can either send your resume to the employer yourself at the email address above, or you can create a resume on ajarn.com to easily send to employers at any time with just a few clicks! Create a resume on ajarn.com","Non-NES Secondary Teachers Posted 2 weeks ago Beaconhouse Yamsaard School Huahin Campus is seeking dedicated and energetic Math, Science, and Minor Subjects Non-Native English Speaking Teachers to join our Secondary department. Start Date: May 2026 Location: Hua Hin Key responsibilities: Curriculum Delivery Student Reports and Assessments Parent Communication School Events Homeroom duties Requirements: Education: Bachelor’s Degree in Secondary Education (Priority), major in Math, Science, Minor Subjects Experience: Minimum of 2 years of teaching experience in Secondary with a specialization in the field Documentation: * Authenticated Degree and Transcripts. Police Clearance from your country of origin. 2–3 Reference Letters from previous employers (including valid contact info) To apply for the position, please send your CV to: [email protected] [email protected] [email protected] [email protected] Send Resume You can either send your resume to the employer yourself at the email address above, or you can create a resume on ajarn.com to easily send to employers at any time with just a few clicks! Create a resume on ajarn.com"
ajarn,157733,https://www.ajarn.com/recruitment/jobs/157733/native-english-teachers-in-samut-prakan,Native English Teachers,"Kleverland Co,.LTD",Samut Prakan,Thailand,"40,000",THB,,,,,Kleverland.office@gmail.com,,2 weeks ago,"Native English Teachers Posted 2 weeks ago Kleverland Co,.LTD is currently looking for Native English Teachers to join our team for teaching in partner schools. Position Native English Teacher (Primary & Secondary Level) Location Schools located in Samut Prakan Thailand Job Description Teach English to Primary for 1 Position and Secondary school students 1 Position Deliver engaging and effective lessons in school classroom environments Work collaboratively with school staff and support student learning Requirements Native English Speaker Experience teaching in government or private schools is preferred Currently residing in Thailand or planning to relocate to Thailand soon Passionate about teaching and working with students Working Conditions Teaching Hours: 20 hours per week Working Time: Monday – Friday, 7:30 AM – 4:00 PM Salary: 40,000 THB per month Benefits Assistance with Non-B Visa and Work Permit Accident Insurance provided Supportive working environment How to Apply Interested candidates are invited to send the following documents: Updated CV / Resume Teaching experience details A short self-introduction video 📧 Please send your application to: [email protected] Send Resume You can either send your resume to the employer yourself at the email address above, or you can create a resume on ajarn.com to easily send to employers at any time with just a few clicks! Create a resume on ajarn.com","Native English Teachers Posted 2 weeks ago Kleverland Co,.LTD is currently looking for Native English Teachers to join our team for teaching in partner schools. Position Native English Teacher (Primary & Secondary Level) Location Schools located in Samut Prakan Thailand Job Description Teach English to Primary for 1 Position and Secondary school students 1 Position Deliver engaging and effective lessons in school classroom environments Work collaboratively with school staff and support student learning Requirements Native English Speaker Experience teaching in government or private schools is preferred Currently residing in Thailand or planning to relocate to Thailand soon Passionate about teaching and working with students Working Conditions Teaching Hours: 20 hours per week Working Time: Monday – Friday, 7:30 AM – 4:00 PM Salary: 40,000 THB per month Benefits Assistance with Non-B Visa and Work Permit Accident Insurance provided Supportive working environment How to Apply Interested candidates are invited to send the following documents: Updated CV / Resume Teaching experience details A short self-introduction video 📧 Please send your application to: [email protected] Send Resume You can either send your resume to the employer yourself at the email address above, or you can create a resume on ajarn.com to easily send to employers at any time with just a few clicks! Create a resume on ajarn.com"
ajarn,157732,https://www.ajarn.com/recruitment/jobs/157732/nes-primary-english-teacher-in-chiang-mai,NES Primary English Teacher,Montfort College Primary School,Chiang Mai,Thailand,"40,000-46,000",THB,Bachelor,,12 months,May 2026,EP_Interoffice@mcp.ac.th,,2 weeks ago,"NES Primary English Teacher Posted 2 weeks ago Montfort College Primary School, Chiang Mai, is looking for an active and reliable teacher to become a part of the school's English Program. Montfort Primary is a beautiful campus school located near the river and Night Bazaar in Chiang Mai City. Primary English Subject Teacher. For the immediate start. (May 2026) ONLY OPEN TO NATIVE SPEAKERS (UK/US/Aus/NZ/Canada/Ireland). POLITE NOTE: Non- native speaker applications will not be considered for this post. Details: • Approx. 20 teaching periods per week. • Working with a partner/co-teacher (Thai nationality). • 12-month employment contract (renewable) Benefits: • Starting salary is 40,000 baht per month (Up to 46,000) • Annual performance-based salary increment • Annual bonus • Free school lunch • Teacher trips • Health insurance Qualifications: - Bachelor’s Degree (in related field/ humanities) - TEFL/TESOL (preferable) - some teaching experience, preferably in Thailand - proficient with computers and standard software packages (PowerPoint, Word and Excel), and able to use technology to enhance student learning in the classroom To apply, candidates should send their: - detailed CV/resume - copy of a passport photo page - copy of a degree /diploma with transcript - short covering email explaining why you are interested in the post to: [email protected] PLEASE NOTE: Applicants who are available for a personal interview and demo lesson at our school in Chiang Mai will be given prior","NES Primary English Teacher Posted 2 weeks ago Montfort College Primary School, Chiang Mai, is looking for an active and reliable teacher to become a part of the school's English Program. Montfort Primary is a beautiful campus school located near the river and Night Bazaar in Chiang Mai City. Primary English Subject Teacher. For the immediate start. (May 2026) ONLY OPEN TO NATIVE SPEAKERS (UK/US/Aus/NZ/Canada/Ireland). POLITE NOTE: Non- native speaker applications will not be considered for this post. Details: • Approx. 20 teaching periods per week. • Working with a partner/co-teacher (Thai nationality). • 12-month employment contract (renewable) Benefits: • Starting salary is 40,000 baht per month (Up to 46,000) • Annual performance-based salary increment • Annual bonus • Free school lunch • Teacher trips • Health insurance Qualifications: - Bachelor’s Degree (in related field/ humanities) - TEFL/TESOL (preferable) - some teaching experience, preferably in Thailand - proficient with computers and standard software packages (PowerPoint, Word and Excel), and able to use technology to enhance student learning in the classroom To apply, candidates should send their: - detailed CV/resume - copy of a passport photo page - copy of a degree /diploma with transcript - short covering email explaining why you are interested in the post to: [email protected] PLEASE NOTE: Applicants who are available for a personal interview and demo lesson at our school in Chiang Mai will be given priority. Send Resume You can either send your resume to the employer yourself at the email address above, or you can create a resume on ajarn.com to easily send to employers at any time with just a few clicks! Create a resume on ajarn.com"
ajarn,157731,https://www.ajarn.com/recruitment/jobs/157731/physics-teacher-in-chiang-rai,Physics Teacher,Samakkhiwittayakom School,Chiang Rai,Thailand,"35,000-40,000",THB,Bachelor,,1 school year,,tuktaluksanalee@gmail.com,,2 weeks ago,"Physics Teacher Posted 2 weeks ago The International Program at Samakkhiwittayakom School is making a positions available for foreign teachers, under the recent admission of this school to the Cambridge Curriculum. 📍We are looking for Physics teacher 1 position that are already on Thai soil, with, at least, a bachelor’s degree in Physics or any related fields. The candidates should: 1) Already be in Thailand 2) Be immediately available to work as soon as possible. 3) Be active and participative, with social aptitudes. 4) Be willing to comply with the school and department regulations. 5) Be able to speak English Fluently The positions will be granted: 1) A salary of 35K (Probation) to 40K (After Probation) THB per month. 2) A 3 months probation period. 3) A total of 1 school year contract, including the probation period. This contract is a renewable pending agreement between the parties. 4) A respectful and enjoyable, working environment, that invests in self-improvement and professional growth. This school is located in Chiang Rai, the northern part of Thailand, amidst a beautiful area of nature. Please send your full CV, and transcripts. Any further details about you that you think may help to: ➡️ [email protected] ➡️Walk-in : Samakkhiwittayakom School, Building 12, 6th floor Send Resume You can either send your resume to the employer yourself at the email address above, or you can create a resume on ajarn.com to easily send to employers at any time with just a few clicks!","Physics Teacher Posted 2 weeks ago The International Program at Samakkhiwittayakom School is making a positions available for foreign teachers, under the recent admission of this school to the Cambridge Curriculum. 📍We are looking for Physics teacher 1 position that are already on Thai soil, with, at least, a bachelor’s degree in Physics or any related fields. The candidates should: 1) Already be in Thailand 2) Be immediately available to work as soon as possible. 3) Be active and participative, with social aptitudes. 4) Be willing to comply with the school and department regulations. 5) Be able to speak English Fluently The positions will be granted: 1) A salary of 35K (Probation) to 40K (After Probation) THB per month. 2) A 3 months probation period. 3) A total of 1 school year contract, including the probation period. This contract is a renewable pending agreement between the parties. 4) A respectful and enjoyable, working environment, that invests in self-improvement and professional growth. This school is located in Chiang Rai, the northern part of Thailand, amidst a beautiful area of nature. Please send your full CV, and transcripts. Any further details about you that you think may help to: ➡️ [email protected] ➡️Walk-in : Samakkhiwittayakom School, Building 12, 6th floor Send Resume You can either send your resume to the employer yourself at the email address above, or you can create a resume on ajarn.com to easily send to employers at any time with just a few clicks! Create a resume on ajarn.com"
ajarn,157728,https://www.ajarn.com/recruitment/jobs/157728/english-science-and-math-teachers-in-thailand,"English, Science, and Math Teachers",BFITS Thailand,Thailand,Thailand,"42,300",THB,Bachelor,,12 months,,teachenglish@bfitsthailand.com,https://brightfutureinternationaltrainingservices.applytojob.com/apply/vv8lHCUSCt/English-Math-Science-Teachers-Thailand?source=https%3A%2F%2Fwww.ajarn.com%2F,2 weeks ago,"English, Science, and Math Teachers Posted 2 weeks ago APPLY HERE: https://brightfutureinternationaltrainingservices.applytojob.com/apply/vv8lHCUSCt/English-Math-Science-Teachers-Thailand?source=https%3A%2F%2Fwww.ajarn.com%2F BENEFITS: -42,300 THB (EP/Content) salary per month plus 500 THB per hour if overtime -12-month (EP/Content) academic year contract that can be extended for additional years and additional benefits. *No unpaid months or reduced pay due to school holidays or reduced teaching hours* -Visa cost reimbursement up to 9,000 THB -Work permit and teaching license waiver paid by BFITS -Monthly supplemental attendance bonus of 750 THB per month -End of Contract bonus up to 36,000 THB -Guaranteed yearly 3% cost of living pay increase minimum -Medical Insurance -Dental Insurance -2-4 weeks paid vacation (an additional week for every additional year of employment) -All Thai government holidays off with pay (13-15 days annually) *These are mandatory government holidays in addition to the paid vacation. -4-7 Paid personal/sick days (unused personal days reimbursed at 500 THB per day at the end of the contract). -Assistance (if needed) in locating housing -Airport pickup (if needed) -Yearly professional development training is provided for free during school breaks -30% discount on teaching certifications and micro-credentials with Bridge TEFL Group -Supportive and solution-oriented management WORKING CONDITIONS: -Teaching hours range from 15-20 hours a week. -Class size","English, Science, and Math Teachers Posted 2 weeks ago APPLY HERE: https://brightfutureinternationaltrainingservices.applytojob.com/apply/vv8lHCUSCt/English-Math-Science-Teachers-Thailand?source=https%3A%2F%2Fwww.ajarn.com%2F BENEFITS: -42,300 THB (EP/Content) salary per month plus 500 THB per hour if overtime -12-month (EP/Content) academic year contract that can be extended for additional years and additional benefits. *No unpaid months or reduced pay due to school holidays or reduced teaching hours* -Visa cost reimbursement up to 9,000 THB -Work permit and teaching license waiver paid by BFITS -Monthly supplemental attendance bonus of 750 THB per month -End of Contract bonus up to 36,000 THB -Guaranteed yearly 3% cost of living pay increase minimum -Medical Insurance -Dental Insurance -2-4 weeks paid vacation (an additional week for every additional year of employment) -All Thai government holidays off with pay (13-15 days annually) *These are mandatory government holidays in addition to the paid vacation. -4-7 Paid personal/sick days (unused personal days reimbursed at 500 THB per day at the end of the contract). -Assistance (if needed) in locating housing -Airport pickup (if needed) -Yearly professional development training is provided for free during school breaks -30% discount on teaching certifications and micro-credentials with Bridge TEFL Group -Supportive and solution-oriented management WORKING CONDITIONS: -Teaching hours range from 15-20 hours a week. -Class sizes range from 25-35 students per class with air-conditioned classrooms, LCD projectors, Apple TV. -School hours are approximately 07.30-16.30 Monday to Friday. -Curriculum and lesson breakdowns are already developed and provided to the teacher. -All teaching materials are supplied by BFITS in paper or digital format: Textbooks, Slides, -Online Learning Platforms, etc; However, teachers MUST develop their engaging lessons using the material given ** All EP classrooms are equipped with LCD projectors so PowerPoint/Google Slides experience is needed ** RESPONSIBILITIES: -Teach subject content to assigned classes as per the schedule provided. -Adapt and deliver the teaching resources provided by BFITS to suit students' needs. -Build and maintain positive relationships with students and school staff. -Maintain student grading/assessment using the company's Learning Management System. -Attend office meetings or professional development held during office hours (if/when needed). MINIMUM REQUIREMENTS: Bachelor's Degree Police Clearance (can be local or national) Basic Office/IT Skills --> APPLY FOR AVAILABLE POSITIONS USING THE LINK BELOW <-- https://brightfutureinternationaltrainingservices.applytojob.com/apply/vv8lHCUSCt/English-Math-Science-Teachers-Thailand?source=https%3A%2F%2Fwww.ajarn.com%2F LinkedIn: https://www.linkedin.com/showcase/bfits-thailand/ Facebook: https://www.facebook.com/BFITSThailandPage Instagram: BFITSThailand​​​​​​​ Website: https://www.BFITSthailand.com Send Resume You can either send your resume to the employer yourself at the email address above, or you can create a resume on ajarn.com to easily send to employers at any time with just a few clicks! Create a resume on ajarn.com"
ajarn,157726,https://www.ajarn.com/recruitment/jobs/157726/female-kindergarten-homeroom-teacher-in-phayao,Female Kindergarten Homeroom Teacher,Anuban Phayao School,Phayao,Thailand,30k-35k,THB,,,,ASAP,mep@abpy.org,,2 weeks ago,"Female Kindergarten Homeroom Teacher Posted 2 weeks ago Job Title:Kindergarten Homeroom Teacher (Female Foreign Teacher) Vacancy: 1 position Location: Phayao, Thailand School: Anuban Phayao (Primary Government School) Start: ASAP Role Overview: As a Kindergarten Homeroom Teacher, you will be the primary English-speaking role model for children aged 3 to 6. You will work hand-in-hand with a Thai co-teacher to manage the classroom, ensure student safety, and deliver lessons that focus on foundational English, social skills, and physical development. Your goal is to create a ""home away from home"" where children feel confident to explore and speak English Who We Are Looking For: - Nurturing and Patient - Energetic and Creative - Culturally Sensitive - A Team Player - Adaptable Benefits: Salary: between 30k-35k Thai Baht (Negotiable based on experience). Support: Full assistance with Non-B Visa and Work Permit processing. Opportunity: Experience the rich culture of Thailand. Send Resume You can either send your resume to the employer yourself at the email address above, or you can create a resume on ajarn.com to easily send to employers at any time with just a few clicks! Create a resume on ajarn.com","Female Kindergarten Homeroom Teacher Posted 2 weeks ago Job Title:Kindergarten Homeroom Teacher (Female Foreign Teacher) Vacancy: 1 position Location: Phayao, Thailand School: Anuban Phayao (Primary Government School) Start: ASAP Role Overview: As a Kindergarten Homeroom Teacher, you will be the primary English-speaking role model for children aged 3 to 6. You will work hand-in-hand with a Thai co-teacher to manage the classroom, ensure student safety, and deliver lessons that focus on foundational English, social skills, and physical development. Your goal is to create a ""home away from home"" where children feel confident to explore and speak English Who We Are Looking For: - Nurturing and Patient - Energetic and Creative - Culturally Sensitive - A Team Player - Adaptable Benefits: Salary: between 30k-35k Thai Baht (Negotiable based on experience). Support: Full assistance with Non-B Visa and Work Permit processing. Opportunity: Experience the rich culture of Thailand. Send Resume You can either send your resume to the employer yourself at the email address above, or you can create a resume on ajarn.com to easily send to employers at any time with just a few clicks! Create a resume on ajarn.com"
ajarn,157868,https://www.ajarn.com/recruitment/jobs/157868/full-time-teacher-in-chiang-mai,Sponsors,King's College Chiang Mai,Chiang Mai,Thailand,"37,000 THB per month",THB,Bachelor,,,August 2026,kingchiangmai@gmail.com,,9 hours ago,"Full-time Teacher Posted 9 hours ago King’s College Chiang Mai is looking for a qualified native English-speaking teacher for a full-time position, starting in August 2026. We are seeking an enthusiastic and experienced teacher who can teach students of all ages and levels, with a particular focus on young learners aged 3 years and above. Working Days: Wednesday to Sunday Days Off: Monday and Tuesday Requirements: • Native English speaker • Bachelor’s degree • Teaching experience, particularly with young learners Benefits: • Salary from 37,000 THB per month, depending on experience • Visa and work permit provided • Annual leave • Health insurance Send Resume You can either send your resume to the employer yourself at the email address above, or you can create a resume on ajarn.com to easily send to employers at any time with just a few clicks! Create a resume on ajarn.com","Full-time Teacher Posted 9 hours ago King’s College Chiang Mai is looking for a qualified native English-speaking teacher for a full-time position, starting in August 2026. We are seeking an enthusiastic and experienced teacher who can teach students of all ages and levels, with a particular focus on young learners aged 3 years and above. Working Days: Wednesday to Sunday Days Off: Monday and Tuesday Requirements: • Native English speaker • Bachelor’s degree • Teaching experience, particularly with young learners Benefits: • Salary from 37,000 THB per month, depending on experience • Visa and work permit provided • Annual leave • Health insurance Send Resume You can either send your resume to the employer yourself at the email address above, or you can create a resume on ajarn.com to easily send to employers at any time with just a few clicks! Create a resume on ajarn.com"
ajarn,157861,https://www.ajarn.com/recruitment/jobs/157861/secondary-mathematics-teacher-in-bangkok,Sponsors,China International School,,Thailand,"30,000-40,000 THB per month",THB,Bachelor,,,,troy.clarke@chinis.ac.th,,18 hours ago,"Secondary Mathematics Teacher Posted 18 hours ago China International School is seeking a dedicated and experienced Secondary Mathematics Teacher to deliver high-quality mathematics instruction through the British curriculum in an international Chinese school environment in Thailand. The successful candidate will teach secondary mathematics while also supporting students’ Academic English development within mathematics lessons. The role requires a teacher who can combine strong subject knowledge with effective language-support strategies for multilingual learners. The teacher will contribute to a positive, academically focused learning environment that supports student achievement, critical thinking, and international-mindedness. Key Responsibilities Teaching & Learning Deliver engaging and effective Mathematics lessons aligned with the British curriculum framework. Teach secondary-level mathematics, including lower and upper secondary content as assigned. Integrate Academic English for Mathematics into lessons to support English language development alongside mathematical understanding. Differentiate instruction to support students with varying English proficiency levels and learning needs. Use a range of teaching strategies including active learning, scaffolding, modelling, and formative assessment. Develop students’ mathematical reasoning, problem-solving, and analytical skills. Prepare lesson plans, teaching resources, homework, and assessments in line with school expecta","Secondary Mathematics Teacher Posted 18 hours ago China International School is seeking a dedicated and experienced Secondary Mathematics Teacher to deliver high-quality mathematics instruction through the British curriculum in an international Chinese school environment in Thailand. The successful candidate will teach secondary mathematics while also supporting students’ Academic English development within mathematics lessons. The role requires a teacher who can combine strong subject knowledge with effective language-support strategies for multilingual learners. The teacher will contribute to a positive, academically focused learning environment that supports student achievement, critical thinking, and international-mindedness. Key Responsibilities Teaching & Learning Deliver engaging and effective Mathematics lessons aligned with the British curriculum framework. Teach secondary-level mathematics, including lower and upper secondary content as assigned. Integrate Academic English for Mathematics into lessons to support English language development alongside mathematical understanding. Differentiate instruction to support students with varying English proficiency levels and learning needs. Use a range of teaching strategies including active learning, scaffolding, modelling, and formative assessment. Develop students’ mathematical reasoning, problem-solving, and analytical skills. Prepare lesson plans, teaching resources, homework, and assessments in line with school expectations. Maintain accurate records of student progress and achievement. Assessment & Progress Monitoring Design and administer formative and summative assessments. Track and monitor student progress using school assessment systems. Provide timely and constructive feedback to students and parents. Support students preparing for internal and external examinations where applicable. Academic English Support Explicitly teach key mathematical vocabulary and academic language structures. Support students in reading mathematical texts, interpreting questions, and explaining reasoning in English. Promote confidence in mathematical discussion, presentation, and written responses. Classroom & School Responsibilities Maintain a positive and well-managed classroom environment. Uphold school policies, safeguarding expectations, and professional standards. Participate in meetings, professional development, school events, and parent conferences. Collaborate with colleagues across departments to support whole-school initiatives. Qualifications & Experience Bachelor’s degree in Mathematics, Education, or a related field. Recognised teaching qualification (PGCE, QTS, or equivalent preferred). Experience teaching Mathematics within a British curriculum environment preferred. Experience working with EAL/ESL learners or multilingual classrooms is highly desirable. Strong understanding of secondary mathematics pedagogy and assessment practices. Excellent communication and classroom management skills. Preferred Attributes Ability to adapt teaching for students from diverse linguistic and cultural backgrounds. Strong organisational and planning skills. Collaborative and professional attitude. Commitment to student wellbeing and academic success. Interest in international education and cross-cultural learning. What We Offer Salary of 30,000–40,000 THB per month depending on qualifications and experience. Professional development opportunities. Supportive international school environment. Opportunity to work within a multicultural educational setting in Thailand. Application Requirements Interested candidates should submit: [email protected] CV/Resume Cover Letter Copies of qualifications Teaching licence/certification Introduction video (if requested) Only shortlisted candidates will be contacted. Send Resume You can either send your resume to the employer yourself at the email address above, or you can create a resume on ajarn.com to easily send to employers at any time with just a few clicks! Create a resume on ajarn.com"
ajarn,157860,https://www.ajarn.com/recruitment/jobs/157860/nes-high-school-igcse-chemistry-biology-teacher-in-khon-kaen,Sponsors,,,Thailand,"35,000",THB,Bachelor,,,May 2026,mataneedol.english@gmail.com,,18 hours ago,"NES High School IGCSE Chemistry / Biology Teacher Posted 18 hours ago We are seeking enthusiastic Native English-speaking teachers to join our well-established, professional private school, which will start next semester in May 2026. The role involves teaching IGCSE Biology, Chemistry working closely with a supportive team of experienced foreign and Thai teachers in a positive, multicultural environment. Teaching load is approximately 18 lessons per week. Curriculum (Oxford IGCSE) Biology • Cell structure, organisation, and systems • Photosynthesis, respiration, and bioenergetics • Ecology and environmental interactions • Inheritance, variation, and evolution • Homeostasis and human health Chemistry • Atomic structure and the periodic table • Bonding, structure, and properties of matter • Chemical reactions and rates • Quantitative and analytical chemistry • Organic chemistry and energy changes Requirements • Native English speaker (UK, USA, Canada, Australia, New Zealand) • Minimum 4-year university degree in a relevant subject (BA/BSc or higher) • TEFL certificate • At least 1 year of teaching experience • Enthusiastic, patient, and professional • Strong communication and teamwork skills • Willingness to grow professionally within a team Responsibilities • Attend daily morning assembly (Monday–Friday) • Participate in school ceremonies and events • Prepare assessments twice per academic year • Organise an annual science project • Maintain classroom display boards • Provide","NES High School IGCSE Chemistry / Biology Teacher Posted 18 hours ago We are seeking enthusiastic Native English-speaking teachers to join our well-established, professional private school, which will start next semester in May 2026. The role involves teaching IGCSE Biology, Chemistry working closely with a supportive team of experienced foreign and Thai teachers in a positive, multicultural environment. Teaching load is approximately 18 lessons per week. Curriculum (Oxford IGCSE) Biology • Cell structure, organisation, and systems • Photosynthesis, respiration, and bioenergetics • Ecology and environmental interactions • Inheritance, variation, and evolution • Homeostasis and human health Chemistry • Atomic structure and the periodic table • Bonding, structure, and properties of matter • Chemical reactions and rates • Quantitative and analytical chemistry • Organic chemistry and energy changes Requirements • Native English speaker (UK, USA, Canada, Australia, New Zealand) • Minimum 4-year university degree in a relevant subject (BA/BSc or higher) • TEFL certificate • At least 1 year of teaching experience • Enthusiastic, patient, and professional • Strong communication and teamwork skills • Willingness to grow professionally within a team Responsibilities • Attend daily morning assembly (Monday–Friday) • Participate in school ceremonies and events • Prepare assessments twice per academic year • Organise an annual science project • Maintain classroom display boards • Provide occasional class cover • Prepare weekly lesson plans and summaries • Working hours: Monday–Friday, 07:45–16:00 Benefits • Monthly salary starting from 35,000 THB • Annual salary increase of up to 5% • Optional paid after-school classes • Professional development and ongoing support • Assistance with Non-Immigrant B visa (fee paid by applicant) • Assistance with work permit (first year paid by applicant) • Generous paid holidays • Free school lunch • Transport assistance available if required 📧 Apply by email: [email protected] Send Resume You can either send your resume to the employer yourself at the email address above, or you can create a resume on ajarn.com to easily send to employers at any time with just a few clicks! Create a resume on ajarn.com"
ajarn,157859,https://www.ajarn.com/recruitment/jobs/157859/nes-english-teacher-in-phayao,Sponsors,Phayaophitthayakhom School,Phayao,Thailand,"38,000",THB,Bachelor,,,middle of July 2026,sununinchun@gmail.com,,19 hours ago,"NES English Teacher Posted 19 hours ago A bilingual program, Phayaophitthayakhom school in Phayao province is now hiring a NES English teacher starting in the middle of July 2026. Qualifications: 1. English speaking nationalities 2. Hold bachelor's degree in teaching, or other fields with TEFL or TESL. 3. Have good communication skills. 4. Have teaching license or eligible to obtain a teaching waiver. Salary: 38,000 a month For more information, or to apply for the position, please email: [email protected] Send Resume You can either send your resume to the employer yourself at the email address above, or you can create a resume on ajarn.com to easily send to employers at any time with just a few clicks! Create a resume on ajarn.com","NES English Teacher Posted 19 hours ago A bilingual program, Phayaophitthayakhom school in Phayao province is now hiring a NES English teacher starting in the middle of July 2026. Qualifications: 1. English speaking nationalities 2. Hold bachelor's degree in teaching, or other fields with TEFL or TESL. 3. Have good communication skills. 4. Have teaching license or eligible to obtain a teaching waiver. Salary: 38,000 a month For more information, or to apply for the position, please email: [email protected] Send Resume You can either send your resume to the employer yourself at the email address above, or you can create a resume on ajarn.com to easily send to employers at any time with just a few clicks! Create a resume on ajarn.com"
ajarn,157847,https://www.ajarn.com/recruitment/jobs/157847/native-non-native-english-teacher-in-phuket,Sponsors,Anuban Phuket School,Phuket,Thailand,,,Bachelor,,,,agustin.unggay@gmail.com,,1 day ago,"Native / Non-Native English Teacher Posted 1 day ago 📢 WE ARE HIRING 📢 Anuban Phuket School is looking for a Native or Non-Native English Teacher (Non-Asian preferred) for our English Program Classes. 📚 Position: • Primary 4–6 English Teacher • Primary 6 Adviser ✅ Qualifications: • Bachelor’s Degree in Education or related field • Good English communication skills • Teaching experience is an advantage • Responsible, passionate, and able to work with children 📄 Required Documents: • Resume/CV • Diploma • TOR (Transcript of Records) • TOEIC Certificate 📍 Location: Anuban Phuket School, Phuket, Thailand Interested applicants may send their documents to: [email protected] Join our team and inspire young learners through quality English education! Send Resume You can either send your resume to the employer yourself at the email address above, or you can create a resume on ajarn.com to easily send to employers at any time with just a few clicks! Create a resume on ajarn.com","Native / Non-Native English Teacher Posted 1 day ago 📢 WE ARE HIRING 📢 Anuban Phuket School is looking for a Native or Non-Native English Teacher (Non-Asian preferred) for our English Program Classes. 📚 Position: • Primary 4–6 English Teacher • Primary 6 Adviser ✅ Qualifications: • Bachelor’s Degree in Education or related field • Good English communication skills • Teaching experience is an advantage • Responsible, passionate, and able to work with children 📄 Required Documents: • Resume/CV • Diploma • TOR (Transcript of Records) • TOEIC Certificate 📍 Location: Anuban Phuket School, Phuket, Thailand Interested applicants may send their documents to: [email protected] Join our team and inspire young learners through quality English education! Send Resume You can either send your resume to the employer yourself at the email address above, or you can create a resume on ajarn.com to easily send to employers at any time with just a few clicks! Create a resume on ajarn.com"
ajarn,157844,https://www.ajarn.com/recruitment/jobs/157844/english-teacher-in-chiang-mai,Sponsors,Ambassador Bilingual Academy,Chiang Mai,Thailand,"THB 35,000",THB,Bachelor,,,,anna.marie@abachiangmai.com,,3 days ago,"English Teacher Posted 3 days ago Our ABA Teachers play a key role in delivering high-quality instruction within an English-medium environment at our bilingual school in Thailand. This position involves planning and teaching engaging lessons, supporting students’ academic and personal growth, and working closely with Thai co-teachers to create a cohesive bilingual learning experience. The teacher will foster a positive, inclusive classroom culture and contribute actively to school activities, professional development, and community engagement. Core Responsibilities -Plan, prepare, and deliver high-quality lessons aligned with ABA’s curriculum and educational standards. -Create and maintain a safe, supportive, and inclusive classroom environment. -Differentiate instruction to meet the diverse learning needs of students, including English language learners. -Conduct assessments and maintain accurate student records in accordance with the school’s policy. -Provide written feedback and comments on student performance at least once per semester. -Maintain classroom discipline using ABA’s approved behavior management policies (no physical discipline permitted). -Communicate regularly and professionally with parents, colleagues, and administrators. -Participate in school activities and events, including those that may extend beyond scheduled teaching periods. -Supervise students during the school day, including breaks, field trips, and school functions. -Engage in ongoing profession","English Teacher Posted 3 days ago Our ABA Teachers play a key role in delivering high-quality instruction within an English-medium environment at our bilingual school in Thailand. This position involves planning and teaching engaging lessons, supporting students’ academic and personal growth, and working closely with Thai co-teachers to create a cohesive bilingual learning experience. The teacher will foster a positive, inclusive classroom culture and contribute actively to school activities, professional development, and community engagement. Core Responsibilities -Plan, prepare, and deliver high-quality lessons aligned with ABA’s curriculum and educational standards. -Create and maintain a safe, supportive, and inclusive classroom environment. -Differentiate instruction to meet the diverse learning needs of students, including English language learners. -Conduct assessments and maintain accurate student records in accordance with the school’s policy. -Provide written feedback and comments on student performance at least once per semester. -Maintain classroom discipline using ABA’s approved behavior management policies (no physical discipline permitted). -Communicate regularly and professionally with parents, colleagues, and administrators. -Participate in school activities and events, including those that may extend beyond scheduled teaching periods. -Supervise students during the school day, including breaks, field trips, and school functions. -Engage in ongoing professional development and collaborate with colleagues in planning, curriculum development, and student support. -Administer quarterly assessments: Semester 1 midterm and final, and Semester 2 midterm and final. -Develop and administer subject-specific exams consistent with ABA curriculum requirements. -Report grades promptly and maintain accurate academic records. -Provide written student comments at least once per semester. Professional Expectations: -Adhere to ABA’s Code of Conduct, Employee Handbook, and all school policies. -Model professionalism in punctuality, dress code, and behavior. -Respect cultural diversity and foster inclusivity in the classroom. -Demonstrate flexibility and a positive attitude in adapting to the needs of students and the school community. Qualifications: -Bachelor’s degree (Education or subject-specific field preferred). -Teaching qualification (PGCE, B.Ed, state/provincial license, or equivalent) preferred -Previous teaching experience is preferred; international or bilingual school experience is an advantage. -Strong communication, interpersonal, and organizational skills. -Commitment to student-centered learning and continuous professional growth. Send Resume You can either send your resume to the employer yourself at the email address above, or you can create a resume on ajarn.com to easily send to employers at any time with just a few clicks! Create a resume on ajarn.com"
ajarn,157842,https://www.ajarn.com/recruitment/jobs/157842/secondary-english-teacher-in-nakhon-ratchasima,Sponsors,Chakkarat Wittaya School,Chakkarat Wittaya School,Thailand,"27,000 Baht per month",THB,,,"Until May 31, 2027",Now,frdpm_engcn@jv.ac.th,,3 days ago,"Secondary English Teacher Posted 3 days ago Urgent Hiring !! Position Available: – 2 English Teachers Please provide the following: 1. A self-introduction video along with your relevant experience. 2. Your updated resume (including your full name, nationality, recent photo, and phone number). 3. A scanned copy of your passport (only photo page), academic transcript, and diploma. 4. Applicants holding a valid teaching license issued by the Teachers’ Council of Thailand (Khurusapha) will be given special consideration. Requirements: – Male or female – Aged between 25 - 45 years old – Strong communication, organizational, and teamwork skills – Applicants must currently reside in Thailand – Minimum of 1 year teaching experience in Thailand Responsibilities: – Teach English for Communication to secondary school students – Prepare lesson plans and instructional materials as required – Participate in school activities and collaborative teaching responsibilities – The average teaching load is 20–25 periods per week, with approximately 30–38 students per class Contract Terms: – From Now until May 31, 2027 – Annual renewal based on performance and assessment Salary and Benefits: 27,000 Baht per month Breakdown: – Monthly salary: 25,000 Baht – Housing allowance: 2,000 Baht Note : Salary is not provided during the April school break. Compensation will be paid only for actual working days. Working Hours: – Workdays: Monday to Friday (or as assigned by the school) – Time: 07:30 – 16:30 Hol","Secondary English Teacher Posted 3 days ago Urgent Hiring !! Position Available: – 2 English Teachers Please provide the following: 1. A self-introduction video along with your relevant experience. 2. Your updated resume (including your full name, nationality, recent photo, and phone number). 3. A scanned copy of your passport (only photo page), academic transcript, and diploma. 4. Applicants holding a valid teaching license issued by the Teachers’ Council of Thailand (Khurusapha) will be given special consideration. Requirements: – Male or female – Aged between 25 - 45 years old – Strong communication, organizational, and teamwork skills – Applicants must currently reside in Thailand – Minimum of 1 year teaching experience in Thailand Responsibilities: – Teach English for Communication to secondary school students – Prepare lesson plans and instructional materials as required – Participate in school activities and collaborative teaching responsibilities – The average teaching load is 20–25 periods per week, with approximately 30–38 students per class Contract Terms: – From Now until May 31, 2027 – Annual renewal based on performance and assessment Salary and Benefits: 27,000 Baht per month Breakdown: – Monthly salary: 25,000 Baht – Housing allowance: 2,000 Baht Note : Salary is not provided during the April school break. Compensation will be paid only for actual working days. Working Hours: – Workdays: Monday to Friday (or as assigned by the school) – Time: 07:30 – 16:30 Holidays: – All Thai government holidays (approximately 13–15 days annually) Visa & Work Permit: – The school will assist with the documentation process. – Applicants are responsible for all fees related to the Non-B Visa, Work Permit, and Temporary Teaching Permit. – Applicable fees include: • Request form for Work permit (BT.25): 100 Baht • Work permit fee: 3,000 Baht • Visa fee: 1,900 Baht • Temporary Teaching Permit Fee (issued by the Secretariat of the Teachers’ Council of Thailand): 1,000 Baht NOTE: Chakkarat Wittaya School is a government school located in a quiet small town, serving approximately 2,600 students. It is situated about 40 kilometers from the city. Applicants are encouraged to check the location before applying. School Website: https://www.jv.ac.th Location: https: //maps.app.goo.gl/839pQhUFp6b1MxB18 ----- DON'T CLICK ""Send Resume"" ----- If you are interested in this position, kindly apply here to receive an invitation for the online interview : [email protected] Send Resume You can either send your resume to the employer yourself at the email address above, or you can create a resume on ajarn.com to easily send to employers at any time with just a few clicks! Create a resume on ajarn.com"
ajarn,157813,https://www.ajarn.com/recruitment/jobs/157813/ict-teacher-primary-secondary-in-chon-buri,Sponsors,Phoenix Wittaya School,Pattaya,Thailand,"50,000",THB,Bachelor,,,,cv@phoenix.ac.th,,1 week ago,"ICT Teacher (Primary & Secondary) Posted 1 week ago Phoenix Wittaya School is currently looking for an ICT teacher to join our expanding team. This role involves teaching ICT to both primary and secondary students. We are seeking a teacher who can confidently deliver lessons in: • Microsoft Excel • Microsoft Word • Microsoft PowerPoint • Coding (basic programming concepts) Candidate Requirements: • Native English speaker (UK, USA, Canada, Australia, Ireland, New Zealand) • Real university degree (Bachelor’s or higher) • At least 2+ years teaching experience in Thailand • Strong preference for candidates with a degree in education, PGCE, or a postgraduate diploma in education • Passionate, energetic, creative, and responsible with a caring attitude towards children About Phoenix Wittaya School: Phoenix Wittaya School is a well-established bilingual school offering both Thai and English programmes. Located in Pattaya, it’s the perfect place to work if you enjoy vibrant city life or peaceful beach surroundings. The area offers cultural attractions, and Bangkok is only a couple of hours away. Basic Job Description: • Facilitate teaching and learning in ICT • Teach practical skills in Excel, Word, PowerPoint, and coding What Phoenix Offers: • Salary: 50,000 THB per month • Accident insurance (up to 10,000 THB) provided free of charge • Approximately 7 weeks paid vacation (allocated at various times of the year upon passing probation) • Free lunch at school (Thai food) • Free educa","ICT Teacher (Primary & Secondary) Posted 1 week ago Phoenix Wittaya School is currently looking for an ICT teacher to join our expanding team. This role involves teaching ICT to both primary and secondary students. We are seeking a teacher who can confidently deliver lessons in: • Microsoft Excel • Microsoft Word • Microsoft PowerPoint • Coding (basic programming concepts) Candidate Requirements: • Native English speaker (UK, USA, Canada, Australia, Ireland, New Zealand) • Real university degree (Bachelor’s or higher) • At least 2+ years teaching experience in Thailand • Strong preference for candidates with a degree in education, PGCE, or a postgraduate diploma in education • Passionate, energetic, creative, and responsible with a caring attitude towards children About Phoenix Wittaya School: Phoenix Wittaya School is a well-established bilingual school offering both Thai and English programmes. Located in Pattaya, it’s the perfect place to work if you enjoy vibrant city life or peaceful beach surroundings. The area offers cultural attractions, and Bangkok is only a couple of hours away. Basic Job Description: • Facilitate teaching and learning in ICT • Teach practical skills in Excel, Word, PowerPoint, and coding What Phoenix Offers: • Salary: 50,000 THB per month • Accident insurance (up to 10,000 THB) provided free of charge • Approximately 7 weeks paid vacation (allocated at various times of the year upon passing probation) • Free lunch at school (Thai food) • Free education for up to 2 children (admission and tuition fees covered) • Visa and work permit fee reimbursed upon contract completion, with assistance on paperwork Application Process: Interested candidates are invited to apply via email at [email protected] including the following: • A CV with a recent photo • A scanned page of your passport information page • A scanned page of your degree and official transcripts, notarised by your home country (preference given to documents stamped at the Ministry of Foreign Affairs, Bangkok) • Updated criminal record check Send Resume You can either send your resume to the employer yourself at the email address above, or you can create a resume on ajarn.com to easily send to employers at any time with just a few clicks! Create a resume on ajarn.com"
ajarn,157812,https://www.ajarn.com/recruitment/jobs/157812/primary-english-teachers-in-nakhon-ratchasima,Sponsors,Plookpanya School,Nakhon Ratchasima,Thailand,"30,000 – 45,000",THB,Bachelor,,,Immediately,nittmanorat@gmail.com,,1 week ago,"Native English Teachers Posted 1 week ago English Teachers Start: Immediately Plookpanya School is seeking passionate and qualified Primary English teacher to join our growing team in Nakhon Ratchasima (Korat), Thailand’s third-largest city. We are a leading private bilingual school known for small class sizes, high academic expectations, and a supportive teaching environment. Positions Available - English Teacher Level: Kindergarten and Primary Level Class Size: 15–20 students Teaching Load: ~22 contact hours per week Candidate Profile - Native English proficiency - Bachelor’s degree in the subject area or related field - Teaching experience preferred - CELTA / DELTA / TEFL / TESOL is an advantage - Strong classroom management skills - Student-centered, enthusiastic, and collaborative Key Responsibilities - Deliver engaging lessons - Assess and support student progress - Prepare students for external examinations - Work closely with the academic team on curriculum development Salary & Benefits - 30,000 – 45,000 THB/month (based on qualifications & experience) - Annual salary increment - End-of-contract bonus - Work permit and visa support - Health & accident insurance - Housing allowance - Free lunch on school days - 3–5 weeks of paid holiday per year - Assistance with accommodation search How to Apply Please email: - Your CV - A short introduction video or teaching demo (preferred) email: [email protected] Contact us for more information www.plookpanya.ac.th Send Resume You","Native English Teachers Posted 1 week ago English Teachers Start: Immediately Plookpanya School is seeking passionate and qualified Primary English teacher to join our growing team in Nakhon Ratchasima (Korat), Thailand’s third-largest city. We are a leading private bilingual school known for small class sizes, high academic expectations, and a supportive teaching environment. Positions Available - English Teacher Level: Kindergarten and Primary Level Class Size: 15–20 students Teaching Load: ~22 contact hours per week Candidate Profile - Native English proficiency - Bachelor’s degree in the subject area or related field - Teaching experience preferred - CELTA / DELTA / TEFL / TESOL is an advantage - Strong classroom management skills - Student-centered, enthusiastic, and collaborative Key Responsibilities - Deliver engaging lessons - Assess and support student progress - Prepare students for external examinations - Work closely with the academic team on curriculum development Salary & Benefits - 30,000 – 45,000 THB/month (based on qualifications & experience) - Annual salary increment - End-of-contract bonus - Work permit and visa support - Health & accident insurance - Housing allowance - Free lunch on school days - 3–5 weeks of paid holiday per year - Assistance with accommodation search How to Apply Please email: - Your CV - A short introduction video or teaching demo (preferred) email: [email protected] Contact us for more information www.plookpanya.ac.th Send Resume You can either send your resume to the employer yourself at the email address above, or you can create a resume on ajarn.com to easily send to employers at any time with just a few clicks! Create a resume on ajarn.com"
ajarn,157810,https://www.ajarn.com/recruitment/jobs/157810/part-time-english-teachers-in-nonthaburi,Sponsors,,Nonthaburi,Thailand,,,,,,,london-english@live.com,,1 week ago,"English Teacher for Kindergarten Posted 1 week ago English teacher required for kindergarten sudents The position is to work 07.30 - 11.30 Monday to Friday Total hours would be 20 per week This involves 1 hour on the gate welcoming students followed by 3 seperate classes of phonics tuition The school is located in Nonthaburi with an MRT station just 5 minutes walk away Please forward the following documents to apply: Resume Copy of passport with current visa Any educational certificates Send Resume You can either send your resume to the employer yourself at the email address above, or you can create a resume on ajarn.com to easily send to employers at any time with just a few clicks! Create a resume on ajarn.com","English Teacher for Kindergarten Posted 1 week ago English teacher required for kindergarten sudents The position is to work 07.30 - 11.30 Monday to Friday Total hours would be 20 per week This involves 1 hour on the gate welcoming students followed by 3 seperate classes of phonics tuition The school is located in Nonthaburi with an MRT station just 5 minutes walk away Please forward the following documents to apply: Resume Copy of passport with current visa Any educational certificates Send Resume You can either send your resume to the employer yourself at the email address above, or you can create a resume on ajarn.com to easily send to employers at any time with just a few clicks! Create a resume on ajarn.com"
ajarn,157797,https://www.ajarn.com/recruitment/jobs/157797/filipino-english-teacher-in-mae-hong-son,Sponsors,Hongsonsuksa School,Mae Hong Son,Thailand,"25,500 - 26,000",THB,Bachelor,,1 year,"June 1, 2026",ldoshutty@gmail.com,,1 week ago,"Filipino English Teacher Posted 1 week ago Job Specifications: Position: Filipino English Teacher (Male) Education: Bachelor's Degree in English Education, Secondary Education (Major in English), or a related field. Salary & Benefits: Total package of 25,500 - 26,000 THB (Includes salary and housing allowance). Certifications: English proficiency certificate (TOEIC 600+, TOEFL 500+, TESOL, or TEFL). Background Check: A clean criminal record certificate is required. Health: Must be in good health and free from the 6 prohibited diseases under Thai law (Elephantiasis, Drug Addiction, Chronic Alcoholism, Active Tuberculosis, Severe Communicable Diseases, and Psychiatric Disorders). School Information: Location: Northernmost province of Thailand (Mae Hong Son). Level: Secondary School (Grades 7-12). Teaching Load: Not exceeding 24 periods per week. Contract Details: Duration: 1-year contract (Renewable annually, subject to performance evaluation). Start Date: June 1, 2026 Required Documents: Resume / CV with a recent photograph. Copy of Bachelor’s Degree certificate and official transcript. Copy of English proficiency certificate (TOEIC / TOEFL / TESOL / TEFL). Passport A short self-introduction video (No longer than 5 minutes). How to Apply: Please send your application to: [email protected] Send Resume You can either send your resume to the employer yourself at the email address above, or you can create a resume on ajarn.com to easily send to employers at any time with just a fe","Filipino English Teacher Posted 1 week ago Job Specifications: Position: Filipino English Teacher (Male) Education: Bachelor's Degree in English Education, Secondary Education (Major in English), or a related field. Salary & Benefits: Total package of 25,500 - 26,000 THB (Includes salary and housing allowance). Certifications: English proficiency certificate (TOEIC 600+, TOEFL 500+, TESOL, or TEFL). Background Check: A clean criminal record certificate is required. Health: Must be in good health and free from the 6 prohibited diseases under Thai law (Elephantiasis, Drug Addiction, Chronic Alcoholism, Active Tuberculosis, Severe Communicable Diseases, and Psychiatric Disorders). School Information: Location: Northernmost province of Thailand (Mae Hong Son). Level: Secondary School (Grades 7-12). Teaching Load: Not exceeding 24 periods per week. Contract Details: Duration: 1-year contract (Renewable annually, subject to performance evaluation). Start Date: June 1, 2026 Required Documents: Resume / CV with a recent photograph. Copy of Bachelor’s Degree certificate and official transcript. Copy of English proficiency certificate (TOEIC / TOEFL / TESOL / TEFL). Passport A short self-introduction video (No longer than 5 minutes). How to Apply: Please send your application to: [email protected] Send Resume You can either send your resume to the employer yourself at the email address above, or you can create a resume on ajarn.com to easily send to employers at any time with just a few clicks! Create a resume on ajarn.com"
ajarn,157790,https://www.ajarn.com/recruitment/jobs/157790/english-teacher-in-chaiyaphum,Sponsors,Punjadee School,Chaiyaphum,Thailand,"35,000+ / 25,000+",THB,Bachelor,,until Mar 2027,,thapaneey@hotmail.com,,1 week ago,"English Teacher Posted 1 week ago Foreign English Teacher Position – Punjadee School Punjadee School is seeking qualified and professional English teachers for the 2026 academic year. Position Details: - Teaching English to Grades 7–12 (approx. 25 students per class) - Contract: until Mar 2027, renewable based on performance - Working Hours: Monday – Friday, 7:40 AM – 5:00 PM Key Requirements: * Currently residing in Chaiyaphum, Khon Kaen, or Nakhon Ratchasima ONLY * Must have personal transportation (school located 13 km from Chaiyaphum city) - Native English Speakers (NES) or Filipino nationals - Bachelor’s degree or higher - Available for in-person interview Responsibilities: - 22 teaching periods/week (Mon-Thurs) - Participation in school duties and activities Salary & Benefits: - NES: 35,000+ THB / Filipino: 25,000+ THB - Work permit provided - Free lunch - Paid public holidays Application: Please send your CV to: [email protected] Send Resume You can either send your resume to the employer yourself at the email address above, or you can create a resume on ajarn.com to easily send to employers at any time with just a few clicks! Create a resume on ajarn.com","English Teacher Posted 1 week ago Foreign English Teacher Position – Punjadee School Punjadee School is seeking qualified and professional English teachers for the 2026 academic year. Position Details: - Teaching English to Grades 7–12 (approx. 25 students per class) - Contract: until Mar 2027, renewable based on performance - Working Hours: Monday – Friday, 7:40 AM – 5:00 PM Key Requirements: * Currently residing in Chaiyaphum, Khon Kaen, or Nakhon Ratchasima ONLY * Must have personal transportation (school located 13 km from Chaiyaphum city) - Native English Speakers (NES) or Filipino nationals - Bachelor’s degree or higher - Available for in-person interview Responsibilities: - 22 teaching periods/week (Mon-Thurs) - Participation in school duties and activities Salary & Benefits: - NES: 35,000+ THB / Filipino: 25,000+ THB - Work permit provided - Free lunch - Paid public holidays Application: Please send your CV to: [email protected] Send Resume You can either send your resume to the employer yourself at the email address above, or you can create a resume on ajarn.com to easily send to employers at any time with just a few clicks! Create a resume on ajarn.com"
ajarn,157681,https://www.ajarn.com/recruitment/jobs/157681/early-years-teacher-in-bangkok,Sponsors,,Bangkok,Thailand,,,Bachelor,,,,irhcompany.avachong@gmail.com,,1 week ago,"Early Years Teacher Posted 1 week ago Requirements: -Full-time job -Visa & work permit: provided under contract -Lunch: Provided -Bachelor’s degree in Early Childhood Education or a related field -Minimum of 2 years’ experience in an early years classroom setting -Strong understanding of child development and early learning principles -Native or near-native English proficiency (spoken and written) -Familiarity with EYFS, Reggio Emilia, or other progressive early years approaches is an advantage -Demonstrated ability to work collaboratively with a team and communicate effectively with colleagues and parents -Proactive, flexible, and enthusiastic with a strong commitment to professional growth and participating in school life and events Send Resume You can either send your resume to the employer yourself at the email address above, or you can create a resume on ajarn.com to easily send to employers at any time with just a few clicks! Create a resume on ajarn.com","Early Years Teacher Posted 1 week ago Requirements: -Full-time job -Visa & work permit: provided under contract -Lunch: Provided -Bachelor’s degree in Early Childhood Education or a related field -Minimum of 2 years’ experience in an early years classroom setting -Strong understanding of child development and early learning principles -Native or near-native English proficiency (spoken and written) -Familiarity with EYFS, Reggio Emilia, or other progressive early years approaches is an advantage -Demonstrated ability to work collaboratively with a team and communicate effectively with colleagues and parents -Proactive, flexible, and enthusiastic with a strong commitment to professional growth and participating in school life and events Send Resume You can either send your resume to the employer yourself at the email address above, or you can create a resume on ajarn.com to easily send to employers at any time with just a few clicks! Create a resume on ajarn.com"
ajarn,157789,https://www.ajarn.com/recruitment/jobs/157789/english-teacher-in-bangkok,Sponsors,IQRA Muslim School,Bangkok,Thailand,,,Bachelor,,,,iqrabangkokthailand@gmail.com,,1 week ago,"English Teacher Posted 1 week ago IQRA Muslim School is hiring female English teachers (Thai or Foreigner) for Primary and Secondary classes to teach Conversation, Reading, Writing, and English Language Arts. Requirements: • Bachelor’s degree in education or a related field • At least 2 years of teaching experience in a school environment • Good computer skills • Excellent command of English • Flexible, adaptable, and able to multi-task How to Apply: Email your latest CV to [email protected] or visit our HR department in person. Send Resume You can either send your resume to the employer yourself at the email address above, or you can create a resume on ajarn.com to easily send to employers at any time with just a few clicks! Create a resume on ajarn.com","English Teacher Posted 1 week ago IQRA Muslim School is hiring female English teachers (Thai or Foreigner) for Primary and Secondary classes to teach Conversation, Reading, Writing, and English Language Arts. Requirements: • Bachelor’s degree in education or a related field • At least 2 years of teaching experience in a school environment • Good computer skills • Excellent command of English • Flexible, adaptable, and able to multi-task How to Apply: Email your latest CV to [email protected] or visit our HR department in person. Send Resume You can either send your resume to the employer yourself at the email address above, or you can create a resume on ajarn.com to easily send to employers at any time with just a few clicks! Create a resume on ajarn.com"
ajarn,157787,https://www.ajarn.com/recruitment/jobs/157787/english-teacher-for-pre-kindergarten-to-p3-in,Sponsors,Mark for Future Kindergarten School,Bangkok,Thailand,"60,000",THB,Bachelor,,1 year,,mffkindergarten@gmail.com,,1 week ago,"English Teacher for Pre-Kindergarten to P3 Posted 1 week ago English Teachers for Pre.k to P3 Urgently Required. Nationality : British only English native speaker. A degree in any subject is compulsory (education degree or PGCE qualified preferable) Experience with children 18 months - 8 years. Age between 24-45. Requirements ++++ -A Degree in any subject is compulsory (Education Degree or PGCE qualified preferable)-Experience with children 18 months - 8 years - Drama and Singing skills would be adventage - Age of 24-45 - **********British Nationality only**************** - Currentky live in Thailand and available for personal interview in Bangkok. Salary & Benefits (School provided) -Starting Salary of 60,000 THAI Baht per month *(dependant on qualifications and experience both of teaching English and Music) - 1 year contract. -Work permit provided -Professional Development For more details visit our Facebook Page www.facebook.com/Mffkindergarten - LINE ID - markforfutureschool - Email - [email protected] *Please attach a photo of you along with the CV. Send Resume You can either send your resume to the employer yourself at the email address above, or you can create a resume on ajarn.com to easily send to employers at any time with just a few clicks! Create a resume on ajarn.com","English Teacher for Pre-Kindergarten to P3 Posted 1 week ago English Teachers for Pre.k to P3 Urgently Required. Nationality : British only English native speaker. A degree in any subject is compulsory (education degree or PGCE qualified preferable) Experience with children 18 months - 8 years. Age between 24-45. Requirements ++++ -A Degree in any subject is compulsory (Education Degree or PGCE qualified preferable)-Experience with children 18 months - 8 years - Drama and Singing skills would be adventage - Age of 24-45 - **********British Nationality only**************** - Currentky live in Thailand and available for personal interview in Bangkok. Salary & Benefits (School provided) -Starting Salary of 60,000 THAI Baht per month *(dependant on qualifications and experience both of teaching English and Music) - 1 year contract. -Work permit provided -Professional Development For more details visit our Facebook Page www.facebook.com/Mffkindergarten - LINE ID - markforfutureschool - Email - [email protected] *Please attach a photo of you along with the CV. Send Resume You can either send your resume to the employer yourself at the email address above, or you can create a resume on ajarn.com to easily send to employers at any time with just a few clicks! Create a resume on ajarn.com"
ajarn,143373,https://www.ajarn.com/recruitment/jobs/143373/full-time-english-teacher-in-chon-buri,Sponsors,Nikomnamooncharoen wittaya School,Sakon Nakhon,Thailand,"25,000",THB,Bachelor,,,,lalitsinee.mali@gmail.com,,1 week ago,"Full-time English Teacher Posted 1 week ago An English Teacher Vacancy in SakonNakhon Nikomnamooncharoen wittaya School is a medium size government school located in Nikomnam-oon District, Sakon Nakhon. We are looking for an English subject teacher. Work full time from Mon-Fri 8.00 am to 4.30 pm, teaching up to 20 periods a week. The salary rate starts at 25,000 Baht upon experience a month which includes a paid monthly holiday in October (between Term 1 and 2 for two weeks) and in April if the teacher extends his/her contract. All Thai national holidays are also paid. The school provides accommodation and helps in obtaining all the correct documentations for visa and work permit regulations in Thailand. Applicants qualifications: - Native and Non-Native English speakers’ applications - Bachelor’s Degree or higher - No Experience Needed. Documents required for application, please bring documents when applying: - Copy of passport - Degrees and Transcripts Please email all your details and any questions you may have to [email protected] and the school will contact selective applicants and invite them for an interview. Send Resume You can either send your resume to the employer yourself at the email address above, or you can create a resume on ajarn.com to easily send to employers at any time with just a few clicks! Create a resume on ajarn.com","Full-time English Teacher Posted 1 week ago An English Teacher Vacancy in SakonNakhon Nikomnamooncharoen wittaya School is a medium size government school located in Nikomnam-oon District, Sakon Nakhon. We are looking for an English subject teacher. Work full time from Mon-Fri 8.00 am to 4.30 pm, teaching up to 20 periods a week. The salary rate starts at 25,000 Baht upon experience a month which includes a paid monthly holiday in October (between Term 1 and 2 for two weeks) and in April if the teacher extends his/her contract. All Thai national holidays are also paid. The school provides accommodation and helps in obtaining all the correct documentations for visa and work permit regulations in Thailand. Applicants qualifications: - Native and Non-Native English speakers’ applications - Bachelor’s Degree or higher - No Experience Needed. Documents required for application, please bring documents when applying: - Copy of passport - Degrees and Transcripts Please email all your details and any questions you may have to [email protected] and the school will contact selective applicants and invite them for an interview. Send Resume You can either send your resume to the employer yourself at the email address above, or you can create a resume on ajarn.com to easily send to employers at any time with just a few clicks! Create a resume on ajarn.com"
ajarn,157772,https://www.ajarn.com/recruitment/jobs/157772/nes-english-math-teacher-in-chon-buri,Sponsors,SrisuvitPlus English Programme,Pattaya,Thailand,"THB 35,000",THB,,,12 months,Immediate,tomstifter@gmail.com,,1 week ago,"NES Matayom English Teacher Posted 1 week ago Subject teacher for Matayom Engish. This position requires applicants to be native Engish speaking teachers. We are a private Thai school located just outside of Pattaya. This is an immediate start, and applicants should have experience teaching Matayom students. We have a friendly and supportive culture within the school, established salary increases and health insurance after completing your first 12 month contract. Send Resume You can either send your resume to the employer yourself at the email address above, or you can create a resume on ajarn.com to easily send to employers at any time with just a few clicks! Create a resume on ajarn.com","NES Matayom English Teacher Posted 1 week ago Subject teacher for Matayom Engish. This position requires applicants to be native Engish speaking teachers. We are a private Thai school located just outside of Pattaya. This is an immediate start, and applicants should have experience teaching Matayom students. We have a friendly and supportive culture within the school, established salary increases and health insurance after completing your first 12 month contract. Send Resume You can either send your resume to the employer yourself at the email address above, or you can create a resume on ajarn.com to easily send to employers at any time with just a few clicks! Create a resume on ajarn.com"
ajarn,157767,https://www.ajarn.com/recruitment/jobs/157767/part-time-football-coach-in-bangkok,Sponsors,PB Football Academy,Bangkok,Thailand,"17,000",THB,,,,,teampbfa@gmail.com,,2 weeks ago,"Part-Time Football Coach Posted 2 weeks ago Salary: 17,000 THB per month Working Hours: 8 hours per week Schedule: Saturday & Sunday mornings Requirements: - Coach classes for children aged 5 - 12 years old - Previous experience coaching or teaching sports to children - Degree in Sports Science or related field (preferred) - Fluent in English - Friendly, responsible, and energetic personality How to Apply: Please send your CV to [email protected] Send Resume You can either send your resume to the employer yourself at the email address above, or you can create a resume on ajarn.com to easily send to employers at any time with just a few clicks! Create a resume on ajarn.com","Part-Time Football Coach Posted 2 weeks ago Salary: 17,000 THB per month Working Hours: 8 hours per week Schedule: Saturday & Sunday mornings Requirements: - Coach classes for children aged 5 - 12 years old - Previous experience coaching or teaching sports to children - Degree in Sports Science or related field (preferred) - Fluent in English - Friendly, responsible, and energetic personality How to Apply: Please send your CV to [email protected] Send Resume You can either send your resume to the employer yourself at the email address above, or you can create a resume on ajarn.com to easily send to employers at any time with just a few clicks! Create a resume on ajarn.com"
ajarn,157755,https://www.ajarn.com/recruitment/jobs/157755/hiring-teacher-in-nakhon-ratchasima,Sponsors,Sarasas Witaed Korat School,Nakhon Ratchasima,Thailand,,,,,,,supatravisa2019@gmail.com,,2 weeks ago,"English Teacher Posted 2 weeks ago HIRING TEACHERS! We are recruiting for a dedicated native English teacher (European) to join our team for a full time position at Sarasas Witaed Korat School in Nakhon Ratchasima. Teaching experience preferred and we are looking forward to hearing from you. If you are interested, your joining is warmly welcomed. Please DM me if you are interested. Send Resume You can either send your resume to the employer yourself at the email address above, or you can create a resume on ajarn.com to easily send to employers at any time with just a few clicks! Create a resume on ajarn.com","English Teacher Posted 2 weeks ago HIRING TEACHERS! We are recruiting for a dedicated native English teacher (European) to join our team for a full time position at Sarasas Witaed Korat School in Nakhon Ratchasima. Teaching experience preferred and we are looking forward to hearing from you. If you are interested, your joining is warmly welcomed. Please DM me if you are interested. Send Resume You can either send your resume to the employer yourself at the email address above, or you can create a resume on ajarn.com to easily send to employers at any time with just a few clicks! Create a resume on ajarn.com"
ajarn,157745,https://www.ajarn.com/recruitment/jobs/157745/mathematics-and-science-teacher-in-bangkok,Sponsors,Bangkok Tawiwit Bilingual School,Bangkok,Thailand,"THB 25,000",THB,,,,,s.chhin@bbs.ac.th,,2 weeks ago,"Mathematics and Science Teacher Posted 2 weeks ago - Primary and Secondary Level - Induction, on-the-job and off-the-job trainings - Performance based annual increment and career ladder opportunities - Working days Monday to Friday, 07.30 - 16.30, afterschool runs 15.30 - 16.20 - Class runs for 50 minutes, maximum of 25 teaching loads per week, any excess hours are paid and considered as after school Send Resume You can either send your resume to the employer yourself at the email address above, or you can create a resume on ajarn.com to easily send to employers at any time with just a few clicks! Create a resume on ajarn.com","Mathematics and Science Teacher Posted 2 weeks ago - Primary and Secondary Level - Induction, on-the-job and off-the-job trainings - Performance based annual increment and career ladder opportunities - Working days Monday to Friday, 07.30 - 16.30, afterschool runs 15.30 - 16.20 - Class runs for 50 minutes, maximum of 25 teaching loads per week, any excess hours are paid and considered as after school Send Resume You can either send your resume to the employer yourself at the email address above, or you can create a resume on ajarn.com to easily send to employers at any time with just a few clicks! Create a resume on ajarn.com"
ajarn,157743,https://www.ajarn.com/recruitment/jobs/157743/native-english-teacher-in-bangkok,Sponsors,Connect Language School,Bangkok,Thailand,35000,THB,,,,,connect.language@yahoo.com,,2 weeks ago,"Native English Teacher Posted 2 weeks ago Native English Teacher for a Language Center Job Type : Part Time / Full Time Job Description: Phonetics English Conversation, English Grammar, Business English, TOEIC, IELTS and TOEFL CONNECT Language School is looking for enthusiastic and lively teachers who want to be part of our team for the following positions for our branches in Bangkok. We provide English classes, including private classes, small groups, kindergarten, primary students, teenagers, adults and corporate classes. Locations : 1. On the 4th floor, Seacon Square on Srinakarint Road, Prawet, Bangkok. Urgently required 2. Ladpraw. Qualifications : Experience in teaching ESL or conversation English - Phonetic class experiences - ESL for kindergarten and primary classes - Conversation classes - Business experience an advantage - Pleasant personality, punctual and responsible. - Able to work in a team. Attractive Benefits : at least 35,000 Baht / month Part time : 300 - 400 b. /hour Very friendly and pleasant working conditions. Interested applicants please send your resume and contact number to [email protected] , or contact Line id 082-084-8811 CONNECT Language School www.connectspeaknow.com Send Resume You can either send your resume to the employer yourself at the email address above, or you can create a resume on ajarn.com to easily send to employers at any time with just a few clicks! Create a resume on ajarn.com","Native English Teacher Posted 2 weeks ago Native English Teacher for a Language Center Job Type : Part Time / Full Time Job Description: Phonetics English Conversation, English Grammar, Business English, TOEIC, IELTS and TOEFL CONNECT Language School is looking for enthusiastic and lively teachers who want to be part of our team for the following positions for our branches in Bangkok. We provide English classes, including private classes, small groups, kindergarten, primary students, teenagers, adults and corporate classes. Locations : 1. On the 4th floor, Seacon Square on Srinakarint Road, Prawet, Bangkok. Urgently required 2. Ladpraw. Qualifications : Experience in teaching ESL or conversation English - Phonetic class experiences - ESL for kindergarten and primary classes - Conversation classes - Business experience an advantage - Pleasant personality, punctual and responsible. - Able to work in a team. Attractive Benefits : at least 35,000 Baht / month Part time : 300 - 400 b. /hour Very friendly and pleasant working conditions. Interested applicants please send your resume and contact number to [email protected] , or contact Line id 082-084-8811 CONNECT Language School www.connectspeaknow.com Send Resume You can either send your resume to the employer yourself at the email address above, or you can create a resume on ajarn.com to easily send to employers at any time with just a few clicks! Create a resume on ajarn.com"
ajarn,157740,https://www.ajarn.com/recruitment/jobs/157740/nes-english-teacher-for-university-levels-in-bangkok,Sponsors,SIAM Computer & Language School / North Bangkok University,Rangsit,Thailand,"40,000",THB,Master,,12 months,June,applications2siam@gmail.com,,2 weeks ago,"NES University English Teacher Posted 2 weeks ago On behalf of NBU, SIAM Computer & Language School is currently accepting applications from qualified and experienced English teachers (NES) for a new teaching position available in June. We are seeking an enthusiastic, reliable and professional teacher to join our established team at North Bangkok University (NBU). While there are two campuses, this position will likely be at NBU's Rangsit campus and start in June. Currently hiring for: University Level English Teacher The institution provides a professional teaching environment, well-equipped classrooms and the opportunity to work with motivated students in established educational settings. Position: • NES English Teacher – University Native English Speaker candidates only. Teachers must be confident teaching communicative English, English for Business and general 4-skills English. Candidates should be dynamic, professional, well-prepared and possess strong student-centered teaching skills. This is a strong package for the right candidate. Minimum Requirements • Master’s Degree (original copies and transcripts) • 120-hour TEFL / TESOL / CELTA certification • Prior teaching experience at university level in Thailand preferred, or relevant teaching experience abroad • Professional, reliable and well-prepared classroom approach • Age guideline: 25 – 55 • Currently located in Thailand with a valid visa • Familiarity with online teaching platforms Additional Advantages • Understan","NES University English Teacher Posted 2 weeks ago On behalf of NBU, SIAM Computer & Language School is currently accepting applications from qualified and experienced English teachers (NES) for a new teaching position available in June. We are seeking an enthusiastic, reliable and professional teacher to join our established team at North Bangkok University (NBU). While there are two campuses, this position will likely be at NBU's Rangsit campus and start in June. Currently hiring for: University Level English Teacher The institution provides a professional teaching environment, well-equipped classrooms and the opportunity to work with motivated students in established educational settings. Position: • NES English Teacher – University Native English Speaker candidates only. Teachers must be confident teaching communicative English, English for Business and general 4-skills English. Candidates should be dynamic, professional, well-prepared and possess strong student-centered teaching skills. This is a strong package for the right candidate. Minimum Requirements • Master’s Degree (original copies and transcripts) • 120-hour TEFL / TESOL / CELTA certification • Prior teaching experience at university level in Thailand preferred, or relevant teaching experience abroad • Professional, reliable and well-prepared classroom approach • Age guideline: 25 – 55 • Currently located in Thailand with a valid visa • Familiarity with online teaching platforms Additional Advantages • Understanding of Thai culture and Thai school environments • Experience working with multilingual classrooms • Ability to adapt lessons for mixed-ability learners • Willingness to develop professionally • Experience teaching English for Communication, English for Business or university/college-level learners What NBU Offer • Competitive salary package: 40,000 THB per month • 12-month contract • Working hours: 07:45–16:30 • Teaching load: approximately 20–24 periods per week • Immediate start potential with paid national holidays • Work permit and visa assistance • Paid business leave • Paid sick leave • Overtime opportunities where available • Curriculum and teaching materials provided How to Apply Interested applicants should submit the following via the listing on Ajarn.com: • Resume / CV • Brief cover letter • Supporting documents Due to the volume of applications we typically receive, only shortlisted candidates will be contacted directly by email only. In-person interviews are ongoing at our head offices with final-round interviews at NBU. Send Resume You can either send your resume to the employer yourself at the email address above, or you can create a resume on ajarn.com to easily send to employers at any time with just a few clicks! Create a resume on ajarn.com"
ajarn,157737,https://www.ajarn.com/recruitment/jobs/157737/nes-english-teacher-college-levels-in-bangkok,Sponsors,SIAM Computer & Language School / SBAC,SapanMai and Nonthaburi,Thailand,"40,000",THB,Bachelor,,12 months,,applications2siam@gmail.com,,2 weeks ago,"NES College English Teacher Posted 2 weeks ago On behalf of SBAC, SIAM Computer & Language School is currently accepting applications from qualified and experienced English teachers (NES) for new teaching positions currently available. We are seeking enthusiastic, reliable and professional teachers to join our established team at two of our respected institutions: SBAC SapanMai and SBAC Nonthaburi. Currently hiring for: SBAC The institution provides professional teaching environments, well-equipped classrooms and the opportunity to work with motivated students in established educational settings. Position: • NES English Teacher – College Native English Speaker candidates only. Teachers must be confident teaching communicative English, English for Business and general 4-skills English. Candidates should be dynamic, professional, well-prepared and possess strong student-centered teaching skills. This is a strong package for the right candidate, with two positions currently available across SBAC SapanMai and SBAC Nonthaburi Minimum Requirements • Bachelor’s Degree (original copies and transcripts required for visa/work permit processing) • 120-hour TEFL / TESOL / CELTA certification • Prior teaching experience in Thailand preferred or relevant teaching experience abroad • Professional, reliable and well-prepared classroom approach • Age guideline: 24 – 55 • Currently located in Thailand with a valid visa • Familiarity with online teaching platforms Additional Advantages • Unders","NES College English Teacher Posted 2 weeks ago On behalf of SBAC, SIAM Computer & Language School is currently accepting applications from qualified and experienced English teachers (NES) for new teaching positions currently available. We are seeking enthusiastic, reliable and professional teachers to join our established team at two of our respected institutions: SBAC SapanMai and SBAC Nonthaburi. Currently hiring for: SBAC The institution provides professional teaching environments, well-equipped classrooms and the opportunity to work with motivated students in established educational settings. Position: • NES English Teacher – College Native English Speaker candidates only. Teachers must be confident teaching communicative English, English for Business and general 4-skills English. Candidates should be dynamic, professional, well-prepared and possess strong student-centered teaching skills. This is a strong package for the right candidate, with two positions currently available across SBAC SapanMai and SBAC Nonthaburi Minimum Requirements • Bachelor’s Degree (original copies and transcripts required for visa/work permit processing) • 120-hour TEFL / TESOL / CELTA certification • Prior teaching experience in Thailand preferred or relevant teaching experience abroad • Professional, reliable and well-prepared classroom approach • Age guideline: 24 – 55 • Currently located in Thailand with a valid visa • Familiarity with online teaching platforms Additional Advantages • Understanding of Thai culture and Thai school environments • Experience working with multilingual classrooms • Ability to adapt lessons for mixed-ability learners • Willingness to develop professionally • Experience teaching English for Communication, English for Business or university/college-level learners What SBAC Offer • Competitive salary package: 40,000 THB per month • 12-month contract • Working hours: 07:45–16:30 • Teaching load: approximately 20–24 periods per week • Immediate start potential with paid national holidays • Work permit and visa assistance • Paid business leave • Paid sick leave • Overtime opportunities where available • Curriculum and teaching materials provided How to Apply Interested applicants should submit the following via the listing on Ajarn.com: • Resume / CV • Brief cover letter • Supporting documents Due to the volume of applications we typically receive, only shortlisted candidates will be contacted directly by email only. In-person interviews are ongoing at our head offices with the final interview round at the relevant SBAC campus. Send Resume You can either send your resume to the employer yourself at the email address above, or you can create a resume on ajarn.com to easily send to employers at any time with just a few clicks! Create a resume on ajarn.com"
ajarn,157734,https://www.ajarn.com/recruitment/jobs/157734/female-class-leader-in-bangkok,Sponsors,Babies Genius,,Thailand,,,Bachelor,,,,babiesgenius@yahoo.com,,2 weeks ago,"Female Class Leader Posted 2 weeks ago BABIES GENIUS is the Child's brain development center that uses the programs from UK, We are the 1st Child development brand in Thailand and open more than 18 years in Thailand We offer attractive benefit, opportunity of training. This will be great opportunity for you to explore your career potential and thrive in the Child’s Brain development field. If you are interested in developing your skill and potential through specialized target training and working abroad, please apply for the required positions Qualifications: - Female - Bachelor’s Degree - Good command of spoken and written English - Love young children 6 months – 6 years - Able to work on weekends, Saturdays & Sundays - Patience, lively, active, enthusiasm person - Pleasant personality - Able to work as a team - Able to work under pressure - Able to follow instructions and rules - Able to relocated to work in the province Sent resume and short self introduction VDO to : [email protected] or call 081-456-5055 Send Resume You can either send your resume to the employer yourself at the email address above, or you can create a resume on ajarn.com to easily send to employers at any time with just a few clicks! Create a resume on ajarn.com","Female Class Leader Posted 2 weeks ago BABIES GENIUS is the Child's brain development center that uses the programs from UK, We are the 1st Child development brand in Thailand and open more than 18 years in Thailand We offer attractive benefit, opportunity of training. This will be great opportunity for you to explore your career potential and thrive in the Child’s Brain development field. If you are interested in developing your skill and potential through specialized target training and working abroad, please apply for the required positions Qualifications: - Female - Bachelor’s Degree - Good command of spoken and written English - Love young children 6 months – 6 years - Able to work on weekends, Saturdays & Sundays - Patience, lively, active, enthusiasm person - Pleasant personality - Able to work as a team - Able to work under pressure - Able to follow instructions and rules - Able to relocated to work in the province Sent resume and short self introduction VDO to : [email protected] or call 081-456-5055 Send Resume You can either send your resume to the employer yourself at the email address above, or you can create a resume on ajarn.com to easily send to employers at any time with just a few clicks! Create a resume on ajarn.com"
ajarn,157717,https://www.ajarn.com/recruitment/jobs/157717/physical-education-teacher-in-chon-buri,Sponsors,Chonradsadornumrung School,Chon Buri,Thailand,,,Bachelor,,,,leknittaya@yahoo.com,,2 weeks ago,"Physical Education Teacher Posted 2 weeks ago Qualifications: Education: Degree in Bachelor of Secondary Education (BSEd), Major in PE Experience: Previous teaching experience is preferred but not mandatory Skills: Strong communication and interpersonal skills Ability to engage and inspire students Proficient in classroom management Adaptability and willingness to work collaboratively with colleagues Enthusiastic about promoting a positive learning environment How to Apply: Interested candidates should send their resume, cover letter, and any relevant certificates to [email protected] . Shortlisted candidates will be contacted via email or phone for an interview and a teaching demonstration. Chonradsadornumrung School is a government institution with students from Grades 7 to 12 (Mattayom 1-6). Our school structure is as follows: Grades 7-9 (Mattayom 1-3): All boys Grades 10-12 (Mattayom 4-6): Co-ed, with both boys and girls Each grade level has two classes, with 30 students per class. Our classrooms are well-equipped with air conditioning, computers, and projectors to provide a comfortable and technologically advanced educational experience. Contact Information: Chonradsadornumrung School [email protected] 038-282-571 Send Resume You can either send your resume to the employer yourself at the email address above, or you can create a resume on ajarn.com to easily send to employers at any time with just a few clicks! Create a resume on ajarn.com","Physical Education Teacher Posted 2 weeks ago Qualifications: Education: Degree in Bachelor of Secondary Education (BSEd), Major in PE Experience: Previous teaching experience is preferred but not mandatory Skills: Strong communication and interpersonal skills Ability to engage and inspire students Proficient in classroom management Adaptability and willingness to work collaboratively with colleagues Enthusiastic about promoting a positive learning environment How to Apply: Interested candidates should send their resume, cover letter, and any relevant certificates to [email protected] . Shortlisted candidates will be contacted via email or phone for an interview and a teaching demonstration. Chonradsadornumrung School is a government institution with students from Grades 7 to 12 (Mattayom 1-6). Our school structure is as follows: Grades 7-9 (Mattayom 1-3): All boys Grades 10-12 (Mattayom 4-6): Co-ed, with both boys and girls Each grade level has two classes, with 30 students per class. Our classrooms are well-equipped with air conditioning, computers, and projectors to provide a comfortable and technologically advanced educational experience. Contact Information: Chonradsadornumrung School [email protected] 038-282-571 Send Resume You can either send your resume to the employer yourself at the email address above, or you can create a resume on ajarn.com to easily send to employers at any time with just a few clicks! Create a resume on ajarn.com"
ajarn,157632,https://www.ajarn.com/recruitment/jobs/157632/english-teacher-in-kamphaeng-phet,Sponsors,Satit School,Kamphaeng Phet,Thailand,"38,000",THB,,,12 months,18th May,keappm@gmail.com,,2 weeks ago,"English Teacher Posted 2 weeks ago Foreign Teacher Needed (Immediate Start Start Date: 18th May Contract: 12 Months Location: Satit school Kamphaeng Phet Salary: 38,000 BAHT To Apply:Line ID: siwaphon Phone: 0894610365 e mail : [email protected] Send Resume You can either send your resume to the employer yourself at the email address above, or you can create a resume on ajarn.com to easily send to employers at any time with just a few clicks! Create a resume on ajarn.com","English Teacher Posted 2 weeks ago Foreign Teacher Needed (Immediate Start Start Date: 18th May Contract: 12 Months Location: Satit school Kamphaeng Phet Salary: 38,000 BAHT To Apply:Line ID: siwaphon Phone: 0894610365 e mail : [email protected] Send Resume You can either send your resume to the employer yourself at the email address above, or you can create a resume on ajarn.com to easily send to employers at any time with just a few clicks! Create a resume on ajarn.com"
ajarn,157714,https://www.ajarn.com/recruitment/jobs/157714/primary-art-and-music-teacher-in-tak,Sponsors,Kasalong Kids International School (KKIS),Mae Sot,Thailand,,,,,,July-August 2026,englishclubkkhr@gmail.com,https://docs.google.com/document/d/1EU6rv_F-hhRxTbHd05wvWbHFAwwWEYUR/edit?usp=sharing&ouid=105230797629146478162&rtpof=true&sd=true,2 weeks ago,"Primary Art and Music Teacher Posted 2 weeks ago Primary Art & Music Teacher (& KS3 Support) School: Kasalong Kids International School (KKIS), Thailand Curriculum: British Curriculum Location: Mae Sot, Northwestern Thailand (Thai–Myanmar Border) Job Type & Start: Full-time (start July-August 2026) Job Summary The Art & Music Teacher is responsible for delivering engaging and high-quality Art and Music education across Years 1–6, while supporting Health and PSHE coverage and contributing to the development of KS3 (Year 7+) programmes. The role promotes creativity, performance, wellbeing, and the 4Cs (Communication, Collaboration, Creativity, Critical Thinking) through a cross-curricular and inclusive approach. https://docs.google.com/document/d/1EU6rv_F-hhRxTbHd05wvWbHFAwwWEYUR/edit?usp=sharing&ouid=105230797629146478162&rtpof=true&sd=true Send Resume You can either send your resume to the employer yourself at the email address above, or you can create a resume on ajarn.com to easily send to employers at any time with just a few clicks! Create a resume on ajarn.com","Primary Art and Music Teacher Posted 2 weeks ago Primary Art & Music Teacher (& KS3 Support) School: Kasalong Kids International School (KKIS), Thailand Curriculum: British Curriculum Location: Mae Sot, Northwestern Thailand (Thai–Myanmar Border) Job Type & Start: Full-time (start July-August 2026) Job Summary The Art & Music Teacher is responsible for delivering engaging and high-quality Art and Music education across Years 1–6, while supporting Health and PSHE coverage and contributing to the development of KS3 (Year 7+) programmes. The role promotes creativity, performance, wellbeing, and the 4Cs (Communication, Collaboration, Creativity, Critical Thinking) through a cross-curricular and inclusive approach. https://docs.google.com/document/d/1EU6rv_F-hhRxTbHd05wvWbHFAwwWEYUR/edit?usp=sharing&ouid=105230797629146478162&rtpof=true&sd=true Send Resume You can either send your resume to the employer yourself at the email address above, or you can create a resume on ajarn.com to easily send to employers at any time with just a few clicks! Create a resume on ajarn.com"
ajarn,157713,https://www.ajarn.com/recruitment/jobs/157713/one-mathematics-teacher-and-one-english-teacher-in-bangkok,Sponsors,,Bangkok,Thailand,"40,000",THB,Bachelor,,,as soon as possible / end of May/early June,abrehartp@hotmail.com,,2 weeks ago,"Mathematics Teacher and English Teacher Posted 2 weeks ago Required: One Full -Time Teacher for Mathematics and One Full -Time Teacher for English for the English Program at a Secondary/High School in Bangkok, Thailand. 1. Mathematics Teacher (M1-M3) - to start as soon as possible. [Due to a recent resignation] 2. English Teacher (M1-M5) - to start at end of May/early June. [This position was recently advertised in April/May but due to change with the start date the selection/interview process was put on hold until now]. Qualifications – Bachelor degree holders in English or Mathematics or related fields to these teaching positions – Please give more details of degree including original degree and transcripts. Teaching Experience – at least 2 years - please give details specific to the subjects? Familiar with Thai culture. You will need to have strong and clear communication skills, be a motivator, the ability to work independently and be a part of a team. Be a positive and enthusiastic member of our school community. Interviews will be conducted at the school soon after 18th May 2026. The school is located near to Rama 1 – BTS National Stadium, MBK and MRT Hua Lamphong - Central Bangkok. English Native Speaker and currently in Thailand. Salary = 40,000 Thai baht per month. Please submit a CV (two pages max), covering letter, scans of your qualification certificates, a recent photo and declare your current visa status. Send your application addressed to the Head of Foreign Te","Mathematics Teacher and English Teacher Posted 2 weeks ago Required: One Full -Time Teacher for Mathematics and One Full -Time Teacher for English for the English Program at a Secondary/High School in Bangkok, Thailand. 1. Mathematics Teacher (M1-M3) - to start as soon as possible. [Due to a recent resignation] 2. English Teacher (M1-M5) - to start at end of May/early June. [This position was recently advertised in April/May but due to change with the start date the selection/interview process was put on hold until now]. Qualifications – Bachelor degree holders in English or Mathematics or related fields to these teaching positions – Please give more details of degree including original degree and transcripts. Teaching Experience – at least 2 years - please give details specific to the subjects? Familiar with Thai culture. You will need to have strong and clear communication skills, be a motivator, the ability to work independently and be a part of a team. Be a positive and enthusiastic member of our school community. Interviews will be conducted at the school soon after 18th May 2026. The school is located near to Rama 1 – BTS National Stadium, MBK and MRT Hua Lamphong - Central Bangkok. English Native Speaker and currently in Thailand. Salary = 40,000 Thai baht per month. Please submit a CV (two pages max), covering letter, scans of your qualification certificates, a recent photo and declare your current visa status. Send your application addressed to the Head of Foreign Teachers at the following email [email protected] Thank You. Send Resume You can either send your resume to the employer yourself at the email address above, or you can create a resume on ajarn.com to easily send to employers at any time with just a few clicks! Create a resume on ajarn.com"
ajarn,157700,https://www.ajarn.com/recruitment/jobs/157700/english-teacher-in-phuket,Sponsors,Phuketwittayalai School,Phuket Town,Thailand,"33,000",THB,Bachelor,,one year,ASAP,foreign@pkw.ac.th,,2 weeks ago,"English Teacher Posted 2 weeks ago Phuketwittayalai School in Phuket Town is looking for an English teacher to join our team, starting ASAP. Contract length is one year. (We request to find the teacher who resides in Thailand recently.) Salary is 33,000 Baht per month. Besides the salary, you will receive more as follows: 1) Native Speakers = 5,000 baht One year visa and work permit will be paid by the school since the first year. Minimum Job Requirements: 1. Native English Speaker 2. Bachelor's Degree 3. TEFL Certification 4. Transcript 5. Criminal Check Report from the home country and from Thailand (if you have experiences of work in Thailand) Apply by sending email attached with your CV and copies of passport, BA certificate, TEFL certificate, transcript and criminal check report to [email protected] ad CC to [email protected] Send Resume You can either send your resume to the employer yourself at the email address above, or you can create a resume on ajarn.com to easily send to employers at any time with just a few clicks! Create a resume on ajarn.com","English Teacher Posted 2 weeks ago Phuketwittayalai School in Phuket Town is looking for an English teacher to join our team, starting ASAP. Contract length is one year. (We request to find the teacher who resides in Thailand recently.) Salary is 33,000 Baht per month. Besides the salary, you will receive more as follows: 1) Native Speakers = 5,000 baht One year visa and work permit will be paid by the school since the first year. Minimum Job Requirements: 1. Native English Speaker 2. Bachelor's Degree 3. TEFL Certification 4. Transcript 5. Criminal Check Report from the home country and from Thailand (if you have experiences of work in Thailand) Apply by sending email attached with your CV and copies of passport, BA certificate, TEFL certificate, transcript and criminal check report to [email protected] ad CC to [email protected] Send Resume You can either send your resume to the employer yourself at the email address above, or you can create a resume on ajarn.com to easily send to employers at any time with just a few clicks! Create a resume on ajarn.com"
ajarn,157699,https://www.ajarn.com/recruitment/jobs/157699/nes-non-nes-pre-kindergarten-teacher-in-nakhon-pathom,Sponsors,Earl Montessori,"Nakorn Pathom and Prawet, Bangkok",Thailand,25K - 45K Baht,THB,Bachelor,,,,recruit@earlmontessori.com,,2 weeks ago,"NES / Non-NES Pre-Kindergarten Teacher Posted 2 weeks ago 🔥🔥 WE NEED NATIVE or NON NATIVE SPEAKER PRE-KINDERGARTEN TEACHER 3 POSITIONS Location: Nakorn Pathom Branch(BAAN NIRATI NAKHONPATHOM by Central Pattana) and Prawet, Bangkok. Earl Montessori is seeking a passionate and dedicated Early Years Montessori Teacher to join our team. The ideal candidate will foster a nurturing and engaging environment for young children, using Montessori principles to encourage their natural curiosity and love for learning. 💰 Salary : 25K - 45K Baht (negotiable and depend on experiences) Requirement... 📌 CV with a profile photo 🔥 Native Speakers or Non Native 📌 One of the Teaching certificate (certificated will have special consideration) - Montessori - Phonics - TEFL TESOL TEYL 📌 Passport front page 📌 Female only 📌 Bachelor's degree holder (Preferred education or early year education ) 🔆 First aid & CPR training / Montessori & Phonics training in house. Working 5 days/week Please send your CV to [email protected] Send Resume You can either send your resume to the employer yourself at the email address above, or you can create a resume on ajarn.com to easily send to employers at any time with just a few clicks! Create a resume on ajarn.com","NES / Non-NES Pre-Kindergarten Teacher Posted 2 weeks ago 🔥🔥 WE NEED NATIVE or NON NATIVE SPEAKER PRE-KINDERGARTEN TEACHER 3 POSITIONS Location: Nakorn Pathom Branch(BAAN NIRATI NAKHONPATHOM by Central Pattana) and Prawet, Bangkok. Earl Montessori is seeking a passionate and dedicated Early Years Montessori Teacher to join our team. The ideal candidate will foster a nurturing and engaging environment for young children, using Montessori principles to encourage their natural curiosity and love for learning. 💰 Salary : 25K - 45K Baht (negotiable and depend on experiences) Requirement... 📌 CV with a profile photo 🔥 Native Speakers or Non Native 📌 One of the Teaching certificate (certificated will have special consideration) - Montessori - Phonics - TEFL TESOL TEYL 📌 Passport front page 📌 Female only 📌 Bachelor's degree holder (Preferred education or early year education ) 🔆 First aid & CPR training / Montessori & Phonics training in house. Working 5 days/week Please send your CV to [email protected] Send Resume You can either send your resume to the employer yourself at the email address above, or you can create a resume on ajarn.com to easily send to employers at any time with just a few clicks! Create a resume on ajarn.com"
ajarn,157694,https://www.ajarn.com/recruitment/jobs/157694/homeroom-teacher-vacancies-in-chumphon,Sponsors,Theodore International School (TIS),Chumphon,Thailand,"39,000 - 47,000",THB,Bachelor,,,"August 1, 2026",gg@tis.ac.th,,2 weeks ago,"Homeroom Teachers Posted 2 weeks ago Salary: 39 - 47,000 THB (see details below) Job description: Homeroom Teachers, multiple positions (K-12: ECE, G1-12) Subjects include Science, Math, Language Arts (reading, writing, word study), Social Studies, Art and Technology. Salary: 39,000 baht/month (base), (includes housing and food stipends). Benefits: Low-cost housing (3k) on campus, free lunch on working days. Health insurance for teachers who sign multiple year contracts. Extra Income opportunities @500 bt/hour (4-8000 baht per month) tutoring TIS students. Summer School course tutoring available for interested teachers in June @500 bt/hour. Holidays: Theodore International School offers a generous paid holiday schedule so teachers can enjoy a sustainable work-life balance. The 2025-26 school calendar included 35 paid holidays for teachers between August and June, with longer breaks over Christmas/New Year and Thai Songkran in April. Start Date: August 1, 2026 End Date: June 4th, 2027 Documents You Would Need to Provide: Passport Bachelor's Degree (or higher) Transcript for Degree Background Check Teaching hours would not exceed 20 hours a week. Extra duties such as student monitoring (variable according to your skill set) will not exceed 5 hours per week. Job Type: Full-time Language: English (required). Non-native speakers with excellent language skills are encouraged to apply. Education: Bachelor's Degree Desired (but not essential) Skills: Previous teaching experience TEFL","Homeroom Teachers Posted 2 weeks ago Salary: 39 - 47,000 THB (see details below) Job description: Homeroom Teachers, multiple positions (K-12: ECE, G1-12) Subjects include Science, Math, Language Arts (reading, writing, word study), Social Studies, Art and Technology. Salary: 39,000 baht/month (base), (includes housing and food stipends). Benefits: Low-cost housing (3k) on campus, free lunch on working days. Health insurance for teachers who sign multiple year contracts. Extra Income opportunities @500 bt/hour (4-8000 baht per month) tutoring TIS students. Summer School course tutoring available for interested teachers in June @500 bt/hour. Holidays: Theodore International School offers a generous paid holiday schedule so teachers can enjoy a sustainable work-life balance. The 2025-26 school calendar included 35 paid holidays for teachers between August and June, with longer breaks over Christmas/New Year and Thai Songkran in April. Start Date: August 1, 2026 End Date: June 4th, 2027 Documents You Would Need to Provide: Passport Bachelor's Degree (or higher) Transcript for Degree Background Check Teaching hours would not exceed 20 hours a week. Extra duties such as student monitoring (variable according to your skill set) will not exceed 5 hours per week. Job Type: Full-time Language: English (required). Non-native speakers with excellent language skills are encouraged to apply. Education: Bachelor's Degree Desired (but not essential) Skills: Previous teaching experience TEFL or similar diploma Education Technology experience and/or familiarity with Google Classroom or similar education platforms. Expected Start Date: 01/08/2026 Theodore International School (TIS) – Chumphon, Thailand Join a rapidly expanding, progressive institution dedicated to 21st-century education. Located just 10 minutes from downtown Chumphon, TIS offers a high-tech learning environment where Google Classroom and Blended Learning are fully integrated. Our modern campus features exceptional facilities, including swimming pools, a grass football pitch, a brand-new sports center, and a dedicated faculty hub. Life in Chumphon: Experience the best of Southern Thailand in a pollution-free environment surrounded by tropical beaches. While world-famous islands like Koh Tao and Koh Samui are a quick boat ride away, the local area offers a charming, affordable lifestyle with costs significantly lower than Bangkok or Phuket. Teacher Benefits & Culture: Support: Free lunches, on-campus housing options, and assistance with local rentals/transport. Technology: Classrooms equipped with smartboards, high-speed Wi-Fi, and individual student devices. Dress Code: A relaxed yet respectful attire policy including provided school polos, and casual Fridays. Send Resume You can either send your resume to the employer yourself at the email address above, or you can create a resume on ajarn.com to easily send to employers at any time with just a few clicks! Create a resume on ajarn.com"
ajarn,157691,https://www.ajarn.com/recruitment/jobs/157691/nes-teachers-for-kindergarten-and-primary-in-chiang-mai,Sponsors,Kasintorn Saint James Chiang Mai School,Chiang Mai,Thailand,38k-40k,THB,Bachelor,,,May 2026,ksjames0150@gmail.com,,2 weeks ago,"NES Kindergarten and Primary Teachers Posted 2 weeks ago Job Description: We are seeking passionate and dedicated Native English-speaking (NES) teachers to join our vibrant and diverse educational community starting this May 2026. This role is ideal for individuals who are enthusiastic about fostering students' language skills and cultural understanding in an engaging classroom environment. Responsibilities: • Teach students with varying proficiency levels. • Prepare lesson plans, activities, and assessments in line with the school curriculum. • Use a variety of teaching methods to cater to different learning styles. • Participate in school events and activities. • Collaborate with colleagues to maintain a positive and productive learning environment. Position Details: • Subjects: English, Science, Social Studies, Mathematics • Position: Kindergarten 1 and Primary1 teachers • Start Date: May 2026/ Immediate • Location: Chiang Mai, Thailand • Contract Type: Full-time Qualifications: • Native English speaker from an English-speaking country (USA, UK, Canada, Australia, New Zealand, Ireland, South Africa). • At least a Bachelor’s degree holder • Teaching certification (TEFL, TESOL, or equivalent for English; teaching qualifications in other subjects preferred) • Experience teaching in primary education • Passionate about education and student-centered learning • Flexibility and adaptability to changing circumstances. Benefits: • 38k-40k baht per month • Work visa and work permit","NES Kindergarten and Primary Teachers Posted 2 weeks ago Job Description: We are seeking passionate and dedicated Native English-speaking (NES) teachers to join our vibrant and diverse educational community starting this May 2026. This role is ideal for individuals who are enthusiastic about fostering students' language skills and cultural understanding in an engaging classroom environment. Responsibilities: • Teach students with varying proficiency levels. • Prepare lesson plans, activities, and assessments in line with the school curriculum. • Use a variety of teaching methods to cater to different learning styles. • Participate in school events and activities. • Collaborate with colleagues to maintain a positive and productive learning environment. Position Details: • Subjects: English, Science, Social Studies, Mathematics • Position: Kindergarten 1 and Primary1 teachers • Start Date: May 2026/ Immediate • Location: Chiang Mai, Thailand • Contract Type: Full-time Qualifications: • Native English speaker from an English-speaking country (USA, UK, Canada, Australia, New Zealand, Ireland, South Africa). • At least a Bachelor’s degree holder • Teaching certification (TEFL, TESOL, or equivalent for English; teaching qualifications in other subjects preferred) • Experience teaching in primary education • Passionate about education and student-centered learning • Flexibility and adaptability to changing circumstances. Benefits: • 38k-40k baht per month • Work visa and work permit assistance • Paid leaves and public holidays • Complimentary lunch How to Apply: Please send your CV, cover letter, Degree Certificate, Transcript of Records, and a recent photo to [email protected] with the subject line ""NES Teacher Application – Primary or Kindergarten."" Applications will be accepted on a rolling basis until positions are filled. Note: Only shortlisted candidates will be contacted for an interview. Send Resume You can either send your resume to the employer yourself at the email address above, or you can create a resume on ajarn.com to easily send to employers at any time with just a few clicks! Create a resume on ajarn.com"
ajarn,157690,https://www.ajarn.com/recruitment/jobs/157690/part-time-jobs-bangkok-samutprakan-onsite-in-bangkok,Sponsors,Le Education Business Solutions (LEEBS),Bangkok – Samut Prakan,Thailand,400-600 THB/hour,THB,Bachelor,,,,louerush@gmail.com,,2 weeks ago,"Part-time Teachers Posted 2 weeks ago Le Education Business Solutions (LEEBS) “Leading Excellence in Education and Professional Teacher Training” 📢 Position Part-Time Teacher (Bangkok – Samut Prakan, Onsite) 🧭 Job Details Deliver engaging, hands-on lessons based on KinderCrafts™ curriculum Programs may include: SciArts BusinessMindKids LifeSkills Lab Fit & Fun Kids NatureLens EnglArts Classes are conducted onsite at the center Typical schedule: 1–2 hours daily (weekends) ✅ Qualifications Bachelor’s degree (Education, Early Childhood, Primary Education, or related field preferred) Experience working with children aged 2.5–12 years High level of English proficiency Strong classroom management & organizational skills Creative, energetic, and enthusiastic personality Professional, punctual, reliable, and team-oriented ⚙️ Work Conditions 📍 Location: Onsite at the center ⏰ Working hours: 1–2 hours daily Time slots: 9:30–11:30 AM OR 1:00–5:00 PM 📦 Teaching materials: Provided (lesson plans included) 💰 Compensation: 400–600 THB/hour (depending on number of students) 🌍 Preferred candidates: Native English speakers & Europeans 📩 How to Apply Send your resume to: [email protected] Subject: Job Application for Samutprakan Include: Availability (days & time for interview) Updated CV/Resume with profile picture Current location Short self-introduction video Send Resume You can either send your resume to the employer yourself at the email address above, or you can create a resume on ajarn.c","Part-time Teachers Posted 2 weeks ago Le Education Business Solutions (LEEBS) “Leading Excellence in Education and Professional Teacher Training” 📢 Position Part-Time Teacher (Bangkok – Samut Prakan, Onsite) 🧭 Job Details Deliver engaging, hands-on lessons based on KinderCrafts™ curriculum Programs may include: SciArts BusinessMindKids LifeSkills Lab Fit & Fun Kids NatureLens EnglArts Classes are conducted onsite at the center Typical schedule: 1–2 hours daily (weekends) ✅ Qualifications Bachelor’s degree (Education, Early Childhood, Primary Education, or related field preferred) Experience working with children aged 2.5–12 years High level of English proficiency Strong classroom management & organizational skills Creative, energetic, and enthusiastic personality Professional, punctual, reliable, and team-oriented ⚙️ Work Conditions 📍 Location: Onsite at the center ⏰ Working hours: 1–2 hours daily Time slots: 9:30–11:30 AM OR 1:00–5:00 PM 📦 Teaching materials: Provided (lesson plans included) 💰 Compensation: 400–600 THB/hour (depending on number of students) 🌍 Preferred candidates: Native English speakers & Europeans 📩 How to Apply Send your resume to: [email protected] Subject: Job Application for Samutprakan Include: Availability (days & time for interview) Updated CV/Resume with profile picture Current location Short self-introduction video Send Resume You can either send your resume to the employer yourself at the email address above, or you can create a resume on ajarn.com to easily send to employers at any time with just a few clicks! Create a resume on ajarn.com"
ajarn,157689,https://www.ajarn.com/recruitment/jobs/157689/nes-teacher-in-nonthaburi,Sponsors,Knightsbridge House International School,Nonthaburi,Thailand,"THB 55,000",THB,Bachelor,,,,hr@kbh.co.th,,2 weeks ago,"NES Teacher Posted 2 weeks ago Key Responsibilities: - Plan, prepare, and deliver dynamic English lessons aligned with the school’s curriculum and learning outcomes. - Foster an inclusive and engaging classroom environment that supports diverse learning needs and styles. - Develop students’ literacy skills, critical thinking, and creativity through interactive teaching strategies. - Assess, record, and report on students’ academic progress and personal development. - Participate in school events, assemblies, extracurricular activities, and professional development programs. - Collaborate with colleagues, parents, and school leadership to support student success and well-being. - Maintain high professional and ethical standards consistent with the school’s vision and values. - Stay current with educational best practices and integrate relevant teaching technologies into lessons. Qualifications & Experience: - Native English speaker (from the UK, USA, Canada, Australia, or New Zealand). - Bachelor’s degree in Education, English, Linguistics, or a related field (Master’s degree would be a plus). - Teaching qualification (e.g., PGCE, B.Ed., TEFL/TESOL/CELTA) required. - Minimum 2 years of teaching experience (preferably in an international or bilingual school setting). - Strong classroom management, communication, and interpersonal skills. - Culturally sensitive, adaptable, and committed to the holistic development of students. Send Resume You can either send your resume to the e","NES Teacher Posted 2 weeks ago Key Responsibilities: - Plan, prepare, and deliver dynamic English lessons aligned with the school’s curriculum and learning outcomes. - Foster an inclusive and engaging classroom environment that supports diverse learning needs and styles. - Develop students’ literacy skills, critical thinking, and creativity through interactive teaching strategies. - Assess, record, and report on students’ academic progress and personal development. - Participate in school events, assemblies, extracurricular activities, and professional development programs. - Collaborate with colleagues, parents, and school leadership to support student success and well-being. - Maintain high professional and ethical standards consistent with the school’s vision and values. - Stay current with educational best practices and integrate relevant teaching technologies into lessons. Qualifications & Experience: - Native English speaker (from the UK, USA, Canada, Australia, or New Zealand). - Bachelor’s degree in Education, English, Linguistics, or a related field (Master’s degree would be a plus). - Teaching qualification (e.g., PGCE, B.Ed., TEFL/TESOL/CELTA) required. - Minimum 2 years of teaching experience (preferably in an international or bilingual school setting). - Strong classroom management, communication, and interpersonal skills. - Culturally sensitive, adaptable, and committed to the holistic development of students. Send Resume You can either send your resume to the employer yourself at the email address above, or you can create a resume on ajarn.com to easily send to employers at any time with just a few clicks! Create a resume on ajarn.com"
ajarn,157687,https://www.ajarn.com/recruitment/jobs/157687/english-teacher-primary-level-bilingual-program-in-udon-thani,Sponsors,Santitham Wittaya School,Udon Thani,Thailand,Competitive,,Teaching Qualification,,,As Soon As Possible,fareeda2musa@gmail.com,,2 weeks ago,"Primary Level English Teacher Posted 2 weeks ago Native English Teacher – Primary Level (Bilingual Program) 📍 Santitham Wittaya School, Udon Thani, Thailand 🗓 Start Date: As Soon As Possible About Us At Santitham Wittaya School, our vision is: “Nurturing young minds to become kind and happy lifelong learners.” Our goal is for every child to develop a love for learning, become well-rounded individuals, and gain the skills needed to grow into responsible global citizens. We are currently seeking a passionate, caring, and qualified Native English Teacher to join our friendly and supportive team. This is an exciting opportunity for a dedicated educator who is adaptable, enthusiastic, and committed to building strong relationships with students, parents, and the wider school community while delivering high-quality education tailored to each child’s needs. Position Primary Level English Teacher – Bilingual Program Qualifications & Experience Recognized Early Years or Primary Teaching Qualification Minimum of 2 years teaching experience Excellent knowledge of primary stage curricula Experience with child-centered teaching approaches Strong understanding of child development for children aged 6–12 Experience teaching students with English as an additional language (preferred) Personal Qualities Passion for inspiring children and fostering a love of learning Ability to support and challenge students to achieve their full potential Willingness to contribute positively to all aspects of","Primary Level English Teacher Posted 2 weeks ago Native English Teacher – Primary Level (Bilingual Program) 📍 Santitham Wittaya School, Udon Thani, Thailand 🗓 Start Date: As Soon As Possible About Us At Santitham Wittaya School, our vision is: “Nurturing young minds to become kind and happy lifelong learners.” Our goal is for every child to develop a love for learning, become well-rounded individuals, and gain the skills needed to grow into responsible global citizens. We are currently seeking a passionate, caring, and qualified Native English Teacher to join our friendly and supportive team. This is an exciting opportunity for a dedicated educator who is adaptable, enthusiastic, and committed to building strong relationships with students, parents, and the wider school community while delivering high-quality education tailored to each child’s needs. Position Primary Level English Teacher – Bilingual Program Qualifications & Experience Recognized Early Years or Primary Teaching Qualification Minimum of 2 years teaching experience Excellent knowledge of primary stage curricula Experience with child-centered teaching approaches Strong understanding of child development for children aged 6–12 Experience teaching students with English as an additional language (preferred) Personal Qualities Passion for inspiring children and fostering a love of learning Ability to support and challenge students to achieve their full potential Willingness to contribute positively to all aspects of school life Strong interpersonal and teamwork skills Ability to use ICT to enhance teaching and learning Good organizational and administrative skills Strong communication skills Understanding of the needs and opportunities within an international school community Positive attitude, flexibility, and a proactive mindset Benefits Competitive salary Full support and coverage for Non-B Visa Full support and coverage for Work Permit Accommodation assistance Free lunch and dinner Ongoing professional development and training opportunities How to Apply Please send your: Cover Letter Resume/CV 📧 Email: [email protected] We look forward to welcoming a dedicated educator to our Santitham Wittaya School family! Send Resume You can either send your resume to the employer yourself at the email address above, or you can create a resume on ajarn.com to easily send to employers at any time with just a few clicks! Create a resume on ajarn.com"
